cyclone_id,target_t_timestamp,vmax_curr,actual_plus_6h,actual_plus_12h,actual_plus_24h,oracle_plus_6h,oracle_plus_12h,oracle_plus_24h,cnn_hold_plus_6h,cnn_hold_plus_12h,cnn_hold_plus_24h
200305W,2003052500,25.0,30.0,30.0,45.0,25.0,25.0,25.0,26.8557,26.8557,26.8557
200305W,2003052503,28.0,30.0,38.0,45.0,28.0,28.0,28.0,26.069092,26.069092,26.069092
200305W,2003052506,30.0,30.0,45.0,45.0,30.0,30.0,30.0,32.269855,32.269855,32.269855
200305W,2003052509,30.0,38.0,45.0,45.0,30.0,30.0,30.0,35.661785,35.661785,35.661785
200305W,2003052512,30.0,45.0,45.0,45.0,30.0,30.0,30.0,35.66693,35.66693,35.66693
200305W,2003052515,38.0,45.0,45.0,50.0,38.0,38.0,38.0,26.587002,26.587002,26.587002
200305W,2003052518,45.0,45.0,45.0,55.0,45.0,45.0,45.0,30.941578,30.941578,30.941578
200305W,2003052521,45.0,45.0,45.0,55.0,45.0,45.0,45.0,30.22113,30.22113,30.22113
200305W,2003052600,45.0,45.0,45.0,55.0,45.0,45.0,45.0,30.46017,30.46017,30.46017
200305W,2003052603,45.0,45.0,50.0,50.0,45.0,45.0,45.0,37.416782,37.416782,37.416782
200305W,2003052606,45.0,45.0,55.0,45.0,45.0,45.0,45.0,31.369099,31.369099,31.369099
200305W,2003052609,45.0,50.0,55.0,40.0,45.0,45.0,45.0,32.13245,32.13245,32.13245
200305W,2003052612,45.0,55.0,55.0,35.0,45.0,45.0,45.0,38.201782,38.201782,38.201782
200305W,2003052615,50.0,55.0,50.0,35.0,50.0,50.0,50.0,24.919432,24.919432,24.919432
200305W,2003052618,55.0,55.0,45.0,35.0,55.0,55.0,55.0,31.110605,31.110605,31.110605
200305W,2003052621,55.0,50.0,40.0,33.0,55.0,55.0,55.0,30.201687,30.201687,30.201687
200305W,2003052700,55.0,45.0,35.0,30.0,55.0,55.0,55.0,36.298164,36.298164,36.298164
200305W,2003052703,50.0,40.0,35.0,30.0,50.0,50.0,50.0,35.830692,35.830692,35.830692
200305W,2003052706,45.0,35.0,35.0,30.0,45.0,45.0,45.0,39.970863,39.970863,39.970863
200305W,2003052709,40.0,35.0,33.0,30.0,40.0,40.0,40.0,32.589855,32.589855,32.589855
200305W,2003052712,35.0,35.0,30.0,30.0,35.0,35.0,35.0,40.509163,40.509163,40.509163
200305W,2003052715,35.0,33.0,30.0,30.0,35.0,35.0,35.0,32.558647,32.558647,32.558647
200305W,2003052718,35.0,30.0,30.0,30.0,35.0,35.0,35.0,30.004969,30.004969,30.004969
200305W,2003052721,33.0,30.0,30.0,33.0,33.0,33.0,33.0,25.615747,25.615747,25.615747
200305W,2003052800,30.0,30.0,30.0,35.0,30.0,30.0,30.0,26.218483,26.218483,26.218483
200305W,2003052803,30.0,30.0,30.0,35.0,30.0,30.0,30.0,25.849709,25.849709,25.849709
200305W,2003052806,30.0,30.0,30.0,35.0,30.0,30.0,30.0,25.306648,25.306648,25.306648
200305W,2003052809,30.0,30.0,33.0,40.0,30.0,30.0,30.0,24.812092,24.812092,24.812092
200305W,2003052812,30.0,30.0,35.0,45.0,30.0,30.0,30.0,25.539133,25.539133,25.539133
200305W,2003052815,30.0,33.0,35.0,50.0,30.0,30.0,30.0,29.52238,29.52238,29.52238
200305W,2003052818,30.0,35.0,35.0,55.0,30.0,30.0,30.0,31.38066,31.38066,31.38066
200305W,2003052821,33.0,35.0,40.0,55.0,33.0,33.0,33.0,30.676945,30.676945,30.676945
200305W,2003052900,35.0,35.0,45.0,55.0,35.0,35.0,35.0,27.838287,27.838287,27.838287
200305W,2003052903,35.0,40.0,50.0,55.0,35.0,35.0,35.0,31.403059,31.403059,31.403059
200305W,2003052906,35.0,45.0,55.0,55.0,35.0,35.0,35.0,33.963913,33.963913,33.963913
200305W,2003052909,40.0,50.0,55.0,55.0,40.0,40.0,40.0,43.863903,43.863903,43.863903
200305W,2003052912,45.0,55.0,55.0,55.0,45.0,45.0,45.0,39.069317,39.069317,39.069317
200305W,2003052915,50.0,55.0,55.0,53.0,50.0,50.0,50.0,43.559986,43.559986,43.559986
200305W,2003052918,55.0,55.0,55.0,50.0,55.0,55.0,55.0,41.104805,41.104805,41.104805
200308W,2003071506,20.0,25.0,25.0,30.0,20.0,20.0,20.0,25.371002,25.371002,25.371002
200308W,2003071509,23.0,25.0,28.0,30.0,23.0,23.0,23.0,24.61001,24.61001,24.61001
200308W,2003071512,25.0,25.0,30.0,30.0,25.0,25.0,25.0,26.729721,26.729721,26.729721
200308W,2003071515,25.0,28.0,30.0,35.0,25.0,25.0,25.0,21.70262,21.70262,21.70262
200308W,2003071518,25.0,30.0,30.0,40.0,25.0,25.0,25.0,22.94604,22.94604,22.94604
200308W,2003071521,28.0,30.0,30.0,43.0,28.0,28.0,28.0,29.207296,29.207296,29.207296
200308W,2003071600,30.0,30.0,30.0,45.0,30.0,30.0,30.0,33.6405,33.6405,33.6405
200308W,2003071603,30.0,30.0,35.0,43.0,30.0,30.0,30.0,30.524422,30.524422,30.524422
200308W,2003071606,30.0,30.0,40.0,40.0,30.0,30.0,30.0,27.700603,27.700603,27.700603
200308W,2003071609,30.0,35.0,43.0,40.0,30.0,30.0,30.0,35.04005,35.04005,35.04005
200308W,2003071612,30.0,40.0,45.0,40.0,30.0,30.0,30.0,32.421585,32.421585,32.421585
200308W,2003071615,35.0,43.0,43.0,40.0,35.0,35.0,35.0,26.643883,26.643883,26.643883
200308W,2003071618,40.0,45.0,40.0,40.0,40.0,40.0,40.0,31.299908,31.299908,31.299908
200308W,2003071621,43.0,43.0,40.0,43.0,43.0,43.0,43.0,36.404,36.404,36.404
200308W,2003071700,45.0,40.0,40.0,45.0,45.0,45.0,45.0,28.02914,28.02914,28.02914
200308W,2003071703,43.0,40.0,40.0,45.0,43.0,43.0,43.0,27.71035,27.71035,27.71035
200308W,2003071706,40.0,40.0,40.0,45.0,40.0,40.0,40.0,37.77205,37.77205,37.77205
200308W,2003071709,40.0,40.0,43.0,45.0,40.0,40.0,40.0,42.830826,42.830826,42.830826
200308W,2003071712,40.0,40.0,45.0,45.0,40.0,40.0,40.0,33.843098,33.843098,33.843098
200308W,2003071715,40.0,43.0,45.0,45.0,40.0,40.0,40.0,31.605661,31.605661,31.605661
200308W,2003071718,40.0,45.0,45.0,45.0,40.0,40.0,40.0,31.003292,31.003292,31.003292
200308W,2003071721,43.0,45.0,45.0,45.0,43.0,43.0,43.0,28.484121,28.484121,28.484121
200308W,2003071800,45.0,45.0,45.0,45.0,45.0,45.0,45.0,30.518644,30.518644,30.518644
200308W,2003071803,45.0,45.0,45.0,45.0,45.0,45.0,45.0,32.18143,32.18143,32.18143
200308W,2003071806,45.0,45.0,45.0,45.0,45.0,45.0,45.0,49.805035,49.805035,49.805035
200308W,2003071809,45.0,45.0,45.0,45.0,45.0,45.0,45.0,39.668736,39.668736,39.668736
200308W,2003071812,45.0,45.0,45.0,45.0,45.0,45.0,45.0,28.717464,28.717464,28.717464
200308W,2003071815,45.0,45.0,45.0,48.0,45.0,45.0,45.0,32.385147,32.385147,32.385147
200308W,2003071818,45.0,45.0,45.0,50.0,45.0,45.0,45.0,34.262455,34.262455,34.262455
200308W,2003071821,45.0,45.0,45.0,55.0,45.0,45.0,45.0,43.10186,43.10186,43.10186
200308W,2003071900,45.0,45.0,45.0,60.0,45.0,45.0,45.0,41.52541,41.52541,41.52541
200308W,2003071903,45.0,45.0,48.0,63.0,45.0,45.0,45.0,47.82484,47.82484,47.82484
200308W,2003071906,45.0,45.0,50.0,65.0,45.0,45.0,45.0,33.996044,33.996044,33.996044
200308W,2003071909,45.0,48.0,55.0,65.0,45.0,45.0,45.0,41.91042,41.91042,41.91042
200308W,2003071912,45.0,50.0,60.0,65.0,45.0,45.0,45.0,36.663895,36.663895,36.663895
200308W,2003071915,48.0,55.0,63.0,65.0,48.0,48.0,48.0,32.2513,32.2513,32.2513
200308W,2003071918,50.0,60.0,65.0,65.0,50.0,50.0,50.0,40.082897,40.082897,40.082897
200308W,2003071921,55.0,63.0,65.0,65.0,55.0,55.0,55.0,52.14365,52.14365,52.14365
200308W,2003072000,60.0,65.0,65.0,65.0,60.0,60.0,60.0,79.707085,79.707085,79.707085
200308W,2003072003,63.0,65.0,65.0,63.0,63.0,63.0,63.0,43.23301,43.23301,43.23301
200308W,2003072006,65.0,65.0,65.0,60.0,65.0,65.0,65.0,47.728794,47.728794,47.728794
200308W,2003072009,65.0,65.0,65.0,58.0,65.0,65.0,65.0,40.755093,40.755093,40.755093
200308W,2003072012,65.0,65.0,65.0,55.0,65.0,65.0,65.0,39.53943,39.53943,39.53943
200308W,2003072015,65.0,65.0,63.0,58.0,65.0,65.0,65.0,46.90407,46.90407,46.90407
200308W,2003072018,65.0,65.0,60.0,60.0,65.0,65.0,65.0,40.451374,40.451374,40.451374
200308W,2003072021,65.0,63.0,58.0,60.0,65.0,65.0,65.0,48.701332,48.701332,48.701332
200308W,2003072100,65.0,60.0,55.0,60.0,65.0,65.0,65.0,58.44176,58.44176,58.44176
200308W,2003072103,63.0,58.0,58.0,58.0,63.0,63.0,63.0,47.54721,47.54721,47.54721
200308W,2003072106,60.0,55.0,60.0,55.0,60.0,60.0,60.0,64.39702,64.39702,64.39702
200308W,2003072109,58.0,58.0,60.0,48.0,58.0,58.0,58.0,70.79447,70.79447,70.79447
200308W,2003072112,55.0,60.0,60.0,40.0,55.0,55.0,55.0,75.419685,75.419685,75.419685
200308W,2003072115,58.0,60.0,58.0,38.0,58.0,58.0,58.0,44.255688,44.255688,44.255688
200308W,2003072118,60.0,60.0,55.0,35.0,60.0,60.0,60.0,44.529015,44.529015,44.529015
200309E,2003082300,35.0,40.0,45.0,60.0,35.0,35.0,35.0,33.972076,33.972076,33.972076
200309E,2003082303,38.0,43.0,50.0,65.0,38.0,38.0,38.0,26.710585,26.710585,26.710585
200309E,2003082306,40.0,45.0,55.0,70.0,40.0,40.0,40.0,28.010132,28.010132,28.010132
200309E,2003082309,43.0,50.0,58.0,80.0,43.0,43.0,43.0,36.410366,36.410366,36.410366
200309E,2003082312,45.0,55.0,60.0,90.0,45.0,45.0,45.0,33.31152,33.31152,33.31152
200309E,2003082315,50.0,58.0,65.0,90.0,50.0,50.0,50.0,41.624947,41.624947,41.624947
200309E,2003082318,55.0,60.0,70.0,90.0,55.0,55.0,55.0,31.895168,31.895168,31.895168
200309E,2003082321,58.0,65.0,80.0,88.0,58.0,58.0,58.0,26.709156,26.709156,26.709156
200309E,2003082400,60.0,70.0,90.0,85.0,60.0,60.0,60.0,23.590324,23.590324,23.590324
200309E,2003082403,65.0,80.0,90.0,83.0,65.0,65.0,65.0,27.994085,27.994085,27.994085
200309E,2003082406,70.0,90.0,90.0,80.0,70.0,70.0,70.0,34.18109,34.18109,34.18109
200309E,2003082409,80.0,90.0,88.0,78.0,80.0,80.0,80.0,39.629436,39.629436,39.629436
200309E,2003082412,90.0,90.0,85.0,75.0,90.0,90.0,90.0,45.58282,45.58282,45.58282
200309E,2003082415,90.0,88.0,83.0,73.0,90.0,90.0,90.0,48.116737,48.116737,48.116737
200309E,2003082418,90.0,85.0,80.0,70.0,90.0,90.0,90.0,52.687935,52.687935,52.687935
200309E,2003082421,88.0,83.0,78.0,68.0,88.0,88.0,88.0,46.162758,46.162758,46.162758
200309E,2003082500,85.0,80.0,75.0,65.0,85.0,85.0,85.0,45.952938,45.952938,45.952938
200309E,2003082503,83.0,78.0,73.0,63.0,83.0,83.0,83.0,44.915623,44.915623,44.915623
200309E,2003082506,80.0,75.0,70.0,60.0,80.0,80.0,80.0,47.060658,47.060658,47.060658
200309E,2003082509,78.0,73.0,68.0,55.0,78.0,78.0,78.0,45.553905,45.553905,45.553905
200309E,2003082512,75.0,70.0,65.0,50.0,75.0,75.0,75.0,39.285202,39.285202,39.285202
200309E,2003082515,73.0,68.0,63.0,40.0,73.0,73.0,73.0,43.783188,43.783188,43.783188
200309E,2003082518,70.0,65.0,60.0,30.0,70.0,70.0,70.0,51.840626,51.840626,51.840626
200309E,2003082521,68.0,63.0,55.0,30.0,68.0,68.0,68.0,49.843647,49.843647,49.843647
200309E,2003082600,65.0,60.0,50.0,30.0,65.0,65.0,65.0,41.29918,41.29918,41.29918
200309E,2003082603,63.0,55.0,40.0,28.0,63.0,63.0,63.0,38.089725,38.089725,38.089725
200309E,2003082606,60.0,50.0,30.0,25.0,60.0,60.0,60.0,39.29606,39.29606,39.29606
200309E,2003082609,55.0,40.0,30.0,25.0,55.0,55.0,55.0,39.008183,39.008183,39.008183
200309E,2003082612,50.0,30.0,30.0,25.0,50.0,50.0,50.0,33.45013,33.45013,33.45013
200309E,2003082615,40.0,30.0,28.0,23.0,40.0,40.0,40.0,32.86382,32.86382,32.86382
200309E,2003082618,30.0,30.0,25.0,20.0,30.0,30.0,30.0,30.064169,30.064169,30.064169
200310L,2003082806,30.0,35.0,40.0,50.0,30.0,30.0,30.0,40.311684,40.311684,40.311684
200310L,2003082809,33.0,38.0,43.0,50.0,33.0,33.0,33.0,53.307583,53.307583,53.307583
200310L,2003082812,35.0,40.0,45.0,50.0,35.0,35.0,35.0,50.020996,50.020996,50.020996
200310L,2003082815,38.0,43.0,48.0,55.0,38.0,38.0,38.0,48.567142,48.567142,48.567142
200310L,2003082818,40.0,45.0,50.0,60.0,40.0,40.0,40.0,46.95109,46.95109,46.95109
200310L,2003082821,43.0,48.0,50.0,63.0,43.0,43.0,43.0,47.49677,47.49677,47.49677
200310L,2003082900,45.0,50.0,50.0,65.0,45.0,45.0,45.0,52.96145,52.96145,52.96145
200310L,2003082903,48.0,50.0,55.0,68.0,48.0,48.0,48.0,49.14372,49.14372,49.14372
200310L,2003082906,50.0,50.0,60.0,70.0,50.0,50.0,50.0,50.067234,50.067234,50.067234
200310L,2003082909,50.0,55.0,63.0,78.0,50.0,50.0,50.0,48.434357,48.434357,48.434357
200310L,2003082912,50.0,60.0,65.0,85.0,50.0,50.0,50.0,51.555096,51.555096,51.555096
200310L,2003082915,55.0,63.0,68.0,93.0,55.0,55.0,55.0,42.64895,42.64895,42.64895
200310L,2003082918,60.0,65.0,70.0,100.0,60.0,60.0,60.0,46.324738,46.324738,46.324738
200310L,2003082921,63.0,68.0,78.0,105.0,63.0,63.0,63.0,59.69873,59.69873,59.69873
200310L,2003083000,65.0,70.0,85.0,110.0,65.0,65.0,65.0,64.45447,64.45447,64.45447
200310L,2003083003,68.0,78.0,93.0,110.0,68.0,68.0,68.0,62.898716,62.898716,62.898716
200310L,2003083006,70.0,85.0,100.0,110.0,70.0,70.0,70.0,59.948765,59.948765,59.948765
200310L,2003083009,78.0,93.0,105.0,110.0,78.0,78.0,78.0,65.96099,65.96099,65.96099
200310L,2003083012,85.0,100.0,110.0,110.0,85.0,85.0,85.0,68.08865,68.08865,68.08865
200310L,2003083015,93.0,105.0,110.0,113.0,93.0,93.0,93.0,57.927765,57.927765,57.927765
200310L,2003083018,100.0,110.0,110.0,115.0,100.0,100.0,100.0,77.877174,77.877174,77.877174
200310L,2003083021,105.0,110.0,110.0,118.0,105.0,105.0,105.0,84.45571,84.45571,84.45571
200310L,2003083100,110.0,110.0,110.0,120.0,110.0,110.0,110.0,87.567795,87.567795,87.567795
200310L,2003083103,110.0,110.0,113.0,120.0,110.0,110.0,110.0,88.12127,88.12127,88.12127
200310L,2003083106,110.0,110.0,115.0,120.0,110.0,110.0,110.0,77.91067,77.91067,77.91067
200310L,2003083109,110.0,113.0,118.0,120.0,110.0,110.0,110.0,56.354607,56.354607,56.354607
200310L,2003083112,110.0,115.0,120.0,120.0,110.0,110.0,110.0,55.197594,55.197594,55.197594
200310L,2003083115,113.0,118.0,120.0,123.0,113.0,113.0,113.0,81.90427,81.90427,81.90427
200310L,2003083118,115.0,120.0,120.0,125.0,115.0,115.0,115.0,93.45432,93.45432,93.45432
200310L,2003083121,118.0,120.0,120.0,125.0,118.0,118.0,118.0,101.7387,101.7387,101.7387
200310L,2003090100,120.0,120.0,120.0,125.0,120.0,120.0,120.0,117.025604,117.025604,117.025604
200310L,2003090103,120.0,120.0,123.0,123.0,120.0,120.0,120.0,111.04378,111.04378,111.04378
200310L,2003090106,120.0,120.0,125.0,120.0,120.0,120.0,120.0,109.111824,109.111824,109.111824
200310L,2003090109,120.0,123.0,125.0,120.0,120.0,120.0,120.0,105.961044,105.961044,105.961044
200310L,2003090112,120.0,125.0,125.0,120.0,120.0,120.0,120.0,91.101036,91.101036,91.101036
200310L,2003090115,123.0,125.0,123.0,120.0,123.0,123.0,123.0,105.24253,105.24253,105.24253
200310L,2003090118,125.0,125.0,120.0,120.0,125.0,125.0,125.0,101.32758,101.32758,101.32758
200310L,2003090121,125.0,123.0,120.0,118.0,125.0,125.0,125.0,107.667336,107.667336,107.667336
200310L,2003090200,125.0,120.0,120.0,115.0,125.0,125.0,125.0,108.88614,108.88614,108.88614
200310L,2003090203,123.0,120.0,120.0,113.0,123.0,123.0,123.0,97.44337,97.44337,97.44337
200310L,2003090206,120.0,120.0,120.0,110.0,120.0,120.0,120.0,102.68545,102.68545,102.68545
200310L,2003090209,120.0,120.0,118.0,110.0,120.0,120.0,120.0,102.84321,102.84321,102.84321
200310L,2003090212,120.0,120.0,115.0,110.0,120.0,120.0,120.0,101.4412,101.4412,101.4412
200310L,2003090215,120.0,118.0,113.0,110.0,120.0,120.0,120.0,102.1736,102.1736,102.1736
200310L,2003090218,120.0,115.0,110.0,110.0,120.0,120.0,120.0,104.16933,104.16933,104.16933
200310L,2003090221,118.0,113.0,110.0,113.0,118.0,118.0,118.0,99.31445,99.31445,99.31445
200310L,2003090300,115.0,110.0,110.0,115.0,115.0,115.0,115.0,111.67635,111.67635,111.67635
200310L,2003090303,113.0,110.0,110.0,110.0,113.0,113.0,113.0,107.02521,107.02521,107.02521
200310L,2003090306,110.0,110.0,110.0,105.0,110.0,110.0,110.0,99.25233,99.25233,99.25233
200310L,2003090309,110.0,110.0,113.0,105.0,110.0,110.0,110.0,88.26139,88.26139,88.26139
200310L,2003090312,110.0,110.0,115.0,105.0,110.0,110.0,110.0,102.64984,102.64984,102.64984
200310L,2003090315,110.0,113.0,110.0,108.0,110.0,110.0,110.0,110.69442,110.69442,110.69442
200310L,2003090318,110.0,115.0,105.0,110.0,110.0,110.0,110.0,96.7169,96.7169,96.7169
200310L,2003090321,113.0,110.0,105.0,113.0,113.0,113.0,113.0,103.22144,103.22144,103.22144
200310L,2003090400,115.0,105.0,105.0,115.0,115.0,115.0,115.0,100.97851,100.97851,100.97851
200310L,2003090403,110.0,105.0,108.0,110.0,110.0,110.0,110.0,99.97398,99.97398,99.97398
200310L,2003090406,105.0,105.0,110.0,105.0,105.0,105.0,105.0,103.59625,103.59625,103.59625
200310L,2003090409,105.0,108.0,113.0,105.0,105.0,105.0,105.0,105.38535,105.38535,105.38535
200310L,2003090412,105.0,110.0,115.0,105.0,105.0,105.0,105.0,98.448906,98.448906,98.448906
200310L,2003090415,108.0,113.0,110.0,105.0,108.0,108.0,108.0,73.81732,73.81732,73.81732
200310L,2003090418,110.0,115.0,105.0,105.0,110.0,110.0,110.0,95.08244,95.08244,95.08244
200310L,2003090421,113.0,110.0,105.0,103.0,113.0,113.0,113.0,100.522514,100.522514,100.522514
200310L,2003090500,115.0,105.0,105.0,100.0,115.0,115.0,115.0,103.05966,103.05966,103.05966
200310L,2003090503,110.0,105.0,105.0,100.0,110.0,110.0,110.0,100.279755,100.279755,100.279755
200310L,2003090506,105.0,105.0,105.0,100.0,105.0,105.0,105.0,89.989746,89.989746,89.989746
200310L,2003090509,105.0,105.0,103.0,100.0,105.0,105.0,105.0,84.62845,84.62845,84.62845
200310L,2003090512,105.0,105.0,100.0,100.0,105.0,105.0,105.0,89.35218,89.35218,89.35218
200310L,2003090515,105.0,103.0,100.0,100.0,105.0,105.0,105.0,88.902596,88.902596,88.902596
200310L,2003090518,105.0,100.0,100.0,100.0,105.0,105.0,105.0,77.828575,77.828575,77.828575
200310L,2003090521,103.0,100.0,100.0,95.0,103.0,103.0,103.0,94.43431,94.43431,94.43431
200310L,2003090600,100.0,100.0,100.0,90.0,100.0,100.0,100.0,86.70189,86.70189,86.70189
200310L,2003090603,100.0,100.0,100.0,88.0,100.0,100.0,100.0,78.245155,78.245155,78.245155
200310L,2003090606,100.0,100.0,100.0,85.0,100.0,100.0,100.0,86.73742,86.73742,86.73742
200310L,2003090609,100.0,100.0,95.0,83.0,100.0,100.0,100.0,85.299095,85.299095,85.299095
200310L,2003090612,100.0,100.0,90.0,80.0,100.0,100.0,100.0,88.33371,88.33371,88.33371
200310L,2003090615,100.0,95.0,88.0,78.0,100.0,100.0,100.0,93.80518,93.80518,93.80518
200310L,2003090618,100.0,90.0,85.0,75.0,100.0,100.0,100.0,92.67962,92.67962,92.67962
200310L,2003090621,95.0,88.0,83.0,73.0,95.0,95.0,95.0,92.6153,92.6153,92.6153
200310L,2003090700,90.0,85.0,80.0,70.0,90.0,90.0,90.0,82.74786,82.74786,82.74786
200310L,2003090703,88.0,83.0,78.0,70.0,88.0,88.0,88.0,71.87979,71.87979,71.87979
200310L,2003090706,85.0,80.0,75.0,70.0,85.0,85.0,85.0,65.39874,65.39874,65.39874
200310L,2003090709,83.0,78.0,73.0,68.0,83.0,83.0,83.0,49.679092,49.679092,49.679092
200310L,2003090712,80.0,75.0,70.0,65.0,80.0,80.0,80.0,68.716225,68.716225,68.716225
200310L,2003090715,78.0,73.0,70.0,65.0,78.0,78.0,78.0,69.11557,69.11557,69.11557
200310L,2003090718,75.0,70.0,70.0,65.0,75.0,75.0,75.0,70.76824,70.76824,70.76824
200310W,2003073112,20.0,20.0,25.0,30.0,20.0,20.0,20.0,26.18718,26.18718,26.18718
200310W,2003073115,20.0,23.0,25.0,33.0,20.0,20.0,20.0,21.069267,21.069267,21.069267
200310W,2003073118,20.0,25.0,25.0,35.0,20.0,20.0,20.0,24.204983,24.204983,24.204983
200310W,2003073121,23.0,25.0,28.0,35.0,23.0,23.0,23.0,28.72733,28.72733,28.72733
200310W,2003080100,25.0,25.0,30.0,35.0,25.0,25.0,25.0,23.409933,23.409933,23.409933
200310W,2003080103,25.0,28.0,33.0,40.0,25.0,25.0,25.0,22.331228,22.331228,22.331228
200310W,2003080106,25.0,30.0,35.0,45.0,25.0,25.0,25.0,26.532362,26.532362,26.532362
200310W,2003080109,28.0,33.0,35.0,45.0,28.0,28.0,28.0,32.155407,32.155407,32.155407
200310W,2003080112,30.0,35.0,35.0,45.0,30.0,30.0,30.0,26.403519,26.403519,26.403519
200310W,2003080115,33.0,35.0,40.0,45.0,33.0,33.0,33.0,41.26865,41.26865,41.26865
200310W,2003080118,35.0,35.0,45.0,45.0,35.0,35.0,35.0,40.004436,40.004436,40.004436
200310W,2003080121,35.0,40.0,45.0,48.0,35.0,35.0,35.0,32.757565,32.757565,32.757565
200310W,2003080200,35.0,45.0,45.0,50.0,35.0,35.0,35.0,32.951046,32.951046,32.951046
200310W,2003080203,40.0,45.0,45.0,58.0,40.0,40.0,40.0,36.509796,36.509796,36.509796
200310W,2003080206,45.0,45.0,45.0,65.0,45.0,45.0,45.0,39.692028,39.692028,39.692028
200310W,2003080209,45.0,45.0,48.0,65.0,45.0,45.0,45.0,28.952164,28.952164,28.952164
200310W,2003080212,45.0,45.0,50.0,65.0,45.0,45.0,45.0,30.755522,30.755522,30.755522
200310W,2003080215,45.0,48.0,58.0,63.0,45.0,45.0,45.0,26.727596,26.727596,26.727596
200310W,2003080218,45.0,50.0,65.0,60.0,45.0,45.0,45.0,23.85187,23.85187,23.85187
200310W,2003080221,48.0,58.0,65.0,60.0,48.0,48.0,48.0,32.86221,32.86221,32.86221
200310W,2003080300,50.0,65.0,65.0,60.0,50.0,50.0,50.0,41.09407,41.09407,41.09407
200310W,2003080303,58.0,65.0,63.0,60.0,58.0,58.0,58.0,36.844765,36.844765,36.844765
200310W,2003080306,65.0,65.0,60.0,60.0,65.0,65.0,65.0,47.82519,47.82519,47.82519
200310W,2003080309,65.0,63.0,60.0,58.0,65.0,65.0,65.0,46.763332,46.763332,46.763332
200310W,2003080312,65.0,60.0,60.0,55.0,65.0,65.0,65.0,44.810497,44.810497,44.810497
200310W,2003080315,63.0,60.0,60.0,45.0,63.0,63.0,63.0,34.973915,34.973915,34.973915
200310W,2003080318,60.0,60.0,60.0,35.0,60.0,60.0,60.0,56.955776,56.955776,56.955776
200310W,2003080321,60.0,60.0,58.0,33.0,60.0,60.0,60.0,53.790653,53.790653,53.790653
200310W,2003080400,60.0,60.0,55.0,30.0,60.0,60.0,60.0,38.86502,38.86502,38.86502
200312W,2003081418,20.0,20.0,25.0,25.0,20.0,20.0,20.0,23.786585,23.786585,23.786585
200312W,2003081421,20.0,23.0,25.0,25.0,20.0,20.0,20.0,27.981068,27.981068,27.981068
200312W,2003081500,20.0,25.0,25.0,25.0,20.0,20.0,20.0,28.068678,28.068678,28.068678
200312W,2003081503,23.0,25.0,25.0,25.0,23.0,23.0,23.0,23.53787,23.53787,23.53787
200312W,2003081506,25.0,25.0,25.0,25.0,25.0,25.0,25.0,27.113312,27.113312,27.113312
200312W,2003081509,25.0,25.0,25.0,25.0,25.0,25.0,25.0,26.907309,26.907309,26.907309
200312W,2003081512,25.0,25.0,25.0,25.0,25.0,25.0,25.0,27.040804,27.040804,27.040804
200312W,2003081515,25.0,25.0,25.0,25.0,25.0,25.0,25.0,24.486086,24.486086,24.486086
200312W,2003081518,25.0,25.0,25.0,25.0,25.0,25.0,25.0,23.421698,23.421698,23.421698
200312W,2003081521,25.0,25.0,25.0,25.0,25.0,25.0,25.0,23.968943,23.968943,23.968943
200312W,2003081600,25.0,25.0,25.0,25.0,25.0,25.0,25.0,28.746832,28.746832,28.746832
200312W,2003081603,25.0,25.0,25.0,25.0,25.0,25.0,25.0,24.59512,24.59512,24.59512
200312W,2003081606,25.0,25.0,25.0,25.0,25.0,25.0,25.0,24.593788,24.593788,24.593788
200312W,2003081609,25.0,25.0,25.0,25.0,25.0,25.0,25.0,29.750069,29.750069,29.750069
200312W,2003081612,25.0,25.0,25.0,25.0,25.0,25.0,25.0,25.921032,25.921032,25.921032
200312W,2003081615,25.0,25.0,25.0,25.0,25.0,25.0,25.0,26.430908,26.430908,26.430908
200312W,2003081618,25.0,25.0,25.0,25.0,25.0,25.0,25.0,30.17557,30.17557,30.17557
200312W,2003081621,25.0,25.0,25.0,25.0,25.0,25.0,25.0,27.120443,27.120443,27.120443
200312W,2003081700,25.0,25.0,25.0,25.0,25.0,25.0,25.0,27.052183,27.052183,27.052183
200312W,2003081703,25.0,25.0,25.0,25.0,25.0,25.0,25.0,24.237776,24.237776,24.237776
200312W,2003081706,25.0,25.0,25.0,25.0,25.0,25.0,25.0,23.388462,23.388462,23.388462
200312W,2003081709,25.0,25.0,25.0,25.0,25.0,25.0,25.0,21.585022,21.585022,21.585022
200312W,2003081712,25.0,25.0,25.0,25.0,25.0,25.0,25.0,24.30804,24.30804,24.30804
200312W,2003081715,25.0,25.0,25.0,25.0,25.0,25.0,25.0,29.405575,29.405575,29.405575
200312W,2003081718,25.0,25.0,25.0,25.0,25.0,25.0,25.0,28.749802,28.749802,28.749802
200312W,2003081721,25.0,25.0,25.0,25.0,25.0,25.0,25.0,25.402676,25.402676,25.402676
200312W,2003081800,25.0,25.0,25.0,25.0,25.0,25.0,25.0,24.978989,24.978989,24.978989
200312W,2003081803,25.0,25.0,25.0,28.0,25.0,25.0,25.0,30.089891,30.089891,30.089891
200312W,2003081806,25.0,25.0,25.0,30.0,25.0,25.0,25.0,26.36905,26.36905,26.36905
200312W,2003081809,25.0,25.0,25.0,30.0,25.0,25.0,25.0,27.708551,27.708551,27.708551
200312W,2003081812,25.0,25.0,25.0,30.0,25.0,25.0,25.0,24.73535,24.73535,24.73535
200312W,2003081815,25.0,25.0,28.0,30.0,25.0,25.0,25.0,28.196432,28.196432,28.196432
200312W,2003081818,25.0,25.0,30.0,30.0,25.0,25.0,25.0,31.308447,31.308447,31.308447
200312W,2003081821,25.0,28.0,30.0,30.0,25.0,25.0,25.0,27.605639,27.605639,27.605639
200312W,2003081900,25.0,30.0,30.0,30.0,25.0,25.0,25.0,24.945473,24.945473,24.945473
200312W,2003081903,28.0,30.0,30.0,33.0,28.0,28.0,28.0,25.449198,25.449198,25.449198
200312W,2003081906,30.0,30.0,30.0,35.0,30.0,30.0,30.0,36.075275,36.075275,36.075275
200312W,2003081909,30.0,30.0,30.0,40.0,30.0,30.0,30.0,34.584717,34.584717,34.584717
200312W,2003081912,30.0,30.0,30.0,45.0,30.0,30.0,30.0,27.694069,27.694069,27.694069
200312W,2003081915,30.0,30.0,33.0,45.0,30.0,30.0,30.0,28.478132,28.478132,28.478132
200312W,2003081918,30.0,30.0,35.0,45.0,30.0,30.0,30.0,29.113043,29.113043,29.113043
200312W,2003081921,30.0,33.0,40.0,53.0,30.0,30.0,30.0,34.631447,34.631447,34.631447
200312W,2003082000,30.0,35.0,45.0,60.0,30.0,30.0,30.0,30.077572,30.077572,30.077572
200312W,2003082003,33.0,40.0,45.0,63.0,33.0,33.0,33.0,35.915638,35.915638,35.915638
200312W,2003082006,35.0,45.0,45.0,65.0,35.0,35.0,35.0,30.572819,30.572819,30.572819
200312W,2003082009,40.0,45.0,53.0,65.0,40.0,40.0,40.0,35.82472,35.82472,35.82472
200312W,2003082012,45.0,45.0,60.0,65.0,45.0,45.0,45.0,33.81694,33.81694,33.81694
200312W,2003082015,45.0,53.0,63.0,70.0,45.0,45.0,45.0,41.12164,41.12164,41.12164
200312W,2003082018,45.0,60.0,65.0,75.0,45.0,45.0,45.0,44.529156,44.529156,44.529156
200312W,2003082021,53.0,63.0,65.0,83.0,53.0,53.0,53.0,42.63542,42.63542,42.63542
200312W,2003082100,60.0,65.0,65.0,90.0,60.0,60.0,60.0,47.372395,47.372395,47.372395
200312W,2003082103,63.0,65.0,70.0,90.0,63.0,63.0,63.0,45.059025,45.059025,45.059025
200312W,2003082106,65.0,65.0,75.0,90.0,65.0,65.0,65.0,37.598824,37.598824,37.598824
200312W,2003082109,65.0,70.0,83.0,85.0,65.0,65.0,65.0,66.73703,66.73703,66.73703
200312W,2003082112,65.0,75.0,90.0,80.0,65.0,65.0,65.0,32.550716,32.550716,32.550716
200312W,2003082115,70.0,83.0,90.0,75.0,70.0,70.0,70.0,33.34466,33.34466,33.34466
200312W,2003082118,75.0,90.0,90.0,70.0,75.0,75.0,75.0,39.69135,39.69135,39.69135
200312W,2003082121,83.0,90.0,85.0,70.0,83.0,83.0,83.0,48.812084,48.812084,48.812084
200312W,2003082200,90.0,90.0,80.0,70.0,90.0,90.0,90.0,60.250435,60.250435,60.250435
200312W,2003082203,90.0,85.0,75.0,70.0,90.0,90.0,90.0,65.78367,65.78367,65.78367
200312W,2003082206,90.0,80.0,70.0,70.0,90.0,90.0,90.0,64.61315,64.61315,64.61315
200312W,2003082209,85.0,75.0,70.0,70.0,85.0,85.0,85.0,77.081436,77.081436,77.081436
200312W,2003082212,80.0,70.0,70.0,70.0,80.0,80.0,80.0,56.13391,56.13391,56.13391
200312W,2003082215,75.0,70.0,70.0,70.0,75.0,75.0,75.0,32.27255,32.27255,32.27255
200312W,2003082218,70.0,70.0,70.0,70.0,70.0,70.0,70.0,43.238995,43.238995,43.238995
200312W,2003082221,70.0,70.0,70.0,73.0,70.0,70.0,70.0,31.808552,31.808552,31.808552
200312W,2003082300,70.0,70.0,70.0,75.0,70.0,70.0,70.0,37.150333,37.150333,37.150333
200312W,2003082303,70.0,70.0,70.0,78.0,70.0,70.0,70.0,43.74197,43.74197,43.74197
200312W,2003082306,70.0,70.0,70.0,80.0,70.0,70.0,70.0,45.0137,45.0137,45.0137
200312W,2003082309,70.0,70.0,73.0,83.0,70.0,70.0,70.0,48.716084,48.716084,48.716084
200312W,2003082312,70.0,70.0,75.0,85.0,70.0,70.0,70.0,60.59528,60.59528,60.59528
200312W,2003082315,70.0,73.0,78.0,85.0,70.0,70.0,70.0,69.128044,69.128044,69.128044
200312W,2003082318,70.0,75.0,80.0,85.0,70.0,70.0,70.0,58.87143,58.87143,58.87143
200312W,2003082321,73.0,78.0,83.0,83.0,73.0,73.0,73.0,62.080917,62.080917,62.080917
200312W,2003082400,75.0,80.0,85.0,80.0,75.0,75.0,75.0,64.124794,64.124794,64.124794
200312W,2003082403,78.0,83.0,85.0,85.0,78.0,78.0,78.0,50.777946,50.777946,50.777946
200312W,2003082406,80.0,85.0,85.0,90.0,80.0,80.0,80.0,72.551674,72.551674,72.551674
200312W,2003082409,83.0,85.0,83.0,90.0,83.0,83.0,83.0,65.87908,65.87908,65.87908
200312W,2003082412,85.0,85.0,80.0,90.0,85.0,85.0,85.0,68.023895,68.023895,68.023895
200312W,2003082415,85.0,83.0,85.0,78.0,85.0,85.0,85.0,66.022026,66.022026,66.022026
200312W,2003082418,85.0,80.0,90.0,65.0,85.0,85.0,85.0,82.91245,82.91245,82.91245
200312W,2003082421,83.0,85.0,90.0,58.0,83.0,83.0,83.0,89.87891,89.87891,89.87891
200312W,2003082500,80.0,90.0,90.0,50.0,80.0,80.0,80.0,60.299618,60.299618,60.299618
200313W,2003081912,30.0,35.0,35.0,20.0,30.0,30.0,30.0,32.794804,32.794804,32.794804
200313W,2003081915,33.0,35.0,30.0,20.0,33.0,33.0,33.0,34.206642,34.206642,34.206642
200313W,2003081918,35.0,35.0,25.0,20.0,35.0,35.0,35.0,33.629025,33.629025,33.629025
200319S,2003022506,25.0,25.0,25.0,30.0,25.0,25.0,25.0,32.298904,32.298904,32.298904
200319S,2003022509,25.0,25.0,28.0,33.0,25.0,25.0,25.0,28.695198,28.695198,28.695198
200319S,2003022512,25.0,25.0,30.0,35.0,25.0,25.0,25.0,31.093819,31.093819,31.093819
200319S,2003022515,25.0,28.0,30.0,40.0,25.0,25.0,25.0,24.07141,24.07141,24.07141
200319S,2003022518,25.0,30.0,30.0,45.0,25.0,25.0,25.0,28.170366,28.170366,28.170366
200319S,2003022521,28.0,30.0,33.0,45.0,28.0,28.0,28.0,45.133106,45.133106,45.133106
200319S,2003022600,30.0,30.0,35.0,45.0,30.0,30.0,30.0,34.17239,34.17239,34.17239
200319S,2003022603,30.0,33.0,40.0,50.0,30.0,30.0,30.0,42.503437,42.503437,42.503437
200319S,2003022606,30.0,35.0,45.0,55.0,30.0,30.0,30.0,36.25125,36.25125,36.25125
200319S,2003022609,33.0,40.0,45.0,60.0,33.0,33.0,33.0,37.87885,37.87885,37.87885
200319S,2003022612,35.0,45.0,45.0,65.0,35.0,35.0,35.0,37.11409,37.11409,37.11409
200319S,2003022615,40.0,45.0,50.0,68.0,40.0,40.0,40.0,35.320118,35.320118,35.320118
200319S,2003022618,45.0,45.0,55.0,70.0,45.0,45.0,45.0,34.792522,34.792522,34.792522
200319S,2003022621,45.0,50.0,60.0,73.0,45.0,45.0,45.0,55.672943,55.672943,55.672943
200319S,2003022700,45.0,55.0,65.0,75.0,45.0,45.0,45.0,46.95624,46.95624,46.95624
200319S,2003022703,50.0,60.0,68.0,75.0,50.0,50.0,50.0,41.208725,41.208725,41.208725
200319S,2003022706,55.0,65.0,70.0,75.0,55.0,55.0,55.0,52.830944,52.830944,52.830944
200319S,2003022709,60.0,68.0,73.0,80.0,60.0,60.0,60.0,43.97455,43.97455,43.97455
200319S,2003022712,65.0,70.0,75.0,85.0,65.0,65.0,65.0,47.121815,47.121815,47.121815
200319S,2003022715,68.0,73.0,75.0,93.0,68.0,68.0,68.0,48.450016,48.450016,48.450016
200319S,2003022718,70.0,75.0,75.0,100.0,70.0,70.0,70.0,48.85348,48.85348,48.85348
200319S,2003022721,73.0,75.0,80.0,108.0,73.0,73.0,73.0,50.232227,50.232227,50.232227
200319S,2003022800,75.0,75.0,85.0,115.0,75.0,75.0,75.0,70.3858,70.3858,70.3858
200319S,2003022803,75.0,80.0,93.0,115.0,75.0,75.0,75.0,59.822247,59.822247,59.822247
200319S,2003022806,75.0,85.0,100.0,115.0,75.0,75.0,75.0,80.71757,80.71757,80.71757
200319S,2003022809,80.0,93.0,108.0,115.0,80.0,80.0,80.0,82.24986,82.24986,82.24986
200319S,2003022812,85.0,100.0,115.0,115.0,85.0,85.0,85.0,93.69283,93.69283,93.69283
200319S,2003022815,93.0,108.0,115.0,115.0,93.0,93.0,93.0,91.80271,91.80271,91.80271
200319S,2003022818,100.0,115.0,115.0,115.0,100.0,100.0,100.0,98.70179,98.70179,98.70179
200319S,2003022821,108.0,115.0,115.0,110.0,108.0,108.0,108.0,104.5452,104.5452,104.5452
200319S,2003030100,115.0,115.0,115.0,105.0,115.0,115.0,115.0,107.19255,107.19255,107.19255
200319S,2003030103,115.0,115.0,115.0,100.0,115.0,115.0,115.0,104.96569,104.96569,104.96569
200319S,2003030106,115.0,115.0,115.0,95.0,115.0,115.0,115.0,101.03479,101.03479,101.03479
200319S,2003030109,115.0,115.0,110.0,93.0,115.0,115.0,115.0,109.5439,109.5439,109.5439
200319S,2003030112,115.0,115.0,105.0,90.0,115.0,115.0,115.0,101.99989,101.99989,101.99989
200319S,2003030115,115.0,110.0,100.0,88.0,115.0,115.0,115.0,96.60265,96.60265,96.60265
200319S,2003030118,115.0,105.0,95.0,85.0,115.0,115.0,115.0,89.30554,89.30554,89.30554
200319S,2003030121,110.0,100.0,93.0,75.0,110.0,110.0,110.0,68.59741,68.59741,68.59741
200319S,2003030200,105.0,95.0,90.0,65.0,105.0,105.0,105.0,81.85789,81.85789,81.85789
200319S,2003030203,100.0,93.0,88.0,65.0,100.0,100.0,100.0,75.903114,75.903114,75.903114
200319S,2003030206,95.0,90.0,85.0,65.0,95.0,95.0,95.0,73.874626,73.874626,73.874626
200319S,2003030209,93.0,88.0,75.0,63.0,93.0,93.0,93.0,71.72353,71.72353,71.72353
200319S,2003030212,90.0,85.0,65.0,60.0,90.0,90.0,90.0,85.0791,85.0791,85.0791
200319S,2003030215,88.0,75.0,65.0,58.0,88.0,88.0,88.0,81.94737,81.94737,81.94737
200319S,2003030218,85.0,65.0,65.0,55.0,85.0,85.0,85.0,68.77914,68.77914,68.77914
200319S,2003030221,75.0,65.0,63.0,55.0,75.0,75.0,75.0,62.233547,62.233547,62.233547
200319S,2003030300,65.0,65.0,60.0,55.0,65.0,65.0,65.0,52.042328,52.042328,52.042328
200320L,2003120500,45.0,50.0,50.0,50.0,45.0,45.0,45.0,33.692963,33.692963,33.692963
200320L,2003120503,48.0,50.0,50.0,53.0,48.0,48.0,48.0,32.456432,32.456432,32.456432
200320L,2003120506,50.0,50.0,50.0,55.0,50.0,50.0,50.0,42.71321,42.71321,42.71321
200320L,2003120509,50.0,50.0,50.0,55.0,50.0,50.0,50.0,35.9655,35.9655,35.9655
200320L,2003120512,50.0,50.0,50.0,55.0,50.0,50.0,50.0,40.536247,40.536247,40.536247
200320L,2003120515,50.0,50.0,53.0,55.0,50.0,50.0,50.0,36.292892,36.292892,36.292892
200320L,2003120518,50.0,50.0,55.0,55.0,50.0,50.0,50.0,36.48858,36.48858,36.48858
200320L,2003120521,50.0,53.0,55.0,50.0,50.0,50.0,50.0,39.78495,39.78495,39.78495
200320L,2003120600,50.0,55.0,55.0,45.0,50.0,50.0,50.0,41.50691,41.50691,41.50691
200320L,2003120603,53.0,55.0,55.0,43.0,53.0,53.0,53.0,47.16505,47.16505,47.16505
200320L,2003120606,55.0,55.0,55.0,40.0,55.0,55.0,55.0,47.67389,47.67389,47.67389
200320L,2003120609,55.0,55.0,50.0,40.0,55.0,55.0,55.0,46.208534,46.208534,46.208534
200320L,2003120612,55.0,55.0,45.0,40.0,55.0,55.0,55.0,46.82183,46.82183,46.82183
200320L,2003120615,55.0,50.0,43.0,43.0,55.0,55.0,55.0,47.47495,47.47495,47.47495
200320L,2003120618,55.0,45.0,40.0,45.0,55.0,55.0,55.0,42.014713,42.014713,42.014713
200320L,2003120621,50.0,43.0,40.0,45.0,50.0,50.0,50.0,51.454735,51.454735,51.454735
200320L,2003120700,45.0,40.0,40.0,45.0,45.0,45.0,45.0,55.07336,55.07336,55.07336
200320L,2003120703,43.0,40.0,43.0,45.0,43.0,43.0,43.0,60.52183,60.52183,60.52183
200320L,2003120706,40.0,40.0,45.0,45.0,40.0,40.0,40.0,45.98964,45.98964,45.98964
200320L,2003120709,40.0,43.0,45.0,43.0,40.0,40.0,40.0,48.96894,48.96894,48.96894
200320L,2003120712,40.0,45.0,45.0,40.0,40.0,40.0,40.0,43.612812,43.612812,43.612812
200320L,2003120715,43.0,45.0,45.0,40.0,43.0,43.0,43.0,29.241558,29.241558,29.241558
200320L,2003120718,45.0,45.0,45.0,40.0,45.0,45.0,45.0,28.2685,28.2685,28.2685
200320L,2003120721,45.0,45.0,43.0,40.0,45.0,45.0,45.0,31.429546,31.429546,31.429546
200320L,2003120800,45.0,45.0,40.0,40.0,45.0,45.0,45.0,40.25954,40.25954,40.25954
200320L,2003120803,45.0,43.0,40.0,40.0,45.0,45.0,45.0,46.768658,46.768658,46.768658
200320L,2003120806,45.0,40.0,40.0,40.0,45.0,45.0,45.0,55.015743,55.015743,55.015743
200320L,2003120809,43.0,40.0,40.0,40.0,43.0,43.0,43.0,39.61426,39.61426,39.61426
200320L,2003120812,40.0,40.0,40.0,40.0,40.0,40.0,40.0,43.114994,43.114994,43.114994
200320L,2003120815,40.0,40.0,40.0,40.0,40.0,40.0,40.0,32.821167,32.821167,32.821167
200320L,2003120818,40.0,40.0,40.0,40.0,40.0,40.0,40.0,33.5139,33.5139,33.5139
200320W,2003101906,40.0,40.0,45.0,55.0,40.0,40.0,40.0,45.31079,45.31079,45.31079
200320W,2003101909,40.0,43.0,48.0,60.0,40.0,40.0,40.0,39.4101,39.4101,39.4101
200320W,2003101912,40.0,45.0,50.0,65.0,40.0,40.0,40.0,42.63315,42.63315,42.63315
200320W,2003101915,43.0,48.0,53.0,73.0,43.0,43.0,43.0,52.31836,52.31836,52.31836
200320W,2003101918,45.0,50.0,55.0,80.0,45.0,45.0,45.0,48.22107,48.22107,48.22107
200320W,2003101921,48.0,53.0,60.0,88.0,48.0,48.0,48.0,44.73266,44.73266,44.73266
200320W,2003102000,50.0,55.0,65.0,95.0,50.0,50.0,50.0,73.34725,73.34725,73.34725
200320W,2003102003,53.0,60.0,73.0,105.0,53.0,53.0,53.0,68.13725,68.13725,68.13725
200320W,2003102006,55.0,65.0,80.0,115.0,55.0,55.0,55.0,91.80616,91.80616,91.80616
200320W,2003102009,60.0,73.0,88.0,120.0,60.0,60.0,60.0,79.60775,79.60775,79.60775
200320W,2003102012,65.0,80.0,95.0,125.0,65.0,65.0,65.0,74.04185,74.04185,74.04185
200320W,2003102015,73.0,88.0,105.0,125.0,73.0,73.0,73.0,86.74984,86.74984,86.74984
200320W,2003102018,80.0,95.0,115.0,125.0,80.0,80.0,80.0,81.19485,81.19485,81.19485
200320W,2003102021,88.0,105.0,120.0,125.0,88.0,88.0,88.0,80.25305,80.25305,80.25305
200320W,2003102100,95.0,115.0,125.0,125.0,95.0,95.0,95.0,115.96403,115.96403,115.96403
200320W,2003102103,105.0,120.0,125.0,125.0,105.0,105.0,105.0,107.876816,107.876816,107.876816
200320W,2003102106,115.0,125.0,125.0,125.0,115.0,115.0,115.0,111.26003,111.26003,111.26003
200320W,2003102109,120.0,125.0,125.0,125.0,120.0,120.0,120.0,112.55568,112.55568,112.55568
200320W,2003102112,125.0,125.0,125.0,125.0,125.0,125.0,125.0,101.33763,101.33763,101.33763
200320W,2003102115,125.0,125.0,125.0,120.0,125.0,125.0,125.0,119.96042,119.96042,119.96042
200320W,2003102118,125.0,125.0,125.0,115.0,125.0,125.0,125.0,114.62493,114.62493,114.62493
200320W,2003102121,125.0,125.0,125.0,113.0,125.0,125.0,125.0,109.04339,109.04339,109.04339
200320W,2003102200,125.0,125.0,125.0,110.0,125.0,125.0,125.0,110.72406,110.72406,110.72406
200320W,2003102203,125.0,125.0,120.0,108.0,125.0,125.0,125.0,118.550186,118.550186,118.550186
200320W,2003102206,125.0,125.0,115.0,105.0,125.0,125.0,125.0,117.956314,117.956314,117.956314
200320W,2003102209,125.0,120.0,113.0,105.0,125.0,125.0,125.0,100.0588,100.0588,100.0588
200320W,2003102212,125.0,115.0,110.0,105.0,125.0,125.0,125.0,89.360435,89.360435,89.360435
200320W,2003102215,120.0,113.0,108.0,103.0,120.0,120.0,120.0,58.45297,58.45297,58.45297
200320W,2003102218,115.0,110.0,105.0,100.0,115.0,115.0,115.0,89.88447,89.88447,89.88447
200320W,2003102221,113.0,108.0,105.0,100.0,113.0,113.0,113.0,88.51065,88.51065,88.51065
200320W,2003102300,110.0,105.0,105.0,100.0,110.0,110.0,110.0,98.05376,98.05376,98.05376
200320W,2003102303,108.0,105.0,103.0,95.0,108.0,108.0,108.0,110.92664,110.92664,110.92664
200320W,2003102306,105.0,105.0,100.0,90.0,105.0,105.0,105.0,104.26258,104.26258,104.26258
200320W,2003102309,105.0,103.0,100.0,88.0,105.0,105.0,105.0,101.64427,101.64427,101.64427
200320W,2003102312,105.0,100.0,100.0,85.0,105.0,105.0,105.0,90.947975,90.947975,90.947975
200320W,2003102315,103.0,100.0,95.0,85.0,103.0,103.0,103.0,96.3509,96.3509,96.3509
200320W,2003102318,100.0,100.0,90.0,85.0,100.0,100.0,100.0,92.96618,92.96618,92.96618
200320W,2003102321,100.0,95.0,88.0,85.0,100.0,100.0,100.0,99.43517,99.43517,99.43517
200320W,2003102400,100.0,90.0,85.0,85.0,100.0,100.0,100.0,89.52992,89.52992,89.52992
200320W,2003102403,95.0,88.0,85.0,83.0,95.0,95.0,95.0,93.55017,93.55017,93.55017
200320W,2003102406,90.0,85.0,85.0,80.0,90.0,90.0,90.0,102.877426,102.877426,102.877426
200320W,2003102409,88.0,85.0,85.0,78.0,88.0,88.0,88.0,87.144394,87.144394,87.144394
200320W,2003102412,85.0,85.0,85.0,75.0,85.0,85.0,85.0,87.7919,87.7919,87.7919
200320W,2003102415,85.0,85.0,83.0,73.0,85.0,85.0,85.0,81.52546,81.52546,81.52546
200320W,2003102418,85.0,85.0,80.0,70.0,85.0,85.0,85.0,83.89315,83.89315,83.89315
200320W,2003102421,85.0,83.0,78.0,70.0,85.0,85.0,85.0,76.664024,76.664024,76.664024
200320W,2003102500,85.0,80.0,75.0,70.0,85.0,85.0,85.0,84.665085,84.665085,84.665085
200320W,2003102503,83.0,78.0,73.0,70.0,83.0,83.0,83.0,87.15814,87.15814,87.15814
200320W,2003102506,80.0,75.0,70.0,70.0,80.0,80.0,80.0,81.738785,81.738785,81.738785
200320W,2003102509,78.0,73.0,70.0,68.0,78.0,78.0,78.0,68.612915,68.612915,68.612915
200320W,2003102512,75.0,70.0,70.0,65.0,75.0,75.0,75.0,58.38882,58.38882,58.38882
200321S,2003030200,25.0,30.0,30.0,30.0,25.0,25.0,25.0,33.241894,33.241894,33.241894
200321S,2003030203,28.0,30.0,30.0,30.0,28.0,28.0,28.0,25.580593,25.580593,25.580593
200321S,2003030206,30.0,30.0,30.0,30.0,30.0,30.0,30.0,30.667078,30.667078,30.667078
200321S,2003030209,30.0,30.0,30.0,30.0,30.0,30.0,30.0,28.156612,28.156612,28.156612
200321S,2003030212,30.0,30.0,30.0,30.0,30.0,30.0,30.0,41.036182,41.036182,41.036182
200321S,2003030215,30.0,30.0,30.0,30.0,30.0,30.0,30.0,38.735657,38.735657,38.735657
200321S,2003030218,30.0,30.0,30.0,30.0,30.0,30.0,30.0,32.516342,32.516342,32.516342
200321S,2003030221,30.0,30.0,30.0,30.0,30.0,30.0,30.0,34.713818,34.713818,34.713818
200321S,2003030300,30.0,30.0,30.0,30.0,30.0,30.0,30.0,27.643076,27.643076,27.643076
200321S,2003030303,30.0,30.0,30.0,30.0,30.0,30.0,30.0,30.638762,30.638762,30.638762
200321S,2003030306,30.0,30.0,30.0,30.0,30.0,30.0,30.0,28.039677,28.039677,28.039677
200321S,2003030309,30.0,30.0,30.0,33.0,30.0,30.0,30.0,27.978878,27.978878,27.978878
200321S,2003030312,30.0,30.0,30.0,35.0,30.0,30.0,30.0,29.071445,29.071445,29.071445
200321S,2003030315,30.0,30.0,30.0,35.0,30.0,30.0,30.0,28.232513,28.232513,28.232513
200321S,2003030318,30.0,30.0,30.0,35.0,30.0,30.0,30.0,29.115112,29.115112,29.115112
200321S,2003030321,30.0,30.0,33.0,35.0,30.0,30.0,30.0,33.50431,33.50431,33.50431
200321S,2003030400,30.0,30.0,35.0,35.0,30.0,30.0,30.0,30.324436,30.324436,30.324436
200321S,2003030403,30.0,33.0,35.0,35.0,30.0,30.0,30.0,33.349728,33.349728,33.349728
200321S,2003030406,30.0,35.0,35.0,35.0,30.0,30.0,30.0,32.158455,32.158455,32.158455
200321S,2003030409,33.0,35.0,35.0,33.0,33.0,33.0,33.0,28.086279,28.086279,28.086279
200321S,2003030412,35.0,35.0,35.0,30.0,35.0,35.0,35.0,30.673626,30.673626,30.673626
200321S,2003030415,35.0,35.0,35.0,30.0,35.0,35.0,35.0,31.05206,31.05206,31.05206
200321S,2003030418,35.0,35.0,35.0,30.0,35.0,35.0,35.0,25.53575,25.53575,25.53575
200321S,2003030421,35.0,35.0,33.0,33.0,35.0,35.0,35.0,31.48683,31.48683,31.48683
200321S,2003030500,35.0,35.0,30.0,35.0,35.0,35.0,35.0,30.553387,30.553387,30.553387
200321S,2003030503,35.0,33.0,30.0,35.0,35.0,35.0,35.0,26.901386,26.901386,26.901386
200321S,2003030506,35.0,30.0,30.0,35.0,35.0,35.0,35.0,32.01083,32.01083,32.01083
200321S,2003030509,33.0,30.0,33.0,35.0,33.0,33.0,33.0,26.444443,26.444443,26.444443
200321S,2003030512,30.0,30.0,35.0,35.0,30.0,30.0,30.0,31.532257,31.532257,31.532257
200321S,2003030515,30.0,33.0,35.0,35.0,30.0,30.0,30.0,28.155243,28.155243,28.155243
200321S,2003030518,30.0,35.0,35.0,35.0,30.0,30.0,30.0,29.900707,29.900707,29.900707
200321S,2003030521,33.0,35.0,35.0,35.0,33.0,33.0,33.0,31.439821,31.439821,31.439821
200321S,2003030600,35.0,35.0,35.0,35.0,35.0,35.0,35.0,32.211582,32.211582,32.211582
200321S,2003030603,35.0,35.0,35.0,35.0,35.0,35.0,35.0,31.574644,31.574644,31.574644
200321S,2003030606,35.0,35.0,35.0,35.0,35.0,35.0,35.0,34.305115,34.305115,34.305115
200321S,2003030609,35.0,35.0,35.0,35.0,35.0,35.0,35.0,32.674145,32.674145,32.674145
200321S,2003030612,35.0,35.0,35.0,35.0,35.0,35.0,35.0,35.115192,35.115192,35.115192
200321S,2003030615,35.0,35.0,35.0,33.0,35.0,35.0,35.0,27.849453,27.849453,27.849453
200321S,2003030618,35.0,35.0,35.0,30.0,35.0,35.0,35.0,33.144325,33.144325,33.144325
200321S,2003030621,35.0,35.0,35.0,30.0,35.0,35.0,35.0,31.9367,31.9367,31.9367
200321S,2003030700,35.0,35.0,35.0,30.0,35.0,35.0,35.0,30.817291,30.817291,30.817291
200321S,2003030703,35.0,35.0,33.0,30.0,35.0,35.0,35.0,31.615389,31.615389,31.615389
200321S,2003030706,35.0,35.0,30.0,30.0,35.0,35.0,35.0,29.238007,29.238007,29.238007
200321S,2003030709,35.0,33.0,30.0,30.0,35.0,35.0,35.0,30.39166,30.39166,30.39166
200321S,2003030712,35.0,30.0,30.0,30.0,35.0,35.0,35.0,31.989635,31.989635,31.989635
200321S,2003030715,33.0,30.0,30.0,30.0,33.0,33.0,33.0,37.725403,37.725403,37.725403
200321S,2003030718,30.0,30.0,30.0,30.0,30.0,30.0,30.0,37.394627,37.394627,37.394627
200321S,2003030721,30.0,30.0,30.0,28.0,30.0,30.0,30.0,42.600246,42.600246,42.600246
200321S,2003030800,30.0,30.0,30.0,25.0,30.0,30.0,30.0,44.30727,44.30727,44.30727
200321S,2003030803,30.0,30.0,30.0,25.0,30.0,30.0,30.0,33.32597,33.32597,33.32597
200321S,2003030806,30.0,30.0,30.0,25.0,30.0,30.0,30.0,27.84746,27.84746,27.84746
200321S,2003030809,30.0,30.0,28.0,25.0,30.0,30.0,30.0,31.4259,31.4259,31.4259
200321S,2003030812,30.0,30.0,25.0,25.0,30.0,30.0,30.0,33.373734,33.373734,33.373734
200322W,2003102118,25.0,25.0,25.0,25.0,25.0,25.0,25.0,26.424171,26.424171,26.424171
200322W,2003102121,25.0,25.0,25.0,25.0,25.0,25.0,25.0,24.435324,24.435324,24.435324
200322W,2003102200,25.0,25.0,25.0,25.0,25.0,25.0,25.0,27.81412,27.81412,27.81412
200322W,2003102203,25.0,25.0,25.0,25.0,25.0,25.0,25.0,24.5441,24.5441,24.5441
200322W,2003102206,25.0,25.0,25.0,25.0,25.0,25.0,25.0,31.404331,31.404331,31.404331
200322W,2003102209,25.0,25.0,25.0,25.0,25.0,25.0,25.0,29.086943,29.086943,29.086943
200322W,2003102212,25.0,25.0,25.0,25.0,25.0,25.0,25.0,26.427006,26.427006,26.427006
200322W,2003102215,25.0,25.0,25.0,23.0,25.0,25.0,25.0,23.396446,23.396446,23.396446
200322W,2003102218,25.0,25.0,25.0,20.0,25.0,25.0,25.0,28.094717,28.094717,28.094717
200322W,2003102221,25.0,25.0,25.0,20.0,25.0,25.0,25.0,24.275784,24.275784,24.275784
200322W,2003102300,25.0,25.0,25.0,20.0,25.0,25.0,25.0,23.042849,23.042849,23.042849
200403W,2004040218,25.0,25.0,25.0,25.0,25.0,25.0,25.0,23.851843,23.851843,23.851843
200403W,2004040221,25.0,25.0,25.0,28.0,25.0,25.0,25.0,21.208775,21.208775,21.208775
200403W,2004040300,25.0,25.0,25.0,30.0,25.0,25.0,25.0,22.453821,22.453821,22.453821
200403W,2004040303,25.0,25.0,25.0,30.0,25.0,25.0,25.0,20.615686,20.615686,20.615686
200403W,2004040306,25.0,25.0,25.0,30.0,25.0,25.0,25.0,21.86493,21.86493,21.86493
200403W,2004040309,25.0,25.0,28.0,33.0,25.0,25.0,25.0,26.029198,26.029198,26.029198
200403W,2004040312,25.0,25.0,30.0,35.0,25.0,25.0,25.0,24.052475,24.052475,24.052475
200403W,2004040315,25.0,28.0,30.0,35.0,25.0,25.0,25.0,26.030865,26.030865,26.030865
200403W,2004040318,25.0,30.0,30.0,35.0,25.0,25.0,25.0,24.328411,24.328411,24.328411
200403W,2004040321,28.0,30.0,33.0,38.0,28.0,28.0,28.0,29.253515,29.253515,29.253515
200403W,2004040400,30.0,30.0,35.0,40.0,30.0,30.0,30.0,31.544298,31.544298,31.544298
200403W,2004040403,30.0,33.0,35.0,45.0,30.0,30.0,30.0,27.872185,27.872185,27.872185
200403W,2004040406,30.0,35.0,35.0,50.0,30.0,30.0,30.0,24.20172,24.20172,24.20172
200403W,2004040409,33.0,35.0,38.0,53.0,33.0,33.0,33.0,26.41101,26.41101,26.41101
200403W,2004040412,35.0,35.0,40.0,55.0,35.0,35.0,35.0,31.675804,31.675804,31.675804
200403W,2004040415,35.0,38.0,45.0,55.0,35.0,35.0,35.0,29.777073,29.777073,29.777073
200403W,2004040418,35.0,40.0,50.0,55.0,35.0,35.0,35.0,33.89974,33.89974,33.89974
200403W,2004040421,38.0,45.0,53.0,60.0,38.0,38.0,38.0,49.830914,49.830914,49.830914
200403W,2004040500,40.0,50.0,55.0,65.0,40.0,40.0,40.0,37.97071,37.97071,37.97071
200403W,2004040503,45.0,53.0,55.0,65.0,45.0,45.0,45.0,30.25308,30.25308,30.25308
200403W,2004040506,50.0,55.0,55.0,65.0,50.0,50.0,50.0,51.329304,51.329304,51.329304
200403W,2004040509,53.0,55.0,60.0,70.0,53.0,53.0,53.0,52.286537,52.286537,52.286537
200403W,2004040512,55.0,55.0,65.0,75.0,55.0,55.0,55.0,39.739624,39.739624,39.739624
200403W,2004040515,55.0,60.0,65.0,75.0,55.0,55.0,55.0,43.78287,43.78287,43.78287
200403W,2004040518,55.0,65.0,65.0,75.0,55.0,55.0,55.0,40.627438,40.627438,40.627438
200403W,2004040521,60.0,65.0,70.0,78.0,60.0,60.0,60.0,40.86759,40.86759,40.86759
200403W,2004040600,65.0,65.0,75.0,80.0,65.0,65.0,65.0,42.830738,42.830738,42.830738
200403W,2004040603,65.0,70.0,75.0,85.0,65.0,65.0,65.0,35.001232,35.001232,35.001232
200403W,2004040606,65.0,75.0,75.0,90.0,65.0,65.0,65.0,35.04482,35.04482,35.04482
200403W,2004040609,70.0,75.0,78.0,90.0,70.0,70.0,70.0,31.26227,31.26227,31.26227
200403W,2004040612,75.0,75.0,80.0,90.0,75.0,75.0,75.0,30.469593,30.469593,30.469593
200403W,2004040615,75.0,78.0,85.0,93.0,75.0,75.0,75.0,58.04811,58.04811,58.04811
200403W,2004040618,75.0,80.0,90.0,95.0,75.0,75.0,75.0,49.441685,49.441685,49.441685
200403W,2004040621,78.0,85.0,90.0,98.0,78.0,78.0,78.0,62.45416,62.45416,62.45416
200403W,2004040700,80.0,90.0,90.0,100.0,80.0,80.0,80.0,74.9525,74.9525,74.9525
200403W,2004040703,85.0,90.0,93.0,108.0,85.0,85.0,85.0,52.326218,52.326218,52.326218
200403W,2004040706,90.0,90.0,95.0,115.0,90.0,90.0,90.0,60.254436,60.254436,60.254436
200403W,2004040709,90.0,93.0,98.0,115.0,90.0,90.0,90.0,64.93683,64.93683,64.93683
200403W,2004040712,90.0,95.0,100.0,115.0,90.0,90.0,90.0,70.05967,70.05967,70.05967
200403W,2004040715,93.0,98.0,108.0,113.0,93.0,93.0,93.0,86.44454,86.44454,86.44454
200403W,2004040718,95.0,100.0,115.0,110.0,95.0,95.0,95.0,80.83407,80.83407,80.83407
200403W,2004040721,98.0,108.0,115.0,110.0,98.0,98.0,98.0,80.40957,80.40957,80.40957
200403W,2004040800,100.0,115.0,115.0,110.0,100.0,100.0,100.0,105.52372,105.52372,105.52372
200403W,2004040803,108.0,115.0,113.0,110.0,108.0,108.0,108.0,91.2005,91.2005,91.2005
200403W,2004040806,115.0,115.0,110.0,110.0,115.0,115.0,115.0,101.68042,101.68042,101.68042
200403W,2004040809,115.0,113.0,110.0,113.0,115.0,115.0,115.0,105.043976,105.043976,105.043976
200403W,2004040812,115.0,110.0,110.0,115.0,115.0,115.0,115.0,100.784676,100.784676,100.784676
200403W,2004040815,113.0,110.0,110.0,120.0,113.0,113.0,113.0,109.823105,109.823105,109.823105
200403W,2004040818,110.0,110.0,110.0,125.0,110.0,110.0,110.0,91.2515,91.2515,91.2515
200403W,2004040821,110.0,110.0,113.0,128.0,110.0,110.0,110.0,89.0471,89.0471,89.0471
200403W,2004040900,110.0,110.0,115.0,130.0,110.0,110.0,110.0,98.51927,98.51927,98.51927
200403W,2004040903,110.0,113.0,120.0,130.0,110.0,110.0,110.0,121.40476,121.40476,121.40476
200403W,2004040906,110.0,115.0,125.0,130.0,110.0,110.0,110.0,81.17973,81.17973,81.17973
200403W,2004040909,113.0,120.0,128.0,125.0,113.0,113.0,113.0,88.692665,88.692665,88.692665
200403W,2004040912,115.0,125.0,130.0,120.0,115.0,115.0,115.0,83.87153,83.87153,83.87153
200403W,2004040915,120.0,128.0,130.0,118.0,120.0,120.0,120.0,100.632866,100.632866,100.632866
200403W,2004040918,125.0,130.0,130.0,115.0,125.0,125.0,125.0,124.75903,124.75903,124.75903
200403W,2004040921,128.0,130.0,125.0,115.0,128.0,128.0,128.0,107.37257,107.37257,107.37257
200403W,2004041000,130.0,130.0,120.0,115.0,130.0,130.0,130.0,116.033875,116.033875,116.033875
200403W,2004041003,130.0,125.0,118.0,115.0,130.0,130.0,130.0,118.93687,118.93687,118.93687
200403W,2004041006,130.0,120.0,115.0,115.0,130.0,130.0,130.0,109.82314,109.82314,109.82314
200403W,2004041009,125.0,118.0,115.0,113.0,125.0,125.0,125.0,109.4303,109.4303,109.4303
200403W,2004041012,120.0,115.0,115.0,110.0,120.0,120.0,120.0,110.199486,110.199486,110.199486
200403W,2004041015,118.0,115.0,115.0,113.0,118.0,118.0,118.0,107.29739,107.29739,107.29739
200403W,2004041018,115.0,115.0,115.0,115.0,115.0,115.0,115.0,102.607574,102.607574,102.607574
200403W,2004041021,115.0,115.0,113.0,115.0,115.0,115.0,115.0,105.58561,105.58561,105.58561
200403W,2004041100,115.0,115.0,110.0,115.0,115.0,115.0,115.0,111.798096,111.798096,111.798096
200403W,2004041103,115.0,113.0,113.0,115.0,115.0,115.0,115.0,111.19525,111.19525,111.19525
200403W,2004041106,115.0,110.0,115.0,115.0,115.0,115.0,115.0,90.08225,90.08225,90.08225
200403W,2004041109,113.0,113.0,115.0,118.0,113.0,113.0,113.0,98.75443,98.75443,98.75443
200403W,2004041112,110.0,115.0,115.0,120.0,110.0,110.0,110.0,100.08781,100.08781,100.08781
200403W,2004041115,113.0,115.0,115.0,120.0,113.0,113.0,113.0,105.88834,105.88834,105.88834
200403W,2004041118,115.0,115.0,115.0,120.0,115.0,115.0,115.0,109.170654,109.170654,109.170654
200403W,2004041121,115.0,115.0,118.0,120.0,115.0,115.0,115.0,103.84095,103.84095,103.84095
200403W,2004041200,115.0,115.0,120.0,120.0,115.0,115.0,115.0,108.961845,108.961845,108.961845
200403W,2004041203,115.0,118.0,120.0,123.0,115.0,115.0,115.0,110.37122,110.37122,110.37122
200403W,2004041206,115.0,120.0,120.0,125.0,115.0,115.0,115.0,119.6543,119.6543,119.6543
200403W,2004041209,118.0,120.0,120.0,120.0,118.0,118.0,118.0,120.1027,120.1027,120.1027
200403W,2004041212,120.0,120.0,120.0,115.0,120.0,120.0,120.0,115.59468,115.59468,115.59468
200403W,2004041215,120.0,120.0,123.0,115.0,120.0,120.0,120.0,109.58164,109.58164,109.58164
200403W,2004041218,120.0,120.0,125.0,115.0,120.0,120.0,120.0,109.78113,109.78113,109.78113
200403W,2004041221,120.0,123.0,120.0,110.0,120.0,120.0,120.0,112.59135,112.59135,112.59135
200403W,2004041300,120.0,125.0,115.0,105.0,120.0,120.0,120.0,116.1095,116.1095,116.1095
200403W,2004041303,123.0,120.0,115.0,105.0,123.0,123.0,123.0,115.908966,115.908966,115.908966
200403W,2004041306,125.0,115.0,115.0,105.0,125.0,125.0,125.0,111.6227,111.6227,111.6227
200403W,2004041309,120.0,115.0,110.0,103.0,120.0,120.0,120.0,113.38782,113.38782,113.38782
200403W,2004041312,115.0,115.0,105.0,100.0,115.0,115.0,115.0,108.836525,108.836525,108.836525
200403W,2004041315,115.0,110.0,105.0,95.0,115.0,115.0,115.0,109.681305,109.681305,109.681305
200403W,2004041318,115.0,105.0,105.0,90.0,115.0,115.0,115.0,120.3594,120.3594,120.3594
200403W,2004041321,110.0,105.0,103.0,88.0,110.0,110.0,110.0,112.93012,112.93012,112.93012
200403W,2004041400,105.0,105.0,100.0,85.0,105.0,105.0,105.0,106.03537,106.03537,106.03537
200403W,2004041403,105.0,103.0,95.0,78.0,105.0,105.0,105.0,99.50475,99.50475,99.50475
200403W,2004041406,105.0,100.0,90.0,70.0,105.0,105.0,105.0,96.95852,96.95852,96.95852
200403W,2004041409,103.0,95.0,88.0,63.0,103.0,103.0,103.0,93.100876,93.100876,93.100876
200403W,2004041412,100.0,90.0,85.0,55.0,100.0,100.0,100.0,97.877716,97.877716,97.877716
200403W,2004041415,95.0,88.0,78.0,48.0,95.0,95.0,95.0,88.42303,88.42303,88.42303
200403W,2004041418,90.0,85.0,70.0,40.0,90.0,90.0,90.0,84.797264,84.797264,84.797264
200404E,2004071912,35.0,45.0,45.0,45.0,35.0,35.0,35.0,31.005665,31.005665,31.005665
200404E,2004071915,40.0,45.0,45.0,48.0,40.0,40.0,40.0,28.7523,28.7523,28.7523
200404E,2004071918,45.0,45.0,45.0,50.0,45.0,45.0,45.0,29.903969,29.903969,29.903969
200404E,2004071921,45.0,45.0,45.0,50.0,45.0,45.0,45.0,32.88216,32.88216,32.88216
200404E,2004072000,45.0,45.0,45.0,50.0,45.0,45.0,45.0,30.599195,30.599195,30.599195
200404E,2004072003,45.0,45.0,48.0,50.0,45.0,45.0,45.0,34.60871,34.60871,34.60871
200404E,2004072006,45.0,45.0,50.0,50.0,45.0,45.0,45.0,31.468842,31.468842,31.468842
200404E,2004072009,45.0,48.0,50.0,53.0,45.0,45.0,45.0,34.69359,34.69359,34.69359
200404E,2004072012,45.0,50.0,50.0,55.0,45.0,45.0,45.0,43.197384,43.197384,43.197384
200404E,2004072015,48.0,50.0,50.0,58.0,48.0,48.0,48.0,37.678246,37.678246,37.678246
200404E,2004072018,50.0,50.0,50.0,60.0,50.0,50.0,50.0,36.061604,36.061604,36.061604
200404E,2004072021,50.0,50.0,53.0,63.0,50.0,50.0,50.0,39.74493,39.74493,39.74493
200404E,2004072100,50.0,50.0,55.0,65.0,50.0,50.0,50.0,37.85126,37.85126,37.85126
200404E,2004072103,50.0,53.0,58.0,70.0,50.0,50.0,50.0,37.475876,37.475876,37.475876
200404E,2004072106,50.0,55.0,60.0,75.0,50.0,50.0,50.0,41.234676,41.234676,41.234676
200404E,2004072109,53.0,58.0,63.0,73.0,53.0,53.0,53.0,43.489994,43.489994,43.489994
200404E,2004072112,55.0,60.0,65.0,70.0,55.0,55.0,55.0,44.743195,44.743195,44.743195
200404E,2004072115,58.0,63.0,70.0,65.0,58.0,58.0,58.0,44.279575,44.279575,44.279575
200404E,2004072118,60.0,65.0,75.0,60.0,60.0,60.0,60.0,38.381653,38.381653,38.381653
200404E,2004072121,63.0,70.0,73.0,55.0,63.0,63.0,63.0,38.88255,38.88255,38.88255
200404E,2004072200,65.0,75.0,70.0,50.0,65.0,65.0,65.0,49.085007,49.085007,49.085007
200404E,2004072203,70.0,73.0,65.0,45.0,70.0,70.0,70.0,50.312244,50.312244,50.312244
200404E,2004072206,75.0,70.0,60.0,40.0,75.0,75.0,75.0,41.51732,41.51732,41.51732
200404E,2004072209,73.0,65.0,55.0,38.0,73.0,73.0,73.0,50.70696,50.70696,50.70696
200404E,2004072212,70.0,60.0,50.0,35.0,70.0,70.0,70.0,44.31095,44.31095,44.31095
200404E,2004072215,65.0,55.0,45.0,35.0,65.0,65.0,65.0,43.6132,43.6132,43.6132
200404E,2004072218,60.0,50.0,40.0,35.0,60.0,60.0,60.0,34.5224,34.5224,34.5224
200404E,2004072221,55.0,45.0,38.0,35.0,55.0,55.0,55.0,32.14269,32.14269,32.14269
200404E,2004072300,50.0,40.0,35.0,35.0,50.0,50.0,50.0,31.111954,31.111954,31.111954
200404E,2004072303,45.0,38.0,35.0,35.0,45.0,45.0,45.0,32.92864,32.92864,32.92864
200404E,2004072306,40.0,35.0,35.0,35.0,40.0,40.0,40.0,34.178688,34.178688,34.178688
200404E,2004072309,38.0,35.0,35.0,33.0,38.0,38.0,38.0,39.659683,39.659683,39.659683
200404E,2004072312,35.0,35.0,35.0,30.0,35.0,35.0,35.0,32.748405,32.748405,32.748405
200404E,2004072315,35.0,35.0,35.0,30.0,35.0,35.0,35.0,29.568443,29.568443,29.568443
200404E,2004072318,35.0,35.0,35.0,30.0,35.0,35.0,35.0,26.741457,26.741457,26.741457
200404E,2004072321,35.0,35.0,33.0,30.0,35.0,35.0,35.0,31.14205,31.14205,31.14205
200404E,2004072400,35.0,35.0,30.0,30.0,35.0,35.0,35.0,37.17405,37.17405,37.17405
200404E,2004072403,35.0,33.0,30.0,30.0,35.0,35.0,35.0,41.192417,41.192417,41.192417
200404E,2004072406,35.0,30.0,30.0,30.0,35.0,35.0,35.0,29.955507,29.955507,29.955507
200404E,2004072409,33.0,30.0,30.0,30.0,33.0,33.0,33.0,31.17403,31.17403,31.17403
200404E,2004072412,30.0,30.0,30.0,30.0,30.0,30.0,30.0,31.253494,31.253494,31.253494
200404E,2004072415,30.0,30.0,30.0,28.0,30.0,30.0,30.0,30.702381,30.702381,30.702381
200404E,2004072418,30.0,30.0,30.0,25.0,30.0,30.0,30.0,25.594595,25.594595,25.594595
200404E,2004072421,30.0,30.0,30.0,25.0,30.0,30.0,30.0,26.736683,26.736683,26.736683
200404E,2004072500,30.0,30.0,30.0,25.0,30.0,30.0,30.0,25.693485,25.693485,25.693485
200404E,2004072503,30.0,30.0,28.0,25.0,30.0,30.0,30.0,31.220272,31.220272,31.220272
200404E,2004072506,30.0,30.0,25.0,25.0,30.0,30.0,30.0,28.531366,28.531366,28.531366
200405L,2004081406,30.0,30.0,35.0,45.0,30.0,30.0,30.0,33.820705,33.820705,33.820705
200405L,2004081409,30.0,33.0,35.0,45.0,30.0,30.0,30.0,30.171864,30.171864,30.171864
200405L,2004081412,30.0,35.0,35.0,45.0,30.0,30.0,30.0,29.98784,29.98784,29.98784
200405L,2004081415,33.0,35.0,40.0,40.0,33.0,33.0,33.0,31.732403,31.732403,31.732403
200405L,2004081418,35.0,35.0,45.0,35.0,35.0,35.0,35.0,33.164192,33.164192,33.164192
200406W,2004051518,25.0,25.0,30.0,35.0,25.0,25.0,25.0,24.370756,24.370756,24.370756
200406W,2004051521,25.0,28.0,33.0,38.0,25.0,25.0,25.0,28.083511,28.083511,28.083511
200406W,2004051600,25.0,30.0,35.0,40.0,25.0,25.0,25.0,26.129284,26.129284,26.129284
200406W,2004051603,28.0,33.0,35.0,43.0,28.0,28.0,28.0,25.56048,25.56048,25.56048
200406W,2004051606,30.0,35.0,35.0,45.0,30.0,30.0,30.0,26.128883,26.128883,26.128883
200406W,2004051609,33.0,35.0,38.0,48.0,33.0,33.0,33.0,28.683432,28.683432,28.683432
200406W,2004051612,35.0,35.0,40.0,50.0,35.0,35.0,35.0,30.443214,30.443214,30.443214
200406W,2004051615,35.0,38.0,43.0,53.0,35.0,35.0,35.0,30.978504,30.978504,30.978504
200406W,2004051618,35.0,40.0,45.0,55.0,35.0,35.0,35.0,21.704397,21.704397,21.704397
200406W,2004051621,38.0,43.0,48.0,55.0,38.0,38.0,38.0,26.81247,26.81247,26.81247
200406W,2004051700,40.0,45.0,50.0,55.0,40.0,40.0,40.0,24.901936,24.901936,24.901936
200406W,2004051703,43.0,48.0,53.0,55.0,43.0,43.0,43.0,25.168509,25.168509,25.168509
200406W,2004051706,45.0,50.0,55.0,55.0,45.0,45.0,45.0,25.145975,25.145975,25.145975
200406W,2004051709,48.0,53.0,55.0,55.0,48.0,48.0,48.0,30.177563,30.177563,30.177563
200406W,2004051712,50.0,55.0,55.0,55.0,50.0,50.0,50.0,32.142834,32.142834,32.142834
200406W,2004051715,53.0,55.0,55.0,55.0,53.0,53.0,53.0,42.849003,42.849003,42.849003
200406W,2004051718,55.0,55.0,55.0,55.0,55.0,55.0,55.0,32.902,32.902,32.902
200406W,2004051721,55.0,55.0,55.0,58.0,55.0,55.0,55.0,31.218721,31.218721,31.218721
200406W,2004051800,55.0,55.0,55.0,60.0,55.0,55.0,55.0,33.376938,33.376938,33.376938
200406W,2004051803,55.0,55.0,55.0,60.0,55.0,55.0,55.0,39.79705,39.79705,39.79705
200406W,2004051806,55.0,55.0,55.0,60.0,55.0,55.0,55.0,30.170328,30.170328,30.170328
200406W,2004051809,55.0,55.0,58.0,60.0,55.0,55.0,55.0,36.47224,36.47224,36.47224
200406W,2004051812,55.0,55.0,60.0,60.0,55.0,55.0,55.0,35.350014,35.350014,35.350014
200406W,2004051815,55.0,58.0,60.0,60.0,55.0,55.0,55.0,33.5055,33.5055,33.5055
200406W,2004051818,55.0,60.0,60.0,60.0,55.0,55.0,55.0,35.48361,35.48361,35.48361
200406W,2004051821,58.0,60.0,60.0,60.0,58.0,58.0,58.0,32.84506,32.84506,32.84506
200406W,2004051900,60.0,60.0,60.0,60.0,60.0,60.0,60.0,36.35368,36.35368,36.35368
200406W,2004051903,60.0,60.0,60.0,58.0,60.0,60.0,60.0,41.326717,41.326717,41.326717
200406W,2004051906,60.0,60.0,60.0,55.0,60.0,60.0,60.0,45.465275,45.465275,45.465275
200406W,2004051909,60.0,60.0,60.0,53.0,60.0,60.0,60.0,42.51624,42.51624,42.51624
200406W,2004051912,60.0,60.0,60.0,50.0,60.0,60.0,60.0,61.014965,61.014965,61.014965
200406W,2004051915,60.0,60.0,58.0,45.0,60.0,60.0,60.0,43.603764,43.603764,43.603764
200406W,2004051918,60.0,60.0,55.0,40.0,60.0,60.0,60.0,62.763596,62.763596,62.763596
200406W,2004051921,60.0,58.0,53.0,38.0,60.0,60.0,60.0,47.369923,47.369923,47.369923
200406W,2004052000,60.0,55.0,50.0,35.0,60.0,60.0,60.0,55.771717,55.771717,55.771717
200406W,2004052003,58.0,53.0,45.0,35.0,58.0,58.0,58.0,33.48485,33.48485,33.48485
200406W,2004052006,55.0,50.0,40.0,35.0,55.0,55.0,55.0,32.935497,32.935497,32.935497
200406W,2004052009,53.0,45.0,38.0,35.0,53.0,53.0,53.0,31.500309,31.500309,31.500309
200406W,2004052012,50.0,40.0,35.0,35.0,50.0,50.0,50.0,26.548681,26.548681,26.548681
200406W,2004052015,45.0,38.0,35.0,35.0,45.0,45.0,45.0,29.705969,29.705969,29.705969
200406W,2004052018,40.0,35.0,35.0,35.0,40.0,40.0,40.0,33.644268,33.644268,33.644268
200406W,2004052021,38.0,35.0,35.0,33.0,38.0,38.0,38.0,27.697441,27.697441,27.697441
200406W,2004052100,35.0,35.0,35.0,30.0,35.0,35.0,35.0,29.85455,29.85455,29.85455
200407E,2004081918,30.0,30.0,35.0,45.0,30.0,30.0,30.0,21.747091,21.747091,21.747091
200407E,2004081921,30.0,33.0,35.0,50.0,30.0,30.0,30.0,23.868656,23.868656,23.868656
200407E,2004082000,30.0,35.0,35.0,55.0,30.0,30.0,30.0,28.20355,28.20355,28.20355
200407E,2004082003,33.0,35.0,40.0,55.0,33.0,33.0,33.0,33.193188,33.193188,33.193188
200407E,2004082006,35.0,35.0,45.0,55.0,35.0,35.0,35.0,28.005154,28.005154,28.005154
200407E,2004082009,35.0,40.0,50.0,58.0,35.0,35.0,35.0,35.021744,35.021744,35.021744
200407E,2004082012,35.0,45.0,55.0,60.0,35.0,35.0,35.0,33.118885,33.118885,33.118885
200407E,2004082015,40.0,50.0,55.0,60.0,40.0,40.0,40.0,37.68472,37.68472,37.68472
200407E,2004082018,45.0,55.0,55.0,60.0,45.0,45.0,45.0,41.06952,41.06952,41.06952
200407E,2004082021,50.0,55.0,58.0,58.0,50.0,50.0,50.0,33.18175,33.18175,33.18175
200407E,2004082100,55.0,55.0,60.0,55.0,55.0,55.0,55.0,44.847595,44.847595,44.847595
200407E,2004082103,55.0,58.0,60.0,53.0,55.0,55.0,55.0,48.56847,48.56847,48.56847
200407E,2004082106,55.0,60.0,60.0,50.0,55.0,55.0,55.0,47.724163,47.724163,47.724163
200407E,2004082109,58.0,60.0,58.0,43.0,58.0,58.0,58.0,42.4008,42.4008,42.4008
200407E,2004082112,60.0,60.0,55.0,35.0,60.0,60.0,60.0,41.57242,41.57242,41.57242
200407E,2004082115,60.0,58.0,53.0,35.0,60.0,60.0,60.0,41.49603,41.49603,41.49603
200407E,2004082118,60.0,55.0,50.0,35.0,60.0,60.0,60.0,38.439915,38.439915,38.439915
200407E,2004082121,58.0,53.0,43.0,33.0,58.0,58.0,58.0,31.737526,31.737526,31.737526
200407E,2004082200,55.0,50.0,35.0,30.0,55.0,55.0,55.0,36.93848,36.93848,36.93848
200407E,2004082203,53.0,43.0,35.0,30.0,53.0,53.0,53.0,46.255566,46.255566,46.255566
200407E,2004082206,50.0,35.0,35.0,30.0,50.0,50.0,50.0,37.927334,37.927334,37.927334
200407E,2004082209,43.0,35.0,33.0,30.0,43.0,43.0,43.0,30.970558,30.970558,30.970558
200407E,2004082212,35.0,35.0,30.0,30.0,35.0,35.0,35.0,29.08309,29.08309,29.08309
200407E,2004082215,35.0,33.0,30.0,30.0,35.0,35.0,35.0,23.18993,23.18993,23.18993
200407E,2004082218,35.0,30.0,30.0,30.0,35.0,35.0,35.0,21.95288,21.95288,21.95288
200407E,2004082221,33.0,30.0,30.0,28.0,33.0,33.0,33.0,21.943748,21.943748,21.943748
200407E,2004082300,30.0,30.0,30.0,25.0,30.0,30.0,30.0,20.443346,20.443346,20.443346
200407E,2004082303,30.0,30.0,30.0,25.0,30.0,30.0,30.0,23.672606,23.672606,23.672606
200407E,2004082306,30.0,30.0,30.0,25.0,30.0,30.0,30.0,22.592905,22.592905,22.592905
200407E,2004082309,30.0,30.0,28.0,25.0,30.0,30.0,30.0,23.06429,23.06429,23.06429
200407E,2004082312,30.0,30.0,25.0,25.0,30.0,30.0,30.0,23.4049,23.4049,23.4049
200407E,2004082315,30.0,28.0,25.0,23.0,30.0,30.0,30.0,22.085682,22.085682,22.085682
200407E,2004082318,30.0,25.0,25.0,20.0,30.0,30.0,30.0,23.329506,23.329506,23.329506
200407E,2004082321,28.0,25.0,25.0,20.0,28.0,28.0,28.0,24.827747,24.827747,24.827747
200407E,2004082400,25.0,25.0,25.0,20.0,25.0,25.0,25.0,28.333101,28.333101,28.333101
200407E,2004082403,25.0,25.0,23.0,20.0,25.0,25.0,25.0,25.25587,25.25587,25.25587
200407E,2004082406,25.0,25.0,20.0,20.0,25.0,25.0,25.0,25.919664,25.919664,25.919664
200407E,2004082409,25.0,23.0,20.0,20.0,25.0,25.0,25.0,24.667143,24.667143,24.667143
200407E,2004082412,25.0,20.0,20.0,20.0,25.0,25.0,25.0,23.940083,23.940083,23.940083
200407E,2004082415,23.0,20.0,20.0,20.0,23.0,23.0,23.0,26.993437,26.993437,26.993437
200407E,2004082418,20.0,20.0,20.0,20.0,20.0,20.0,20.0,26.92033,26.92033,26.92033
200407W,2004060500,30.0,30.0,35.0,45.0,30.0,30.0,30.0,30.314512,30.314512,30.314512
200407W,2004060503,30.0,33.0,38.0,45.0,30.0,30.0,30.0,28.144283,28.144283,28.144283
200407W,2004060506,30.0,35.0,40.0,45.0,30.0,30.0,30.0,27.066118,27.066118,27.066118
200407W,2004060509,33.0,38.0,43.0,45.0,33.0,33.0,33.0,25.797417,25.797417,25.797417
200407W,2004060512,35.0,40.0,45.0,45.0,35.0,35.0,35.0,26.36038,26.36038,26.36038
200407W,2004060515,38.0,43.0,45.0,45.0,38.0,38.0,38.0,26.810154,26.810154,26.810154
200407W,2004060518,40.0,45.0,45.0,45.0,40.0,40.0,40.0,37.12678,37.12678,37.12678
200407W,2004060521,43.0,45.0,45.0,48.0,43.0,43.0,43.0,30.239826,30.239826,30.239826
200407W,2004060600,45.0,45.0,45.0,50.0,45.0,45.0,45.0,37.932537,37.932537,37.932537
200407W,2004060603,45.0,45.0,45.0,53.0,45.0,45.0,45.0,30.429018,30.429018,30.429018
200407W,2004060606,45.0,45.0,45.0,55.0,45.0,45.0,45.0,39.65536,39.65536,39.65536
200407W,2004060609,45.0,45.0,48.0,58.0,45.0,45.0,45.0,43.94534,43.94534,43.94534
200407W,2004060612,45.0,45.0,50.0,60.0,45.0,45.0,45.0,38.357716,38.357716,38.357716
200407W,2004060615,45.0,48.0,53.0,63.0,45.0,45.0,45.0,34.18073,34.18073,34.18073
200407W,2004060618,45.0,50.0,55.0,65.0,45.0,45.0,45.0,34.68125,34.68125,34.68125
200407W,2004060621,48.0,53.0,58.0,65.0,48.0,48.0,48.0,36.295303,36.295303,36.295303
200407W,2004060700,50.0,55.0,60.0,65.0,50.0,50.0,50.0,39.275455,39.275455,39.275455
200407W,2004060703,53.0,58.0,63.0,70.0,53.0,53.0,53.0,48.539364,48.539364,48.539364
200407W,2004060706,55.0,60.0,65.0,75.0,55.0,55.0,55.0,52.35728,52.35728,52.35728
200407W,2004060709,58.0,63.0,65.0,80.0,58.0,58.0,58.0,47.437153,47.437153,47.437153
200407W,2004060712,60.0,65.0,65.0,85.0,60.0,60.0,60.0,43.84765,43.84765,43.84765
200407W,2004060715,63.0,65.0,70.0,88.0,63.0,63.0,63.0,43.037518,43.037518,43.037518
200407W,2004060718,65.0,65.0,75.0,90.0,65.0,65.0,65.0,65.441734,65.441734,65.441734
200407W,2004060721,65.0,70.0,80.0,90.0,65.0,65.0,65.0,57.161953,57.161953,57.161953
200407W,2004060800,65.0,75.0,85.0,90.0,65.0,65.0,65.0,78.801414,78.801414,78.801414
200407W,2004060803,70.0,80.0,88.0,90.0,70.0,70.0,70.0,61.808483,61.808483,61.808483
200407W,2004060806,75.0,85.0,90.0,90.0,75.0,75.0,75.0,69.55825,69.55825,69.55825
200407W,2004060809,80.0,88.0,90.0,95.0,80.0,80.0,80.0,86.59977,86.59977,86.59977
200407W,2004060812,85.0,90.0,90.0,100.0,85.0,85.0,85.0,90.32166,90.32166,90.32166
200407W,2004060815,88.0,90.0,90.0,100.0,88.0,88.0,88.0,80.043755,80.043755,80.043755
200407W,2004060818,90.0,90.0,90.0,100.0,90.0,90.0,90.0,70.259514,70.259514,70.259514
200407W,2004060821,90.0,90.0,95.0,100.0,90.0,90.0,90.0,53.752396,53.752396,53.752396
200407W,2004060900,90.0,90.0,100.0,100.0,90.0,90.0,90.0,47.66753,47.66753,47.66753
200407W,2004060903,90.0,95.0,100.0,93.0,90.0,90.0,90.0,42.274666,42.274666,42.274666
200407W,2004060906,90.0,100.0,100.0,85.0,90.0,90.0,90.0,47.41756,47.41756,47.41756
200407W,2004060909,95.0,100.0,100.0,83.0,95.0,95.0,95.0,60.518436,60.518436,60.518436
200407W,2004060912,100.0,100.0,100.0,80.0,100.0,100.0,100.0,69.35365,69.35365,69.35365
200407W,2004060915,100.0,100.0,93.0,73.0,100.0,100.0,100.0,72.32264,72.32264,72.32264
200407W,2004060918,100.0,100.0,85.0,65.0,100.0,100.0,100.0,68.66236,68.66236,68.66236
200407W,2004060921,100.0,93.0,83.0,60.0,100.0,100.0,100.0,51.311752,51.311752,51.311752
200407W,2004061000,100.0,85.0,80.0,55.0,100.0,100.0,100.0,62.50952,62.50952,62.50952
200407W,2004061003,93.0,83.0,73.0,50.0,93.0,93.0,93.0,44.609047,44.609047,44.609047
200407W,2004061006,85.0,80.0,65.0,45.0,85.0,85.0,85.0,53.65538,53.65538,53.65538
200412E,2004090818,35.0,35.0,35.0,35.0,35.0,35.0,35.0,32.47479,32.47479,32.47479
200412E,2004090821,35.0,35.0,35.0,38.0,35.0,35.0,35.0,34.3893,34.3893,34.3893
200412E,2004090900,35.0,35.0,35.0,40.0,35.0,35.0,35.0,29.040415,29.040415,29.040415
200412E,2004090903,35.0,35.0,35.0,38.0,35.0,35.0,35.0,33.152325,33.152325,33.152325
200412E,2004090906,35.0,35.0,35.0,35.0,35.0,35.0,35.0,34.61071,34.61071,34.61071
200412E,2004090909,35.0,35.0,38.0,33.0,35.0,35.0,35.0,36.05001,36.05001,36.05001
200412E,2004090912,35.0,35.0,40.0,30.0,35.0,35.0,35.0,38.025738,38.025738,38.025738
200412E,2004090915,35.0,38.0,38.0,30.0,35.0,35.0,35.0,28.331783,28.331783,28.331783
200412E,2004090918,35.0,40.0,35.0,30.0,35.0,35.0,35.0,27.799414,27.799414,27.799414
200412E,2004090921,38.0,38.0,33.0,30.0,38.0,38.0,38.0,33.709023,33.709023,33.709023
200412E,2004091000,40.0,35.0,30.0,30.0,40.0,40.0,40.0,32.38974,32.38974,32.38974
200412E,2004091003,38.0,33.0,30.0,30.0,38.0,38.0,38.0,32.568985,32.568985,32.568985
200412E,2004091006,35.0,30.0,30.0,30.0,35.0,35.0,35.0,30.35812,30.35812,30.35812
200412E,2004091009,33.0,30.0,30.0,30.0,33.0,33.0,33.0,34.62265,34.62265,34.62265
200412E,2004091012,30.0,30.0,30.0,30.0,30.0,30.0,30.0,33.228683,33.228683,33.228683
200412E,2004091015,30.0,30.0,30.0,30.0,30.0,30.0,30.0,34.049885,34.049885,34.049885
200412E,2004091018,30.0,30.0,30.0,30.0,30.0,30.0,30.0,31.228134,31.228134,31.228134
200412E,2004091021,30.0,30.0,30.0,33.0,30.0,30.0,30.0,25.613922,25.613922,25.613922
200412E,2004091100,30.0,30.0,30.0,35.0,30.0,30.0,30.0,25.345018,25.345018,25.345018
200412E,2004091103,30.0,30.0,30.0,38.0,30.0,30.0,30.0,31.755188,31.755188,31.755188
200412E,2004091106,30.0,30.0,30.0,40.0,30.0,30.0,30.0,29.31651,29.31651,29.31651
200412E,2004091109,30.0,30.0,33.0,43.0,30.0,30.0,30.0,26.952469,26.952469,26.952469
200412E,2004091112,30.0,30.0,35.0,45.0,30.0,30.0,30.0,26.377823,26.377823,26.377823
200412E,2004091115,30.0,33.0,38.0,45.0,30.0,30.0,30.0,24.194029,24.194029,24.194029
200412E,2004091118,30.0,35.0,40.0,45.0,30.0,30.0,30.0,28.0789,28.0789,28.0789
200412E,2004091121,33.0,38.0,43.0,45.0,33.0,33.0,33.0,30.201324,30.201324,30.201324
200412E,2004091200,35.0,40.0,45.0,45.0,35.0,35.0,35.0,32.20196,32.20196,32.20196
200412E,2004091203,38.0,43.0,45.0,45.0,38.0,38.0,38.0,35.32275,35.32275,35.32275
200412E,2004091206,40.0,45.0,45.0,45.0,40.0,40.0,40.0,35.679237,35.679237,35.679237
200412E,2004091209,43.0,45.0,45.0,45.0,43.0,43.0,43.0,32.110672,32.110672,32.110672
200412E,2004091212,45.0,45.0,45.0,45.0,45.0,45.0,45.0,31.388681,31.388681,31.388681
200412E,2004091215,45.0,45.0,45.0,45.0,45.0,45.0,45.0,31.187744,31.187744,31.187744
200412E,2004091218,45.0,45.0,45.0,45.0,45.0,45.0,45.0,34.515247,34.515247,34.515247
200412E,2004091221,45.0,45.0,45.0,45.0,45.0,45.0,45.0,35.860916,35.860916,35.860916
200412E,2004091300,45.0,45.0,45.0,45.0,45.0,45.0,45.0,40.36972,40.36972,40.36972
200412E,2004091303,45.0,45.0,45.0,43.0,45.0,45.0,45.0,35.45705,35.45705,35.45705
200412E,2004091306,45.0,45.0,45.0,40.0,45.0,45.0,45.0,33.453182,33.453182,33.453182
200412E,2004091309,45.0,45.0,45.0,38.0,45.0,45.0,45.0,32.69791,32.69791,32.69791
200412E,2004091312,45.0,45.0,45.0,35.0,45.0,45.0,45.0,39.29938,39.29938,39.29938
200412E,2004091315,45.0,45.0,43.0,38.0,45.0,45.0,45.0,32.475357,32.475357,32.475357
200412E,2004091318,45.0,45.0,40.0,40.0,45.0,45.0,45.0,30.561956,30.561956,30.561956
200412E,2004091321,45.0,43.0,38.0,45.0,45.0,45.0,45.0,36.81506,36.81506,36.81506
200412E,2004091400,45.0,40.0,35.0,50.0,45.0,45.0,45.0,36.869907,36.869907,36.869907
200412E,2004091403,43.0,38.0,38.0,53.0,43.0,43.0,43.0,34.537647,34.537647,34.537647
200412E,2004091406,40.0,35.0,40.0,55.0,40.0,40.0,40.0,38.777805,38.777805,38.777805
200412E,2004091409,38.0,38.0,45.0,60.0,38.0,38.0,38.0,42.47398,42.47398,42.47398
200412E,2004091412,35.0,40.0,50.0,65.0,35.0,35.0,35.0,38.054375,38.054375,38.054375
200412E,2004091415,38.0,45.0,53.0,63.0,38.0,38.0,38.0,38.27415,38.27415,38.27415
200412E,2004091418,40.0,50.0,55.0,60.0,40.0,40.0,40.0,35.77651,35.77651,35.77651
200412E,2004091421,45.0,53.0,60.0,58.0,45.0,45.0,45.0,42.802227,42.802227,42.802227
200412E,2004091500,50.0,55.0,65.0,55.0,50.0,50.0,50.0,39.320015,39.320015,39.320015
200412E,2004091503,53.0,60.0,63.0,50.0,53.0,53.0,53.0,45.370373,45.370373,45.370373
200412E,2004091506,55.0,65.0,60.0,45.0,55.0,55.0,55.0,43.735565,43.735565,43.735565
200412E,2004091509,60.0,63.0,58.0,38.0,60.0,60.0,60.0,55.606003,55.606003,55.606003
200412E,2004091512,65.0,60.0,55.0,30.0,65.0,65.0,65.0,53.987785,53.987785,53.987785
200412E,2004091515,63.0,58.0,50.0,30.0,63.0,63.0,63.0,59.10379,59.10379,59.10379
200412E,2004091518,60.0,55.0,45.0,30.0,60.0,60.0,60.0,56.185024,56.185024,56.185024
200412E,2004091521,58.0,50.0,38.0,30.0,58.0,58.0,58.0,54.736843,54.736843,54.736843
200412E,2004091600,55.0,45.0,30.0,30.0,55.0,55.0,55.0,49.09056,49.09056,49.09056
200412E,2004091603,50.0,38.0,30.0,30.0,50.0,50.0,50.0,38.721237,38.721237,38.721237
200412E,2004091606,45.0,30.0,30.0,30.0,45.0,45.0,45.0,41.564144,41.564144,41.564144
200412E,2004091609,38.0,30.0,30.0,30.0,38.0,38.0,38.0,33.852146,33.852146,33.852146
200412E,2004091612,30.0,30.0,30.0,30.0,30.0,30.0,30.0,27.848785,27.848785,27.848785
200412E,2004091615,30.0,30.0,30.0,30.0,30.0,30.0,30.0,29.685326,29.685326,29.685326
200412E,2004091618,30.0,30.0,30.0,30.0,30.0,30.0,30.0,33.058285,33.058285,33.058285
200412E,2004091621,30.0,30.0,30.0,30.0,30.0,30.0,30.0,27.247778,27.247778,27.247778
200412E,2004091700,30.0,30.0,30.0,30.0,30.0,30.0,30.0,25.527243,25.527243,25.527243
200412E,2004091703,30.0,30.0,30.0,28.0,30.0,30.0,30.0,27.573488,27.573488,27.573488
200412E,2004091706,30.0,30.0,30.0,25.0,30.0,30.0,30.0,23.48264,23.48264,23.48264
200412E,2004091709,30.0,30.0,30.0,25.0,30.0,30.0,30.0,25.156996,25.156996,25.156996
200412E,2004091712,30.0,30.0,30.0,25.0,30.0,30.0,30.0,24.653034,24.653034,24.653034
200412E,2004091715,30.0,30.0,28.0,25.0,30.0,30.0,30.0,23.478214,23.478214,23.478214
200412E,2004091718,30.0,30.0,25.0,25.0,30.0,30.0,30.0,23.309496,23.309496,23.309496
200412E,2004091721,30.0,28.0,25.0,28.0,30.0,30.0,30.0,26.569866,26.569866,26.569866
200412E,2004091800,30.0,25.0,25.0,30.0,30.0,30.0,30.0,24.61118,24.61118,24.61118
200412E,2004091803,28.0,25.0,25.0,30.0,28.0,28.0,28.0,26.046333,26.046333,26.046333
200412E,2004091806,25.0,25.0,25.0,30.0,25.0,25.0,25.0,23.560701,23.560701,23.560701
200412E,2004091809,25.0,25.0,28.0,30.0,25.0,25.0,25.0,24.464472,24.464472,24.464472
200412E,2004091812,25.0,25.0,30.0,30.0,25.0,25.0,25.0,22.980997,22.980997,22.980997
200412E,2004091815,25.0,28.0,30.0,30.0,25.0,25.0,25.0,22.879145,22.879145,22.879145
200412E,2004091818,25.0,30.0,30.0,30.0,25.0,25.0,25.0,21.269579,21.269579,21.269579
200412E,2004091821,28.0,30.0,30.0,30.0,28.0,28.0,28.0,25.372583,25.372583,25.372583
200412E,2004091900,30.0,30.0,30.0,30.0,30.0,30.0,30.0,24.995274,24.995274,24.995274
200412E,2004091903,30.0,30.0,30.0,30.0,30.0,30.0,30.0,24.226322,24.226322,24.226322
200412E,2004091906,30.0,30.0,30.0,30.0,30.0,30.0,30.0,23.488163,23.488163,23.488163
200412E,2004091909,30.0,30.0,30.0,30.0,30.0,30.0,30.0,25.137318,25.137318,25.137318
200412E,2004091912,30.0,30.0,30.0,30.0,30.0,30.0,30.0,24.983192,24.983192,24.983192
200412E,2004091915,30.0,30.0,30.0,30.0,30.0,30.0,30.0,24.668358,24.668358,24.668358
200412E,2004091918,30.0,30.0,30.0,30.0,30.0,30.0,30.0,25.442314,25.442314,25.442314
200412E,2004091921,30.0,30.0,30.0,30.0,30.0,30.0,30.0,26.238674,26.238674,26.238674
200412E,2004092000,30.0,30.0,30.0,30.0,30.0,30.0,30.0,27.08274,27.08274,27.08274
200413E,2004091106,30.0,35.0,40.0,55.0,30.0,30.0,30.0,26.215252,26.215252,26.215252
200413E,2004091109,33.0,38.0,43.0,58.0,33.0,33.0,33.0,27.272768,27.272768,27.272768
200413E,2004091112,35.0,40.0,45.0,60.0,35.0,35.0,35.0,29.562096,29.562096,29.562096
200413E,2004091115,38.0,43.0,50.0,63.0,38.0,38.0,38.0,31.055475,31.055475,31.055475
200413E,2004091118,40.0,45.0,55.0,65.0,40.0,40.0,40.0,39.89093,39.89093,39.89093
200413E,2004091121,43.0,50.0,58.0,70.0,43.0,43.0,43.0,37.431454,37.431454,37.431454
200413E,2004091200,45.0,55.0,60.0,75.0,45.0,45.0,45.0,35.529213,35.529213,35.529213
200413E,2004091203,50.0,58.0,63.0,83.0,50.0,50.0,50.0,35.845406,35.845406,35.845406
200413E,2004091206,55.0,60.0,65.0,90.0,55.0,55.0,55.0,39.03562,39.03562,39.03562
200413E,2004091209,58.0,63.0,70.0,98.0,58.0,58.0,58.0,39.360188,39.360188,39.360188
200413E,2004091212,60.0,65.0,75.0,105.0,60.0,60.0,60.0,44.64516,44.64516,44.64516
200413E,2004091215,63.0,70.0,83.0,113.0,63.0,63.0,63.0,39.465397,39.465397,39.465397
200413E,2004091218,65.0,75.0,90.0,120.0,65.0,65.0,65.0,37.66625,37.66625,37.66625
200413E,2004091221,70.0,83.0,98.0,125.0,70.0,70.0,70.0,39.37521,39.37521,39.37521
200413E,2004091300,75.0,90.0,105.0,130.0,75.0,75.0,75.0,47.35347,47.35347,47.35347
200413E,2004091303,83.0,98.0,113.0,128.0,83.0,83.0,83.0,45.563908,45.563908,45.563908
200413E,2004091306,90.0,105.0,120.0,125.0,90.0,90.0,90.0,54.342697,54.342697,54.342697
200413E,2004091309,98.0,113.0,125.0,125.0,98.0,98.0,98.0,42.451324,42.451324,42.451324
200413E,2004091312,105.0,120.0,130.0,125.0,105.0,105.0,105.0,81.53374,81.53374,81.53374
200413E,2004091315,113.0,125.0,128.0,125.0,113.0,113.0,113.0,96.3114,96.3114,96.3114
200413E,2004091318,120.0,130.0,125.0,125.0,120.0,120.0,120.0,108.57134,108.57134,108.57134
200413E,2004091321,125.0,128.0,125.0,125.0,125.0,125.0,125.0,108.83028,108.83028,108.83028
200413E,2004091400,130.0,125.0,125.0,125.0,130.0,130.0,130.0,98.27538,98.27538,98.27538
200413E,2004091403,128.0,125.0,125.0,125.0,128.0,128.0,128.0,87.65398,87.65398,87.65398
200413E,2004091406,125.0,125.0,125.0,125.0,125.0,125.0,125.0,56.398476,56.398476,56.398476
200413E,2004091409,125.0,125.0,125.0,120.0,125.0,125.0,125.0,86.61491,86.61491,86.61491
200413E,2004091412,125.0,125.0,125.0,115.0,125.0,125.0,125.0,88.93958,88.93958,88.93958
200413E,2004091415,125.0,125.0,125.0,115.0,125.0,125.0,125.0,70.61681,70.61681,70.61681
200413E,2004091418,125.0,125.0,125.0,115.0,125.0,125.0,125.0,54.94484,54.94484,54.94484
200413E,2004091421,125.0,125.0,120.0,113.0,125.0,125.0,125.0,86.63114,86.63114,86.63114
200413E,2004091500,125.0,125.0,115.0,110.0,125.0,125.0,125.0,39.270123,39.270123,39.270123
200413E,2004091503,125.0,120.0,115.0,105.0,125.0,125.0,125.0,39.92136,39.92136,39.92136
200413E,2004091506,125.0,115.0,115.0,100.0,125.0,125.0,125.0,47.19217,47.19217,47.19217
200413E,2004091509,120.0,115.0,113.0,100.0,120.0,120.0,120.0,55.060326,55.060326,55.060326
200413E,2004091512,115.0,115.0,110.0,100.0,115.0,115.0,115.0,70.95318,70.95318,70.95318
200413E,2004091515,115.0,113.0,105.0,100.0,115.0,115.0,115.0,60.57745,60.57745,60.57745
200413E,2004091518,115.0,110.0,100.0,100.0,115.0,115.0,115.0,52.543724,52.543724,52.543724
200413E,2004091521,113.0,105.0,100.0,100.0,113.0,113.0,113.0,75.586174,75.586174,75.586174
200413E,2004091600,110.0,100.0,100.0,100.0,110.0,110.0,110.0,50.493805,50.493805,50.493805
200413E,2004091603,105.0,100.0,100.0,100.0,105.0,105.0,105.0,82.96887,82.96887,82.96887
200413E,2004091606,100.0,100.0,100.0,100.0,100.0,100.0,100.0,78.425804,78.425804,78.425804
200413E,2004091609,100.0,100.0,100.0,98.0,100.0,100.0,100.0,100.89636,100.89636,100.89636
200413E,2004091612,100.0,100.0,100.0,95.0,100.0,100.0,100.0,95.85635,95.85635,95.85635
200413E,2004091615,100.0,100.0,100.0,93.0,100.0,100.0,100.0,102.90332,102.90332,102.90332
200413E,2004091618,100.0,100.0,100.0,90.0,100.0,100.0,100.0,95.60249,95.60249,95.60249
200413E,2004091621,100.0,100.0,98.0,83.0,100.0,100.0,100.0,106.18525,106.18525,106.18525
200413E,2004091700,100.0,100.0,95.0,75.0,100.0,100.0,100.0,105.6446,105.6446,105.6446
200413E,2004091703,100.0,98.0,93.0,70.0,100.0,100.0,100.0,90.34782,90.34782,90.34782
200413E,2004091706,100.0,95.0,90.0,65.0,100.0,100.0,100.0,85.9312,85.9312,85.9312
200413E,2004091709,98.0,93.0,83.0,58.0,98.0,98.0,98.0,72.59938,72.59938,72.59938
200413E,2004091712,95.0,90.0,75.0,50.0,95.0,95.0,95.0,69.03978,69.03978,69.03978
200413E,2004091715,93.0,83.0,70.0,48.0,93.0,93.0,93.0,54.66498,54.66498,54.66498
200413E,2004091718,90.0,75.0,65.0,45.0,90.0,90.0,90.0,52.23278,52.23278,52.23278
200413E,2004091721,83.0,70.0,58.0,38.0,83.0,83.0,83.0,52.12067,52.12067,52.12067
200413E,2004091800,75.0,65.0,50.0,30.0,75.0,75.0,75.0,37.66427,37.66427,37.66427
200413E,2004091803,70.0,58.0,48.0,30.0,70.0,70.0,70.0,37.76293,37.76293,37.76293
200413E,2004091806,65.0,50.0,45.0,30.0,65.0,65.0,65.0,48.532665,48.532665,48.532665
200413E,2004091809,58.0,48.0,38.0,28.0,58.0,58.0,58.0,46.42048,46.42048,46.42048
200413E,2004091812,50.0,45.0,30.0,25.0,50.0,50.0,50.0,49.425106,49.425106,49.425106
200413E,2004091815,48.0,38.0,30.0,23.0,48.0,48.0,48.0,30.431759,30.431759,30.431759
200413E,2004091818,45.0,30.0,30.0,20.0,45.0,45.0,45.0,35.348198,35.348198,35.348198
200413E,2004091821,38.0,30.0,28.0,20.0,38.0,38.0,38.0,26.932981,26.932981,26.932981
200413E,2004091900,30.0,30.0,25.0,20.0,30.0,30.0,30.0,29.583298,29.583298,29.583298
200415W,2004080218,20.0,20.0,20.0,30.0,20.0,20.0,20.0,26.869762,26.869762,26.869762
200415W,2004080221,20.0,20.0,23.0,33.0,20.0,20.0,20.0,26.503202,26.503202,26.503202
200415W,2004080300,20.0,20.0,25.0,35.0,20.0,20.0,20.0,29.134478,29.134478,29.134478
200415W,2004080303,20.0,23.0,28.0,35.0,20.0,20.0,20.0,26.065948,26.065948,26.065948
200415W,2004080306,20.0,25.0,30.0,35.0,20.0,20.0,20.0,30.595114,30.595114,30.595114
200415W,2004080309,23.0,28.0,33.0,33.0,23.0,23.0,23.0,28.99707,28.99707,28.99707
200415W,2004080312,25.0,30.0,35.0,30.0,25.0,25.0,25.0,29.584743,29.584743,29.584743
200415W,2004080315,28.0,33.0,35.0,30.0,28.0,28.0,28.0,31.134705,31.134705,31.134705
200415W,2004080318,30.0,35.0,35.0,30.0,30.0,30.0,30.0,31.171255,31.171255,31.171255
200415W,2004080321,33.0,35.0,33.0,30.0,33.0,33.0,33.0,35.024586,35.024586,35.024586
200415W,2004080400,35.0,35.0,30.0,30.0,35.0,35.0,35.0,39.254955,39.254955,39.254955
200415W,2004080403,35.0,33.0,30.0,30.0,35.0,35.0,35.0,32.654453,32.654453,32.654453
200415W,2004080406,35.0,30.0,30.0,30.0,35.0,35.0,35.0,36.25484,36.25484,36.25484
200416E,2004102512,30.0,30.0,30.0,25.0,30.0,30.0,30.0,34.67042,34.67042,34.67042
200416L,2004112612,35.0,35.0,35.0,35.0,35.0,35.0,35.0,37.602634,37.602634,37.602634
200416L,2004112615,35.0,35.0,35.0,35.0,35.0,35.0,35.0,48.43425,48.43425,48.43425
200416L,2004112618,35.0,35.0,35.0,35.0,35.0,35.0,35.0,53.2394,53.2394,53.2394
200416L,2004112621,35.0,35.0,35.0,35.0,35.0,35.0,35.0,41.88222,41.88222,41.88222
200416L,2004112700,35.0,35.0,35.0,35.0,35.0,35.0,35.0,46.16389,46.16389,46.16389
200416L,2004112703,35.0,35.0,35.0,35.0,35.0,35.0,35.0,41.91764,41.91764,41.91764
200416L,2004112706,35.0,35.0,35.0,35.0,35.0,35.0,35.0,36.12155,36.12155,36.12155
200416L,2004112709,35.0,35.0,35.0,35.0,35.0,35.0,35.0,39.777744,39.777744,39.777744
200416L,2004112712,35.0,35.0,35.0,35.0,35.0,35.0,35.0,39.217342,39.217342,39.217342
200416L,2004112715,35.0,35.0,35.0,35.0,35.0,35.0,35.0,30.875841,30.875841,30.875841
200416L,2004112718,35.0,35.0,35.0,35.0,35.0,35.0,35.0,24.730715,24.730715,24.730715
200416L,2004112721,35.0,35.0,35.0,35.0,35.0,35.0,35.0,29.541239,29.541239,29.541239
200416L,2004112800,35.0,35.0,35.0,35.0,35.0,35.0,35.0,24.245338,24.245338,24.245338
200416L,2004112803,35.0,35.0,35.0,38.0,35.0,35.0,35.0,25.08863,25.08863,25.08863
200416L,2004112806,35.0,35.0,35.0,40.0,35.0,35.0,35.0,25.025835,25.025835,25.025835
200416L,2004112809,35.0,35.0,35.0,40.0,35.0,35.0,35.0,24.304562,24.304562,24.304562
200416L,2004112812,35.0,35.0,35.0,40.0,35.0,35.0,35.0,26.578814,26.578814,26.578814
200416L,2004112815,35.0,35.0,38.0,42.0,35.0,35.0,35.0,27.469152,27.469152,27.469152
200416L,2004112818,35.0,35.0,40.0,45.0,35.0,35.0,35.0,29.477554,29.477554,29.477554
200416L,2004112821,35.0,38.0,40.0,45.0,35.0,35.0,35.0,30.624493,30.624493,30.624493
200416L,2004112900,35.0,40.0,40.0,45.0,35.0,35.0,35.0,38.38545,38.38545,38.38545
200416L,2004112903,38.0,40.0,42.0,45.0,38.0,38.0,38.0,36.435364,36.435364,36.435364
200416L,2004112906,40.0,40.0,45.0,45.0,40.0,40.0,40.0,34.33949,34.33949,34.33949
200416L,2004112909,40.0,42.0,45.0,42.0,40.0,40.0,40.0,29.52159,29.52159,29.52159
200416L,2004112912,40.0,45.0,45.0,40.0,40.0,40.0,40.0,35.67838,35.67838,35.67838
200416L,2004112915,42.0,45.0,45.0,40.0,42.0,42.0,42.0,33.90599,33.90599,33.90599
200416L,2004112918,45.0,45.0,45.0,40.0,45.0,45.0,45.0,33.68806,33.68806,33.68806
200416L,2004112921,45.0,45.0,42.0,40.0,45.0,45.0,45.0,46.431393,46.431393,46.431393
200416L,2004113000,45.0,45.0,40.0,40.0,45.0,45.0,45.0,35.81935,35.81935,35.81935
200416L,2004113003,45.0,42.0,40.0,40.0,45.0,45.0,45.0,30.713629,30.713629,30.713629
200416L,2004113006,45.0,40.0,40.0,40.0,45.0,45.0,45.0,35.74984,35.74984,35.74984
200416L,2004113009,42.0,40.0,40.0,40.0,42.0,42.0,42.0,39.459927,39.459927,39.459927
200416L,2004113012,40.0,40.0,40.0,40.0,40.0,40.0,40.0,46.102634,46.102634,46.102634
200416L,2004113015,40.0,40.0,40.0,38.0,40.0,40.0,40.0,40.676044,40.676044,40.676044
200416L,2004113018,40.0,40.0,40.0,35.0,40.0,40.0,40.0,35.850616,35.850616,35.850616
200416L,2004113021,40.0,40.0,40.0,35.0,40.0,40.0,40.0,37.11697,37.11697,37.11697
200416L,2004120100,40.0,40.0,40.0,35.0,40.0,40.0,40.0,34.395344,34.395344,34.395344
200416L,2004120103,40.0,40.0,38.0,35.0,40.0,40.0,40.0,41.270893,41.270893,41.270893
200416L,2004120106,40.0,40.0,35.0,35.0,40.0,40.0,40.0,34.399082,34.399082,34.399082
200416L,2004120109,40.0,38.0,35.0,32.0,40.0,40.0,40.0,37.501713,37.501713,37.501713
200416L,2004120112,40.0,35.0,35.0,30.0,40.0,40.0,40.0,32.53523,32.53523,32.53523
200416L,2004120115,38.0,35.0,35.0,30.0,38.0,38.0,38.0,39.35149,39.35149,39.35149
200416L,2004120118,35.0,35.0,35.0,30.0,35.0,35.0,35.0,37.958904,37.958904,37.958904
200416L,2004120121,35.0,35.0,32.0,30.0,35.0,35.0,35.0,36.02367,36.02367,36.02367
200416L,2004120200,35.0,35.0,30.0,30.0,35.0,35.0,35.0,38.72345,38.72345,38.72345
200416L,2004120203,35.0,32.0,30.0,30.0,35.0,35.0,35.0,33.84736,33.84736,33.84736
200416L,2004120206,35.0,30.0,30.0,30.0,35.0,35.0,35.0,29.481844,29.481844,29.481844
200416L,2004120209,32.0,30.0,30.0,30.0,32.0,32.0,32.0,33.146317,33.146317,33.146317
200416L,2004120212,30.0,30.0,30.0,30.0,30.0,30.0,30.0,30.116987,30.116987,30.116987
200416L,2004120215,30.0,30.0,30.0,28.0,30.0,30.0,30.0,27.778677,27.778677,27.778677
200416L,2004120218,30.0,30.0,30.0,25.0,30.0,30.0,30.0,26.479357,26.479357,26.479357
200416L,2004120221,30.0,30.0,30.0,25.0,30.0,30.0,30.0,25.2918,25.2918,25.2918
200416L,2004120300,30.0,30.0,30.0,25.0,30.0,30.0,30.0,24.71033,24.71033,24.71033
200416L,2004120303,30.0,30.0,28.0,25.0,30.0,30.0,30.0,24.185295,24.185295,24.185295
200416L,2004120306,30.0,30.0,25.0,25.0,30.0,30.0,30.0,26.923615,26.923615,26.923615
200416L,2004120309,30.0,28.0,25.0,25.0,30.0,30.0,30.0,25.695932,25.695932,25.695932
200416L,2004120312,30.0,25.0,25.0,25.0,30.0,30.0,30.0,28.396406,28.396406,28.396406
200416L,2004120315,28.0,25.0,25.0,25.0,28.0,28.0,28.0,22.805998,22.805998,22.805998
200416L,2004120318,25.0,25.0,25.0,25.0,25.0,25.0,25.0,24.712606,24.712606,24.712606
200416L,2004120321,25.0,25.0,25.0,22.0,25.0,25.0,25.0,26.486963,26.486963,26.486963
200416L,2004120400,25.0,25.0,25.0,20.0,25.0,25.0,25.0,24.38083,24.38083,24.38083
200416L,2004120403,25.0,25.0,25.0,20.0,25.0,25.0,25.0,26.19346,26.19346,26.19346
200416L,2004120406,25.0,25.0,25.0,20.0,25.0,25.0,25.0,26.831177,26.831177,26.831177
200416L,2004120409,25.0,25.0,22.0,20.0,25.0,25.0,25.0,29.036575,29.036575,29.036575
200416L,2004120412,25.0,25.0,20.0,20.0,25.0,25.0,25.0,23.448492,23.448492,23.448492
200417S,2004030806,25.0,25.0,25.0,35.0,25.0,25.0,25.0,32.303215,32.303215,32.303215
200417S,2004030809,25.0,25.0,28.0,40.0,25.0,25.0,25.0,31.757824,31.757824,31.757824
200417S,2004030812,25.0,25.0,30.0,45.0,25.0,25.0,25.0,37.087685,37.087685,37.087685
200417S,2004030815,25.0,28.0,33.0,45.0,25.0,25.0,25.0,37.234352,37.234352,37.234352
200417S,2004030818,25.0,30.0,35.0,45.0,25.0,25.0,25.0,29.489141,29.489141,29.489141
200417S,2004030821,28.0,33.0,40.0,48.0,28.0,28.0,28.0,31.753647,31.753647,31.753647
200417S,2004030900,30.0,35.0,45.0,50.0,30.0,30.0,30.0,31.507765,31.507765,31.507765
200417S,2004030903,33.0,40.0,45.0,53.0,33.0,33.0,33.0,42.96741,42.96741,42.96741
200417S,2004030906,35.0,45.0,45.0,55.0,35.0,35.0,35.0,40.543854,40.543854,40.543854
200417S,2004030909,40.0,45.0,48.0,58.0,40.0,40.0,40.0,30.082365,30.082365,30.082365
200417S,2004030912,45.0,45.0,50.0,60.0,45.0,45.0,45.0,37.05676,37.05676,37.05676
200417S,2004030915,45.0,48.0,53.0,63.0,45.0,45.0,45.0,43.58905,43.58905,43.58905
200417S,2004030918,45.0,50.0,55.0,65.0,45.0,45.0,45.0,35.3278,35.3278,35.3278
200417S,2004030921,48.0,53.0,58.0,65.0,48.0,48.0,48.0,42.58889,42.58889,42.58889
200417S,2004031000,50.0,55.0,60.0,65.0,50.0,50.0,50.0,37.29371,37.29371,37.29371
200417S,2004031003,53.0,58.0,63.0,65.0,53.0,53.0,53.0,39.176285,39.176285,39.176285
200417S,2004031006,55.0,60.0,65.0,65.0,55.0,55.0,55.0,33.386818,33.386818,33.386818
200417S,2004031009,58.0,63.0,65.0,65.0,58.0,58.0,58.0,37.920734,37.920734,37.920734
200417S,2004031012,60.0,65.0,65.0,65.0,60.0,60.0,60.0,46.660057,46.660057,46.660057
200417S,2004031015,63.0,65.0,65.0,65.0,63.0,63.0,63.0,42.844215,42.844215,42.844215
200417S,2004031018,65.0,65.0,65.0,65.0,65.0,65.0,65.0,39.63454,39.63454,39.63454
200417S,2004031021,65.0,65.0,65.0,65.0,65.0,65.0,65.0,46.67696,46.67696,46.67696
200417S,2004031100,65.0,65.0,65.0,65.0,65.0,65.0,65.0,45.64816,45.64816,45.64816
200417S,2004031103,65.0,65.0,65.0,65.0,65.0,65.0,65.0,42.177113,42.177113,42.177113
200417S,2004031106,65.0,65.0,65.0,65.0,65.0,65.0,65.0,46.66956,46.66956,46.66956
200417S,2004031109,65.0,65.0,65.0,60.0,65.0,65.0,65.0,48.070255,48.070255,48.070255
200417S,2004031112,65.0,65.0,65.0,55.0,65.0,65.0,65.0,48.031742,48.031742,48.031742
200417S,2004031115,65.0,65.0,65.0,55.0,65.0,65.0,65.0,44.74093,44.74093,44.74093
200417S,2004031118,65.0,65.0,65.0,55.0,65.0,65.0,65.0,50.864044,50.864044,50.864044
200417S,2004031121,65.0,65.0,60.0,50.0,65.0,65.0,65.0,46.09787,46.09787,46.09787
200417S,2004031200,65.0,65.0,55.0,45.0,65.0,65.0,65.0,44.650562,44.650562,44.650562
200417S,2004031203,65.0,60.0,55.0,40.0,65.0,65.0,65.0,45.603813,45.603813,45.603813
200417S,2004031206,65.0,55.0,55.0,35.0,65.0,65.0,65.0,41.42097,41.42097,41.42097
200417S,2004031209,60.0,55.0,50.0,33.0,60.0,60.0,60.0,46.51057,46.51057,46.51057
200417S,2004031212,55.0,55.0,45.0,30.0,55.0,55.0,55.0,33.660793,33.660793,33.660793
200419S,2004032106,25.0,30.0,35.0,30.0,25.0,25.0,25.0,23.70829,23.70829,23.70829
200419S,2004032109,28.0,33.0,35.0,28.0,28.0,28.0,28.0,27.006992,27.006992,27.006992
200419S,2004032112,30.0,35.0,35.0,25.0,30.0,30.0,30.0,29.788189,29.788189,29.788189
200419S,2004032115,33.0,35.0,33.0,25.0,33.0,33.0,33.0,27.69014,27.69014,27.69014
200419S,2004032118,35.0,35.0,30.0,25.0,35.0,35.0,35.0,32.37763,32.37763,32.37763
200419S,2004032121,35.0,33.0,28.0,25.0,35.0,35.0,35.0,33.401108,33.401108,33.401108
200419S,2004032200,35.0,30.0,25.0,25.0,35.0,35.0,35.0,40.356148,40.356148,40.356148
200419W,2004081718,20.0,20.0,25.0,30.0,20.0,20.0,20.0,19.637827,19.637827,19.637827
200419W,2004081721,20.0,23.0,25.0,30.0,20.0,20.0,20.0,20.84573,20.84573,20.84573
200419W,2004081800,20.0,25.0,25.0,30.0,20.0,20.0,20.0,20.339233,20.339233,20.339233
200419W,2004081803,23.0,25.0,28.0,35.0,23.0,23.0,23.0,24.276575,24.276575,24.276575
200419W,2004081806,25.0,25.0,30.0,40.0,25.0,25.0,25.0,25.342672,25.342672,25.342672
200419W,2004081809,25.0,28.0,30.0,43.0,25.0,25.0,25.0,22.394276,22.394276,22.394276
200419W,2004081812,25.0,30.0,30.0,45.0,25.0,25.0,25.0,26.554642,26.554642,26.554642
200419W,2004081815,28.0,30.0,35.0,50.0,28.0,28.0,28.0,28.685736,28.685736,28.685736
200419W,2004081818,30.0,30.0,40.0,55.0,30.0,30.0,30.0,30.541327,30.541327,30.541327
200419W,2004081821,30.0,35.0,43.0,58.0,30.0,30.0,30.0,32.3908,32.3908,32.3908
200419W,2004081900,30.0,40.0,45.0,60.0,30.0,30.0,30.0,39.652065,39.652065,39.652065
200419W,2004081903,35.0,43.0,50.0,60.0,35.0,35.0,35.0,35.06644,35.06644,35.06644
200419W,2004081906,40.0,45.0,55.0,60.0,40.0,40.0,40.0,36.3431,36.3431,36.3431
200419W,2004081909,43.0,50.0,58.0,63.0,43.0,43.0,43.0,33.01944,33.01944,33.01944
200419W,2004081912,45.0,55.0,60.0,65.0,45.0,45.0,45.0,36.828354,36.828354,36.828354
200419W,2004081915,50.0,58.0,60.0,65.0,50.0,50.0,50.0,35.893726,35.893726,35.893726
200419W,2004081918,55.0,60.0,60.0,65.0,55.0,55.0,55.0,40.46401,40.46401,40.46401
200419W,2004081921,58.0,60.0,63.0,65.0,58.0,58.0,58.0,38.6221,38.6221,38.6221
200419W,2004082000,60.0,60.0,65.0,65.0,60.0,60.0,60.0,38.31548,38.31548,38.31548
200419W,2004082003,60.0,63.0,65.0,68.0,60.0,60.0,60.0,40.9016,40.9016,40.9016
200419W,2004082006,60.0,65.0,65.0,70.0,60.0,60.0,60.0,33.693035,33.693035,33.693035
200419W,2004082009,63.0,65.0,65.0,73.0,63.0,63.0,63.0,36.780212,36.780212,36.780212
200419W,2004082012,65.0,65.0,65.0,75.0,65.0,65.0,65.0,41.668274,41.668274,41.668274
200419W,2004082015,65.0,65.0,68.0,83.0,65.0,65.0,65.0,45.912983,45.912983,45.912983
200419W,2004082018,65.0,65.0,70.0,90.0,65.0,65.0,65.0,46.48807,46.48807,46.48807
200419W,2004082021,65.0,68.0,73.0,93.0,65.0,65.0,65.0,50.18203,50.18203,50.18203
200419W,2004082100,65.0,70.0,75.0,95.0,65.0,65.0,65.0,52.396378,52.396378,52.396378
200419W,2004082103,68.0,73.0,83.0,105.0,68.0,68.0,68.0,51.574986,51.574986,51.574986
200419W,2004082106,70.0,75.0,90.0,115.0,70.0,70.0,70.0,83.3577,83.3577,83.3577
200419W,2004082109,73.0,83.0,93.0,120.0,73.0,73.0,73.0,73.29523,73.29523,73.29523
200419W,2004082112,75.0,90.0,95.0,125.0,75.0,75.0,75.0,81.68697,81.68697,81.68697
200419W,2004082115,83.0,93.0,105.0,135.0,83.0,83.0,83.0,103.933846,103.933846,103.933846
200419W,2004082118,90.0,95.0,115.0,145.0,90.0,90.0,90.0,77.810135,77.810135,77.810135
200419W,2004082121,93.0,105.0,120.0,150.0,93.0,93.0,93.0,115.606094,115.606094,115.606094
200419W,2004082200,95.0,115.0,125.0,155.0,95.0,95.0,95.0,75.542336,75.542336,75.542336
200419W,2004082203,105.0,120.0,135.0,155.0,105.0,105.0,105.0,102.04166,102.04166,102.04166
200419W,2004082206,115.0,125.0,145.0,155.0,115.0,115.0,115.0,105.61269,105.61269,105.61269
200419W,2004082209,120.0,135.0,150.0,155.0,120.0,120.0,120.0,111.18055,111.18055,111.18055
200419W,2004082212,125.0,145.0,155.0,155.0,125.0,125.0,125.0,112.78701,112.78701,112.78701
200419W,2004082215,135.0,150.0,155.0,155.0,135.0,135.0,135.0,111.78077,111.78077,111.78077
200419W,2004082218,145.0,155.0,155.0,155.0,145.0,145.0,145.0,123.471016,123.471016,123.471016
200419W,2004082221,150.0,155.0,155.0,155.0,150.0,150.0,150.0,120.34583,120.34583,120.34583
200419W,2004082300,155.0,155.0,155.0,155.0,155.0,155.0,155.0,124.98672,124.98672,124.98672
200419W,2004082303,155.0,155.0,155.0,153.0,155.0,155.0,155.0,136.56277,136.56277,136.56277
200419W,2004082306,155.0,155.0,155.0,150.0,155.0,155.0,155.0,133.93878,133.93878,133.93878
200419W,2004082309,155.0,155.0,155.0,148.0,155.0,155.0,155.0,124.45938,124.45938,124.45938
200419W,2004082312,155.0,155.0,155.0,145.0,155.0,155.0,155.0,120.32391,120.32391,120.32391
200419W,2004082315,155.0,155.0,153.0,150.0,155.0,155.0,155.0,128.93149,128.93149,128.93149
200419W,2004082318,155.0,155.0,150.0,155.0,155.0,155.0,155.0,122.41847,122.41847,122.41847
200419W,2004082321,155.0,153.0,148.0,153.0,155.0,155.0,155.0,131.50801,131.50801,131.50801
200419W,2004082400,155.0,150.0,145.0,150.0,155.0,155.0,155.0,137.9874,137.9874,137.9874
200419W,2004082403,153.0,148.0,150.0,145.0,153.0,153.0,153.0,131.51054,131.51054,131.51054
200419W,2004082406,150.0,145.0,155.0,140.0,150.0,150.0,150.0,133.83603,133.83603,133.83603
200419W,2004082409,148.0,150.0,153.0,143.0,148.0,148.0,148.0,126.48055,126.48055,126.48055
200419W,2004082412,145.0,155.0,150.0,145.0,145.0,145.0,145.0,127.16525,127.16525,127.16525
200419W,2004082415,150.0,153.0,145.0,145.0,150.0,150.0,150.0,122.07606,122.07606,122.07606
200419W,2004082418,155.0,150.0,140.0,145.0,155.0,155.0,155.0,123.91512,123.91512,123.91512
200419W,2004082421,153.0,145.0,143.0,138.0,153.0,153.0,153.0,123.95077,123.95077,123.95077
200419W,2004082500,150.0,140.0,145.0,130.0,150.0,150.0,150.0,128.3812,128.3812,128.3812
200419W,2004082503,145.0,143.0,145.0,128.0,145.0,145.0,145.0,128.77226,128.77226,128.77226
200419W,2004082506,140.0,145.0,145.0,125.0,140.0,140.0,140.0,122.7529,122.7529,122.7529
200419W,2004082509,143.0,145.0,138.0,120.0,143.0,143.0,143.0,119.33795,119.33795,119.33795
200419W,2004082512,145.0,145.0,130.0,115.0,145.0,145.0,145.0,121.04407,121.04407,121.04407
200419W,2004082515,145.0,138.0,128.0,115.0,145.0,145.0,145.0,118.62847,118.62847,118.62847
200419W,2004082518,145.0,130.0,125.0,115.0,145.0,145.0,145.0,117.721985,117.721985,117.721985
200419W,2004082521,138.0,128.0,120.0,110.0,138.0,138.0,138.0,110.3672,110.3672,110.3672
200419W,2004082600,130.0,125.0,115.0,105.0,130.0,130.0,130.0,110.041374,110.041374,110.041374
200419W,2004082603,128.0,120.0,115.0,103.0,128.0,128.0,128.0,105.77326,105.77326,105.77326
200419W,2004082606,125.0,115.0,115.0,100.0,125.0,125.0,125.0,106.784454,106.784454,106.784454
200419W,2004082609,120.0,115.0,110.0,103.0,120.0,120.0,120.0,99.925865,99.925865,99.925865
200419W,2004082612,115.0,115.0,105.0,105.0,115.0,115.0,115.0,94.698074,94.698074,94.698074
200419W,2004082615,115.0,110.0,103.0,110.0,115.0,115.0,115.0,100.6971,100.6971,100.6971
200419W,2004082618,115.0,105.0,100.0,115.0,115.0,115.0,115.0,97.02459,97.02459,97.02459
200419W,2004082621,110.0,103.0,103.0,115.0,110.0,110.0,110.0,90.11073,90.11073,90.11073
200419W,2004082700,105.0,100.0,105.0,115.0,105.0,105.0,105.0,103.43849,103.43849,103.43849
200419W,2004082703,103.0,103.0,110.0,115.0,103.0,103.0,103.0,88.23248,88.23248,88.23248
200419W,2004082706,100.0,105.0,115.0,115.0,100.0,100.0,100.0,95.52607,95.52607,95.52607
200419W,2004082709,103.0,110.0,115.0,113.0,103.0,103.0,103.0,94.1232,94.1232,94.1232
200419W,2004082712,105.0,115.0,115.0,110.0,105.0,105.0,105.0,77.63128,77.63128,77.63128
200419W,2004082715,110.0,115.0,115.0,110.0,110.0,110.0,110.0,99.186874,99.186874,99.186874
200419W,2004082718,115.0,115.0,115.0,110.0,115.0,115.0,115.0,92.233406,92.233406,92.233406
200419W,2004082721,115.0,115.0,113.0,108.0,115.0,115.0,115.0,104.43596,104.43596,104.43596
200419W,2004082800,115.0,115.0,110.0,105.0,115.0,115.0,115.0,91.62109,91.62109,91.62109
200419W,2004082803,115.0,113.0,110.0,105.0,115.0,115.0,115.0,93.87891,93.87891,93.87891
200419W,2004082806,115.0,110.0,110.0,105.0,115.0,115.0,115.0,87.35577,87.35577,87.35577
200419W,2004082809,113.0,110.0,108.0,100.0,113.0,113.0,113.0,92.85336,92.85336,92.85336
200419W,2004082812,110.0,110.0,105.0,95.0,110.0,110.0,110.0,92.396225,92.396225,92.396225
200419W,2004082815,110.0,108.0,105.0,95.0,110.0,110.0,110.0,78.52958,78.52958,78.52958
200419W,2004082818,110.0,105.0,105.0,95.0,110.0,110.0,110.0,73.510704,73.510704,73.510704
200419W,2004082821,108.0,105.0,100.0,93.0,108.0,108.0,108.0,85.1569,85.1569,85.1569
200419W,2004082900,105.0,105.0,95.0,90.0,105.0,105.0,105.0,78.47842,78.47842,78.47842
200419W,2004082903,105.0,100.0,95.0,88.0,105.0,105.0,105.0,78.5176,78.5176,78.5176
200419W,2004082906,105.0,95.0,95.0,85.0,105.0,105.0,105.0,70.48648,70.48648,70.48648
200419W,2004082909,100.0,95.0,93.0,80.0,100.0,100.0,100.0,76.438705,76.438705,76.438705
200419W,2004082912,95.0,95.0,90.0,75.0,95.0,95.0,95.0,75.616936,75.616936,75.616936
200419W,2004082915,95.0,93.0,88.0,73.0,95.0,95.0,95.0,82.40886,82.40886,82.40886
200419W,2004082918,95.0,90.0,85.0,70.0,95.0,95.0,95.0,71.57184,71.57184,71.57184
200419W,2004082921,93.0,88.0,80.0,63.0,93.0,93.0,93.0,79.49747,79.49747,79.49747
200419W,2004083000,90.0,85.0,75.0,55.0,90.0,90.0,90.0,77.902626,77.902626,77.902626
200419W,2004083003,88.0,80.0,73.0,53.0,88.0,88.0,88.0,81.61502,81.61502,81.61502
200419W,2004083006,85.0,75.0,70.0,50.0,85.0,85.0,85.0,82.71657,82.71657,82.71657
200419W,2004083009,80.0,73.0,63.0,45.0,80.0,80.0,80.0,66.02282,66.02282,66.02282
200419W,2004083012,75.0,70.0,55.0,40.0,75.0,75.0,75.0,70.46892,70.46892,70.46892
200420S,2004032118,25.0,25.0,25.0,25.0,25.0,25.0,25.0,25.393196,25.393196,25.393196
200420S,2004032121,25.0,25.0,25.0,25.0,25.0,25.0,25.0,26.935411,26.935411,26.935411
200420S,2004032200,25.0,25.0,25.0,25.0,25.0,25.0,25.0,25.711432,25.711432,25.711432
200420S,2004032203,25.0,25.0,25.0,25.0,25.0,25.0,25.0,27.060694,27.060694,27.060694
200420S,2004032206,25.0,25.0,25.0,25.0,25.0,25.0,25.0,28.50193,28.50193,28.50193
200420S,2004032209,25.0,25.0,25.0,28.0,25.0,25.0,25.0,29.22974,29.22974,29.22974
200420S,2004032212,25.0,25.0,25.0,30.0,25.0,25.0,25.0,33.420296,33.420296,33.420296
200420S,2004032215,25.0,25.0,25.0,33.0,25.0,25.0,25.0,40.170605,40.170605,40.170605
200420S,2004032218,25.0,25.0,25.0,35.0,25.0,25.0,25.0,37.612934,37.612934,37.612934
200420S,2004032221,25.0,25.0,28.0,40.0,25.0,25.0,25.0,36.30059,36.30059,36.30059
200420S,2004032300,25.0,25.0,30.0,45.0,25.0,25.0,25.0,33.457718,33.457718,33.457718
200420S,2004032303,25.0,28.0,33.0,48.0,25.0,25.0,25.0,36.93563,36.93563,36.93563
200420S,2004032306,25.0,30.0,35.0,50.0,25.0,25.0,25.0,38.435276,38.435276,38.435276
200420S,2004032309,28.0,33.0,40.0,53.0,28.0,28.0,28.0,44.18972,44.18972,44.18972
200420S,2004032312,30.0,35.0,45.0,55.0,30.0,30.0,30.0,41.831356,41.831356,41.831356
200420S,2004032315,33.0,40.0,48.0,58.0,33.0,33.0,33.0,35.861607,35.861607,35.861607
200420S,2004032318,35.0,45.0,50.0,60.0,35.0,35.0,35.0,36.84687,36.84687,36.84687
200420S,2004032321,40.0,48.0,53.0,63.0,40.0,40.0,40.0,47.085316,47.085316,47.085316
200420S,2004032400,45.0,50.0,55.0,65.0,45.0,45.0,45.0,38.23379,38.23379,38.23379
200420S,2004032403,48.0,53.0,58.0,68.0,48.0,48.0,48.0,43.23532,43.23532,43.23532
200420S,2004032406,50.0,55.0,60.0,70.0,50.0,50.0,50.0,46.789394,46.789394,46.789394
200420S,2004032409,53.0,58.0,63.0,75.0,53.0,53.0,53.0,41.409454,41.409454,41.409454
200420S,2004032412,55.0,60.0,65.0,80.0,55.0,55.0,55.0,38.667328,38.667328,38.667328
200420S,2004032415,58.0,63.0,68.0,93.0,58.0,58.0,58.0,43.55621,43.55621,43.55621
200420S,2004032418,60.0,65.0,70.0,105.0,60.0,60.0,60.0,43.43765,43.43765,43.43765
200420S,2004032421,63.0,68.0,75.0,110.0,63.0,63.0,63.0,46.66408,46.66408,46.66408
200420S,2004032500,65.0,70.0,80.0,115.0,65.0,65.0,65.0,42.93367,42.93367,42.93367
200420S,2004032503,68.0,75.0,93.0,115.0,68.0,68.0,68.0,50.790478,50.790478,50.790478
200420S,2004032506,70.0,80.0,105.0,115.0,70.0,70.0,70.0,64.909096,64.909096,64.909096
200420S,2004032509,75.0,93.0,110.0,113.0,75.0,75.0,75.0,64.60653,64.60653,64.60653
200420S,2004032512,80.0,105.0,115.0,110.0,80.0,80.0,80.0,57.48913,57.48913,57.48913
200420S,2004032515,93.0,110.0,115.0,105.0,93.0,93.0,93.0,97.30177,97.30177,97.30177
200420S,2004032518,105.0,115.0,115.0,100.0,105.0,105.0,105.0,102.17736,102.17736,102.17736
200420S,2004032521,110.0,115.0,113.0,93.0,110.0,110.0,110.0,98.301254,98.301254,98.301254
200420S,2004032600,115.0,115.0,110.0,85.0,115.0,115.0,115.0,104.528206,104.528206,104.528206
200420S,2004032603,115.0,113.0,105.0,73.0,115.0,115.0,115.0,105.44706,105.44706,105.44706
200420S,2004032606,115.0,110.0,100.0,60.0,115.0,115.0,115.0,99.847176,99.847176,99.847176
200420S,2004032609,113.0,105.0,93.0,58.0,113.0,113.0,113.0,100.89018,100.89018,100.89018
200420S,2004032612,110.0,100.0,85.0,55.0,110.0,110.0,110.0,57.88476,57.88476,57.88476
200420S,2004032615,105.0,93.0,73.0,48.0,105.0,105.0,105.0,49.512943,49.512943,49.512943
200420S,2004032618,100.0,85.0,60.0,40.0,100.0,100.0,100.0,51.21777,51.21777,51.21777
200420S,2004032621,93.0,73.0,58.0,35.0,93.0,93.0,93.0,49.542255,49.542255,49.542255
200420S,2004032700,85.0,60.0,55.0,30.0,85.0,85.0,85.0,49.298847,49.298847,49.298847
200420S,2004032703,73.0,58.0,48.0,28.0,73.0,73.0,73.0,48.729824,48.729824,48.729824
200420S,2004032706,60.0,55.0,40.0,25.0,60.0,60.0,60.0,47.126762,47.126762,47.126762
200421W,2004082600,20.0,25.0,30.0,30.0,20.0,20.0,20.0,26.519901,26.519901,26.519901
200421W,2004082603,23.0,28.0,30.0,30.0,23.0,23.0,23.0,26.155048,26.155048,26.155048
200421W,2004082606,25.0,30.0,30.0,30.0,25.0,25.0,25.0,28.753273,28.753273,28.753273
200421W,2004082609,28.0,30.0,30.0,30.0,28.0,28.0,28.0,33.578358,33.578358,33.578358
200421W,2004082612,30.0,30.0,30.0,30.0,30.0,30.0,30.0,28.52642,28.52642,28.52642
200421W,2004082615,30.0,30.0,30.0,30.0,30.0,30.0,30.0,26.213102,26.213102,26.213102
200421W,2004082618,30.0,30.0,30.0,30.0,30.0,30.0,30.0,26.67274,26.67274,26.67274
200421W,2004082621,30.0,30.0,30.0,28.0,30.0,30.0,30.0,28.437572,28.437572,28.437572
200421W,2004082700,30.0,30.0,30.0,25.0,30.0,30.0,30.0,25.032942,25.032942,25.032942
200421W,2004082703,30.0,30.0,30.0,23.0,30.0,30.0,30.0,25.484615,25.484615,25.484615
200421W,2004082706,30.0,30.0,30.0,20.0,30.0,30.0,30.0,31.252361,31.252361,31.252361
200426W,2004100200,15.0,15.0,15.0,15.0,15.0,15.0,15.0,30.09383,30.09383,30.09383
200426W,2004100203,15.0,15.0,15.0,15.0,15.0,15.0,15.0,26.64892,26.64892,26.64892
200426W,2004100206,15.0,15.0,15.0,15.0,15.0,15.0,15.0,26.979916,26.979916,26.979916
200426W,2004100209,15.0,15.0,15.0,18.0,15.0,15.0,15.0,27.593235,27.593235,27.593235
200426W,2004100212,15.0,15.0,15.0,20.0,15.0,15.0,15.0,24.98497,24.98497,24.98497
200426W,2004100215,15.0,15.0,15.0,23.0,15.0,15.0,15.0,27.341522,27.341522,27.341522
200426W,2004100218,15.0,15.0,15.0,25.0,15.0,15.0,15.0,23.952915,23.952915,23.952915
200426W,2004100221,15.0,15.0,18.0,28.0,15.0,15.0,15.0,20.61588,20.61588,20.61588
200426W,2004100300,15.0,15.0,20.0,30.0,15.0,15.0,15.0,25.223717,25.223717,25.223717
200426W,2004100303,15.0,18.0,23.0,33.0,15.0,15.0,15.0,26.919197,26.919197,26.919197
200426W,2004100306,15.0,20.0,25.0,35.0,15.0,15.0,15.0,25.18314,25.18314,25.18314
200426W,2004100309,18.0,23.0,28.0,35.0,18.0,18.0,18.0,31.711636,31.711636,31.711636
200426W,2004100312,20.0,25.0,30.0,35.0,20.0,20.0,20.0,30.849943,30.849943,30.849943
200426W,2004100315,23.0,28.0,33.0,35.0,23.0,23.0,23.0,43.662075,43.662075,43.662075
200426W,2004100318,25.0,30.0,35.0,35.0,25.0,25.0,25.0,35.88514,35.88514,35.88514
200426W,2004100321,28.0,33.0,35.0,35.0,28.0,28.0,28.0,44.637016,44.637016,44.637016
200426W,2004100400,30.0,35.0,35.0,35.0,30.0,30.0,30.0,37.292713,37.292713,37.292713
200426W,2004100403,33.0,35.0,35.0,40.0,33.0,33.0,33.0,47.65052,47.65052,47.65052
200426W,2004100406,35.0,35.0,35.0,45.0,35.0,35.0,35.0,49.297443,49.297443,49.297443
200426W,2004100409,35.0,35.0,35.0,45.0,35.0,35.0,35.0,53.769943,53.769943,53.769943
200426W,2004100412,35.0,35.0,35.0,45.0,35.0,35.0,35.0,39.18414,39.18414,39.18414
200426W,2004100415,35.0,35.0,40.0,48.0,35.0,35.0,35.0,39.00812,39.00812,39.00812
200426W,2004100418,35.0,35.0,45.0,50.0,35.0,35.0,35.0,39.73608,39.73608,39.73608
200426W,2004100421,35.0,40.0,45.0,53.0,35.0,35.0,35.0,44.8044,44.8044,44.8044
200426W,2004100500,35.0,45.0,45.0,55.0,35.0,35.0,35.0,39.708443,39.708443,39.708443
200426W,2004100503,40.0,45.0,48.0,60.0,40.0,40.0,40.0,42.743053,42.743053,42.743053
200426W,2004100506,45.0,45.0,50.0,65.0,45.0,45.0,45.0,45.851852,45.851852,45.851852
200426W,2004100509,45.0,48.0,53.0,70.0,45.0,45.0,45.0,51.86219,51.86219,51.86219
200426W,2004100512,45.0,50.0,55.0,75.0,45.0,45.0,45.0,40.55682,40.55682,40.55682
200426W,2004100515,48.0,53.0,60.0,75.0,48.0,48.0,48.0,53.73991,53.73991,53.73991
200426W,2004100518,50.0,55.0,65.0,75.0,50.0,50.0,50.0,56.986053,56.986053,56.986053
200426W,2004100521,53.0,60.0,70.0,78.0,53.0,53.0,53.0,57.93977,57.93977,57.93977
200426W,2004100600,55.0,65.0,75.0,80.0,55.0,55.0,55.0,44.103436,44.103436,44.103436
200426W,2004100603,60.0,70.0,75.0,85.0,60.0,60.0,60.0,44.380657,44.380657,44.380657
200426W,2004100606,65.0,75.0,75.0,90.0,65.0,65.0,65.0,47.40855,47.40855,47.40855
200426W,2004100609,70.0,75.0,78.0,103.0,70.0,70.0,70.0,49.197224,49.197224,49.197224
200426W,2004100612,75.0,75.0,80.0,115.0,75.0,75.0,75.0,62.309017,62.309017,62.309017
200426W,2004100615,75.0,78.0,85.0,123.0,75.0,75.0,75.0,73.31163,73.31163,73.31163
200426W,2004100618,75.0,80.0,90.0,130.0,75.0,75.0,75.0,64.31653,64.31653,64.31653
200426W,2004100621,78.0,85.0,103.0,135.0,78.0,78.0,78.0,63.137123,63.137123,63.137123
200426W,2004100700,80.0,90.0,115.0,140.0,80.0,80.0,80.0,81.8574,81.8574,81.8574
200426W,2004100703,85.0,103.0,123.0,140.0,85.0,85.0,85.0,91.674194,91.674194,91.674194
200426W,2004100706,90.0,115.0,130.0,140.0,90.0,90.0,90.0,94.17936,94.17936,94.17936
200426W,2004100709,103.0,123.0,135.0,140.0,103.0,103.0,103.0,104.212105,104.212105,104.212105
200426W,2004100712,115.0,130.0,140.0,140.0,115.0,115.0,115.0,106.97516,106.97516,106.97516
200426W,2004100715,123.0,135.0,140.0,138.0,123.0,123.0,123.0,118.25971,118.25971,118.25971
200426W,2004100718,130.0,140.0,140.0,135.0,130.0,130.0,130.0,117.532364,117.532364,117.532364
200426W,2004100721,135.0,140.0,140.0,133.0,135.0,135.0,135.0,111.303,111.303,111.303
200426W,2004100800,140.0,140.0,140.0,130.0,140.0,140.0,140.0,120.971176,120.971176,120.971176
200426W,2004100803,140.0,140.0,138.0,118.0,140.0,140.0,140.0,119.238266,119.238266,119.238266
200426W,2004100806,140.0,140.0,135.0,105.0,140.0,140.0,140.0,125.646126,125.646126,125.646126
200426W,2004100809,140.0,138.0,133.0,95.0,140.0,140.0,140.0,117.681435,117.681435,117.681435
200426W,2004100812,140.0,135.0,130.0,85.0,140.0,140.0,140.0,104.693,104.693,104.693
200426W,2004100815,138.0,133.0,118.0,70.0,138.0,138.0,138.0,76.78932,76.78932,76.78932
200426W,2004100818,135.0,130.0,105.0,55.0,135.0,135.0,135.0,61.771614,61.771614,61.771614
200501I,2005010800,20.0,25.0,30.0,25.0,20.0,20.0,20.0,21.944998,21.944998,21.944998
200501I,2005010803,23.0,28.0,30.0,25.0,23.0,23.0,23.0,24.339827,24.339827,24.339827
200501I,2005010806,25.0,30.0,30.0,25.0,25.0,25.0,25.0,23.357925,23.357925,23.357925
200501I,2005010809,28.0,30.0,28.0,25.0,28.0,28.0,28.0,27.361868,27.361868,27.361868
200501I,2005010812,30.0,30.0,25.0,25.0,30.0,30.0,30.0,25.08125,25.08125,25.08125
200501I,2005010815,30.0,28.0,25.0,25.0,30.0,30.0,30.0,22.200994,22.200994,22.200994
200501I,2005010818,30.0,25.0,25.0,25.0,30.0,30.0,30.0,22.879164,22.879164,22.879164
200501I,2005010821,28.0,25.0,25.0,25.0,28.0,28.0,28.0,24.460228,24.460228,24.460228
200501I,2005010900,25.0,25.0,25.0,25.0,25.0,25.0,25.0,29.314323,29.314323,29.314323
200501I,2005010903,25.0,25.0,25.0,23.0,25.0,25.0,25.0,22.77962,22.77962,22.77962
200501I,2005010906,25.0,25.0,25.0,20.0,25.0,25.0,25.0,26.939314,26.939314,26.939314
200501I,2005010909,25.0,25.0,25.0,20.0,25.0,25.0,25.0,36.56521,36.56521,36.56521
200501I,2005010912,25.0,25.0,25.0,20.0,25.0,25.0,25.0,35.70277,35.70277,35.70277
200501L,2005060906,35.0,35.0,35.0,45.0,35.0,35.0,35.0,29.295631,29.295631,29.295631
200501L,2005060909,35.0,35.0,38.0,48.0,35.0,35.0,35.0,33.221375,33.221375,33.221375
200501L,2005060912,35.0,35.0,40.0,50.0,35.0,35.0,35.0,30.858337,30.858337,30.858337
200501L,2005060915,35.0,38.0,42.0,52.0,35.0,35.0,35.0,30.522587,30.522587,30.522587
200501L,2005060918,35.0,40.0,45.0,55.0,35.0,35.0,35.0,28.834839,28.834839,28.834839
200501L,2005060921,38.0,42.0,48.0,58.0,38.0,38.0,38.0,39.280293,39.280293,39.280293
200501L,2005061000,40.0,45.0,50.0,60.0,40.0,40.0,40.0,35.613415,35.613415,35.613415
200501L,2005061003,42.0,48.0,52.0,60.0,42.0,42.0,42.0,31.717136,31.717136,31.717136
200501L,2005061006,45.0,50.0,55.0,60.0,45.0,45.0,45.0,32.39463,32.39463,32.39463
200501L,2005061009,48.0,52.0,58.0,58.0,48.0,48.0,48.0,39.891727,39.891727,39.891727
200501L,2005061012,50.0,55.0,60.0,55.0,50.0,50.0,50.0,44.884094,44.884094,44.884094
200501L,2005061015,52.0,58.0,60.0,52.0,52.0,52.0,52.0,35.54896,35.54896,35.54896
200501L,2005061018,55.0,60.0,60.0,50.0,55.0,55.0,55.0,44.114433,44.114433,44.114433
200501L,2005061021,58.0,60.0,58.0,40.0,58.0,58.0,58.0,42.79008,42.79008,42.79008
200501L,2005061100,60.0,60.0,55.0,30.0,60.0,60.0,60.0,36.252518,36.252518,36.252518
200501L,2005061103,60.0,58.0,52.0,28.0,60.0,60.0,60.0,37.73142,37.73142,37.73142
200501L,2005061106,60.0,55.0,50.0,25.0,60.0,60.0,60.0,36.705692,36.705692,36.705692
200501L,2005061109,58.0,52.0,40.0,22.0,58.0,58.0,58.0,34.883247,34.883247,34.883247
200501L,2005061112,55.0,50.0,30.0,20.0,55.0,55.0,55.0,36.308193,36.308193,36.308193
200501L,2005061115,52.0,40.0,28.0,20.0,52.0,52.0,52.0,30.919426,30.919426,30.919426
200501L,2005061118,50.0,30.0,25.0,20.0,50.0,50.0,50.0,33.424076,33.424076,33.424076
200501L,2005061121,40.0,28.0,22.0,20.0,40.0,40.0,40.0,31.11246,31.11246,31.11246
200501L,2005061200,30.0,25.0,20.0,20.0,30.0,30.0,30.0,35.466053,35.466053,35.466053
200501L,2005061203,28.0,22.0,20.0,20.0,28.0,28.0,28.0,35.29138,35.29138,35.29138
200501L,2005061206,25.0,20.0,20.0,20.0,25.0,25.0,25.0,32.682198,32.682198,32.682198
200501L,2005061209,22.0,20.0,20.0,20.0,22.0,22.0,22.0,30.077246,30.077246,30.077246
200501L,2005061212,20.0,20.0,20.0,20.0,20.0,20.0,20.0,28.166058,28.166058,28.166058
200501L,2005061215,20.0,20.0,20.0,20.0,20.0,20.0,20.0,26.014685,26.014685,26.014685
200501L,2005061218,20.0,20.0,20.0,20.0,20.0,20.0,20.0,28.866537,28.866537,28.866537
200501L,2005061221,20.0,20.0,20.0,20.0,20.0,20.0,20.0,30.569517,30.569517,30.569517
200501L,2005061300,20.0,20.0,20.0,20.0,20.0,20.0,20.0,33.244877,33.244877,33.244877
200501L,2005061303,20.0,20.0,20.0,20.0,20.0,20.0,20.0,32.561596,32.561596,32.561596
200501L,2005061306,20.0,20.0,20.0,20.0,20.0,20.0,20.0,31.406118,31.406118,31.406118
200506L,2005072206,40.0,45.0,45.0,50.0,40.0,40.0,40.0,28.855247,28.855247,28.855247
200506L,2005072209,42.0,45.0,45.0,55.0,42.0,42.0,42.0,32.6965,32.6965,32.6965
200506L,2005072212,45.0,45.0,45.0,60.0,45.0,45.0,45.0,41.053444,41.053444,41.053444
200506L,2005072215,45.0,45.0,48.0,60.0,45.0,45.0,45.0,45.064686,45.064686,45.064686
200506L,2005072218,45.0,45.0,50.0,60.0,45.0,45.0,45.0,41.97456,41.97456,41.97456
200506L,2005072221,45.0,48.0,55.0,58.0,45.0,45.0,45.0,43.638954,43.638954,43.638954
200506L,2005072300,45.0,50.0,60.0,55.0,45.0,45.0,45.0,39.639896,39.639896,39.639896
200506L,2005072303,48.0,55.0,60.0,55.0,48.0,48.0,48.0,36.61341,36.61341,36.61341
200506L,2005072306,50.0,60.0,60.0,55.0,50.0,50.0,50.0,41.691227,41.691227,41.691227
200506L,2005072309,55.0,60.0,58.0,50.0,55.0,55.0,55.0,36.93039,36.93039,36.93039
200506L,2005072312,60.0,60.0,55.0,45.0,60.0,60.0,60.0,34.219486,34.219486,34.219486
200506L,2005072315,60.0,58.0,55.0,45.0,60.0,60.0,60.0,28.596815,28.596815,28.596815
200506L,2005072318,60.0,55.0,55.0,45.0,60.0,60.0,60.0,33.831783,33.831783,33.831783
200506L,2005072321,58.0,55.0,50.0,42.0,58.0,58.0,58.0,41.38125,41.38125,41.38125
200506L,2005072400,55.0,55.0,45.0,40.0,55.0,55.0,55.0,36.47892,36.47892,36.47892
200506L,2005072403,55.0,50.0,45.0,40.0,55.0,55.0,55.0,32.914333,32.914333,32.914333
200506L,2005072406,55.0,45.0,45.0,40.0,55.0,55.0,55.0,36.733974,36.733974,36.733974
200506L,2005072409,50.0,45.0,42.0,40.0,50.0,50.0,50.0,38.660496,38.660496,38.660496
200506L,2005072412,45.0,45.0,40.0,40.0,45.0,45.0,45.0,41.09431,41.09431,41.09431
200506L,2005072415,45.0,42.0,40.0,40.0,45.0,45.0,45.0,38.61401,38.61401,38.61401
200506L,2005072418,45.0,40.0,40.0,40.0,45.0,45.0,45.0,37.957592,37.957592,37.957592
200506L,2005072421,42.0,40.0,40.0,38.0,42.0,42.0,42.0,41.14742,41.14742,41.14742
200506L,2005072500,40.0,40.0,40.0,35.0,40.0,40.0,40.0,34.522495,34.522495,34.522495
200506L,2005072503,40.0,40.0,40.0,35.0,40.0,40.0,40.0,39.497566,39.497566,39.497566
200506L,2005072506,40.0,40.0,40.0,35.0,40.0,40.0,40.0,39.046673,39.046673,39.046673
200506L,2005072509,40.0,40.0,38.0,35.0,40.0,40.0,40.0,37.045692,37.045692,37.045692
200506L,2005072512,40.0,40.0,35.0,35.0,40.0,40.0,40.0,38.280827,38.280827,38.280827
200506L,2005072515,40.0,38.0,35.0,35.0,40.0,40.0,40.0,45.086857,45.086857,45.086857
200506L,2005072518,40.0,35.0,35.0,35.0,40.0,40.0,40.0,45.503582,45.503582,45.503582
200506L,2005072521,38.0,35.0,35.0,38.0,38.0,38.0,38.0,43.820576,43.820576,43.820576
200506L,2005072600,35.0,35.0,35.0,40.0,35.0,35.0,35.0,39.184155,39.184155,39.184155
200506L,2005072603,35.0,35.0,35.0,40.0,35.0,35.0,35.0,36.661312,36.661312,36.661312
200506L,2005072606,35.0,35.0,35.0,40.0,35.0,35.0,35.0,49.92519,49.92519,49.92519
200506L,2005072609,35.0,35.0,38.0,42.0,35.0,35.0,35.0,39.096836,39.096836,39.096836
200506L,2005072612,35.0,35.0,40.0,45.0,35.0,35.0,35.0,30.32832,30.32832,30.32832
200506L,2005072615,35.0,38.0,40.0,45.0,35.0,35.0,35.0,34.010227,34.010227,34.010227
200506L,2005072618,35.0,40.0,40.0,45.0,35.0,35.0,35.0,33.1302,33.1302,33.1302
200506L,2005072621,38.0,40.0,42.0,48.0,38.0,38.0,38.0,34.582184,34.582184,34.582184
200506L,2005072700,40.0,40.0,45.0,50.0,40.0,40.0,40.0,41.79542,41.79542,41.79542
200506L,2005072703,40.0,42.0,45.0,50.0,40.0,40.0,40.0,38.512806,38.512806,38.512806
200506L,2005072706,40.0,45.0,45.0,50.0,40.0,40.0,40.0,37.226925,37.226925,37.226925
200506L,2005072709,42.0,45.0,48.0,48.0,42.0,42.0,42.0,33.157513,33.157513,33.157513
200506L,2005072712,45.0,45.0,50.0,45.0,45.0,45.0,45.0,32.97686,32.97686,32.97686
200506L,2005072715,45.0,48.0,50.0,48.0,45.0,45.0,45.0,28.520676,28.520676,28.520676
200506L,2005072718,45.0,50.0,50.0,50.0,45.0,45.0,45.0,29.71372,29.71372,29.71372
200506L,2005072721,48.0,50.0,48.0,50.0,48.0,48.0,48.0,32.418163,32.418163,32.418163
200506L,2005072800,50.0,50.0,45.0,50.0,50.0,50.0,50.0,33.82629,33.82629,33.82629
200506L,2005072803,50.0,48.0,48.0,50.0,50.0,50.0,50.0,35.759224,35.759224,35.759224
200506L,2005072806,50.0,45.0,50.0,50.0,50.0,50.0,50.0,36.010498,36.010498,36.010498
200506L,2005072809,48.0,48.0,50.0,50.0,48.0,48.0,48.0,38.850582,38.850582,38.850582
200506L,2005072812,45.0,50.0,50.0,50.0,45.0,45.0,45.0,43.280506,43.280506,43.280506
200506L,2005072815,48.0,50.0,50.0,50.0,48.0,48.0,48.0,43.016224,43.016224,43.016224
200506L,2005072818,50.0,50.0,50.0,50.0,50.0,50.0,50.0,49.663166,49.663166,49.663166
200506L,2005072821,50.0,50.0,50.0,50.0,50.0,50.0,50.0,48.127033,48.127033,48.127033
200506L,2005072900,50.0,50.0,50.0,50.0,50.0,50.0,50.0,49.304752,49.304752,49.304752
200506L,2005072903,50.0,50.0,50.0,48.0,50.0,50.0,50.0,49.016827,49.016827,49.016827
200506L,2005072906,50.0,50.0,50.0,45.0,50.0,50.0,50.0,42.012863,42.012863,42.012863
200506L,2005072909,50.0,50.0,50.0,42.0,50.0,50.0,50.0,44.593277,44.593277,44.593277
200506L,2005072912,50.0,50.0,50.0,40.0,50.0,50.0,50.0,49.81786,49.81786,49.81786
200506L,2005072915,50.0,50.0,48.0,40.0,50.0,50.0,50.0,49.69509,49.69509,49.69509
200506L,2005072918,50.0,50.0,45.0,40.0,50.0,50.0,50.0,54.741123,54.741123,54.741123
200506L,2005072921,50.0,48.0,42.0,40.0,50.0,50.0,50.0,48.965977,48.965977,48.965977
200506L,2005073000,50.0,45.0,40.0,40.0,50.0,50.0,50.0,56.35199,56.35199,56.35199
200507L,2005072406,35.0,35.0,35.0,30.0,35.0,35.0,35.0,32.50678,32.50678,32.50678
200507L,2005072409,35.0,35.0,38.0,28.0,35.0,35.0,35.0,31.825888,31.825888,31.825888
200507L,2005072412,35.0,35.0,40.0,25.0,35.0,35.0,35.0,33.43161,33.43161,33.43161
200507L,2005072415,35.0,38.0,35.0,22.0,35.0,35.0,35.0,35.47104,35.47104,35.47104
200507L,2005072418,35.0,40.0,30.0,20.0,35.0,35.0,35.0,33.799656,33.799656,33.799656
200512W,2005081800,15.0,15.0,20.0,20.0,15.0,15.0,15.0,23.893877,23.893877,23.893877
200512W,2005081803,15.0,18.0,20.0,20.0,15.0,15.0,15.0,24.923578,24.923578,24.923578
200512W,2005081806,15.0,20.0,20.0,20.0,15.0,15.0,15.0,23.298515,23.298515,23.298515
200512W,2005081809,18.0,20.0,20.0,20.0,18.0,18.0,18.0,28.729303,28.729303,28.729303
200512W,2005081812,20.0,20.0,20.0,20.0,20.0,20.0,20.0,24.612946,24.612946,24.612946
200512W,2005081815,20.0,20.0,20.0,23.0,20.0,20.0,20.0,28.564629,28.564629,28.564629
200512W,2005081818,20.0,20.0,20.0,25.0,20.0,20.0,20.0,21.806763,21.806763,21.806763
200512W,2005081821,20.0,20.0,20.0,25.0,20.0,20.0,20.0,24.791134,24.791134,24.791134
200512W,2005081900,20.0,20.0,20.0,25.0,20.0,20.0,20.0,25.413977,25.413977,25.413977
200512W,2005081903,20.0,20.0,23.0,28.0,20.0,20.0,20.0,34.329575,34.329575,34.329575
200512W,2005081906,20.0,20.0,25.0,30.0,20.0,20.0,20.0,27.572115,27.572115,27.572115
200512W,2005081909,20.0,23.0,25.0,33.0,20.0,20.0,20.0,33.089314,33.089314,33.089314
200512W,2005081912,20.0,25.0,25.0,35.0,20.0,20.0,20.0,27.752966,27.752966,27.752966
200512W,2005081915,23.0,25.0,28.0,35.0,23.0,23.0,23.0,30.2399,30.2399,30.2399
200512W,2005081918,25.0,25.0,30.0,35.0,25.0,25.0,25.0,35.153038,35.153038,35.153038
200512W,2005081921,25.0,28.0,33.0,38.0,25.0,25.0,25.0,30.916891,30.916891,30.916891
200512W,2005082000,25.0,30.0,35.0,40.0,25.0,25.0,25.0,32.514282,32.514282,32.514282
200512W,2005082003,28.0,33.0,35.0,40.0,28.0,28.0,28.0,35.28181,35.28181,35.28181
200512W,2005082006,30.0,35.0,35.0,40.0,30.0,30.0,30.0,27.656786,27.656786,27.656786
200512W,2005082009,33.0,35.0,38.0,43.0,33.0,33.0,33.0,24.299221,24.299221,24.299221
200512W,2005082012,35.0,35.0,40.0,45.0,35.0,35.0,35.0,30.533638,30.533638,30.533638
200512W,2005082015,35.0,38.0,40.0,48.0,35.0,35.0,35.0,29.52591,29.52591,29.52591
200512W,2005082018,35.0,40.0,40.0,50.0,35.0,35.0,35.0,29.160002,29.160002,29.160002
200512W,2005082021,38.0,40.0,43.0,53.0,38.0,38.0,38.0,34.740997,34.740997,34.740997
200512W,2005082100,40.0,40.0,45.0,55.0,40.0,40.0,40.0,32.937546,32.937546,32.937546
200512W,2005082103,40.0,43.0,48.0,55.0,40.0,40.0,40.0,32.825397,32.825397,32.825397
200512W,2005082106,40.0,45.0,50.0,55.0,40.0,40.0,40.0,34.22338,34.22338,34.22338
200512W,2005082109,43.0,48.0,53.0,55.0,43.0,43.0,43.0,33.34595,33.34595,33.34595
200512W,2005082112,45.0,50.0,55.0,55.0,45.0,45.0,45.0,34.620968,34.620968,34.620968
200512W,2005082115,48.0,53.0,55.0,55.0,48.0,48.0,48.0,38.951984,38.951984,38.951984
200512W,2005082118,50.0,55.0,55.0,55.0,50.0,50.0,50.0,39.104176,39.104176,39.104176
200512W,2005082121,53.0,55.0,55.0,55.0,53.0,53.0,53.0,46.366215,46.366215,46.366215
200512W,2005082200,55.0,55.0,55.0,55.0,55.0,55.0,55.0,44.63482,44.63482,44.63482
200512W,2005082203,55.0,55.0,55.0,58.0,55.0,55.0,55.0,34.173466,34.173466,34.173466
200512W,2005082206,55.0,55.0,55.0,60.0,55.0,55.0,55.0,37.71529,37.71529,37.71529
200512W,2005082209,55.0,55.0,55.0,63.0,55.0,55.0,55.0,42.11659,42.11659,42.11659
200512W,2005082212,55.0,55.0,55.0,65.0,55.0,55.0,55.0,47.148815,47.148815,47.148815
200512W,2005082215,55.0,55.0,58.0,65.0,55.0,55.0,55.0,37.48595,37.48595,37.48595
200512W,2005082218,55.0,55.0,60.0,65.0,55.0,55.0,55.0,40.602043,40.602043,40.602043
200512W,2005082221,55.0,58.0,63.0,63.0,55.0,55.0,55.0,45.04485,45.04485,45.04485
200512W,2005082300,55.0,60.0,65.0,60.0,55.0,55.0,55.0,61.37502,61.37502,61.37502
200512W,2005082303,58.0,63.0,65.0,58.0,58.0,58.0,58.0,53.108395,53.108395,53.108395
200512W,2005082306,60.0,65.0,65.0,55.0,60.0,60.0,60.0,54.427216,54.427216,54.427216
200512W,2005082309,63.0,65.0,63.0,55.0,63.0,63.0,63.0,65.12494,65.12494,65.12494
200512W,2005082312,65.0,65.0,60.0,55.0,65.0,65.0,65.0,65.480804,65.480804,65.480804
200512W,2005082315,65.0,63.0,58.0,55.0,65.0,65.0,65.0,70.34053,70.34053,70.34053
200512W,2005082318,65.0,60.0,55.0,55.0,65.0,65.0,65.0,68.28019,68.28019,68.28019
200512W,2005082321,63.0,58.0,55.0,53.0,63.0,63.0,63.0,71.28971,71.28971,71.28971
200512W,2005082400,60.0,55.0,55.0,50.0,60.0,60.0,60.0,71.120674,71.120674,71.120674
200513L,2005082900,25.0,25.0,25.0,20.0,25.0,25.0,25.0,30.27565,30.27565,30.27565
200513L,2005082903,25.0,25.0,22.0,20.0,25.0,25.0,25.0,32.303272,32.303272,32.303272
200513L,2005082906,25.0,25.0,20.0,20.0,25.0,25.0,25.0,29.615807,29.615807,29.615807
200513L,2005082909,25.0,22.0,20.0,20.0,25.0,25.0,25.0,29.044012,29.044012,29.044012
200513L,2005082912,25.0,20.0,20.0,20.0,25.0,25.0,25.0,26.249174,26.249174,26.249174
200513L,2005082915,22.0,20.0,20.0,22.0,22.0,22.0,22.0,32.66044,32.66044,32.66044
200513L,2005082918,20.0,20.0,20.0,25.0,20.0,20.0,20.0,29.700296,29.700296,29.700296
200513L,2005082921,20.0,20.0,20.0,25.0,20.0,20.0,20.0,31.655869,31.655869,31.655869
200513L,2005083000,20.0,20.0,20.0,25.0,20.0,20.0,20.0,36.37386,36.37386,36.37386
200513L,2005083003,20.0,20.0,22.0,28.0,20.0,20.0,20.0,37.479546,37.479546,37.479546
200513L,2005083006,20.0,20.0,25.0,30.0,20.0,20.0,20.0,39.557796,39.557796,39.557796
200513L,2005083009,20.0,22.0,25.0,32.0,20.0,20.0,20.0,30.428623,30.428623,30.428623
200513L,2005083012,20.0,25.0,25.0,35.0,20.0,20.0,20.0,31.179485,31.179485,31.179485
200513L,2005083015,22.0,25.0,28.0,35.0,22.0,22.0,22.0,30.421991,30.421991,30.421991
200513L,2005083018,25.0,25.0,30.0,35.0,25.0,25.0,25.0,33.318447,33.318447,33.318447
200513L,2005083021,25.0,28.0,32.0,32.0,25.0,25.0,25.0,32.412945,32.412945,32.412945
200513L,2005083100,25.0,30.0,35.0,30.0,25.0,25.0,25.0,32.968266,32.968266,32.968266
200513L,2005083103,28.0,32.0,35.0,30.0,28.0,28.0,28.0,44.17457,44.17457,44.17457
200513L,2005083106,30.0,35.0,35.0,30.0,30.0,30.0,30.0,43.687977,43.687977,43.687977
200513L,2005083109,32.0,35.0,32.0,30.0,32.0,32.0,32.0,44.221287,44.221287,44.221287
200513L,2005083112,35.0,35.0,30.0,30.0,35.0,35.0,35.0,37.535137,37.535137,37.535137
200513L,2005083115,35.0,32.0,30.0,30.0,35.0,35.0,35.0,35.56438,35.56438,35.56438
200513L,2005083118,35.0,30.0,30.0,30.0,35.0,35.0,35.0,36.50384,36.50384,36.50384
200513L,2005083121,32.0,30.0,30.0,28.0,32.0,32.0,32.0,37.267727,37.267727,37.267727
200513L,2005090100,30.0,30.0,30.0,25.0,30.0,30.0,30.0,36.52817,36.52817,36.52817
200513L,2005090103,30.0,30.0,30.0,25.0,30.0,30.0,30.0,30.732437,30.732437,30.732437
200513L,2005090106,30.0,30.0,30.0,25.0,30.0,30.0,30.0,32.34389,32.34389,32.34389
200513L,2005090109,30.0,30.0,28.0,25.0,30.0,30.0,30.0,33.883522,33.883522,33.883522
200513L,2005090112,30.0,30.0,25.0,25.0,30.0,30.0,30.0,32.812344,32.812344,32.812344
200513L,2005090115,30.0,28.0,25.0,25.0,30.0,30.0,30.0,35.349087,35.349087,35.349087
200513L,2005090118,30.0,25.0,25.0,25.0,30.0,30.0,30.0,28.474012,28.474012,28.474012
200513L,2005090121,28.0,25.0,25.0,25.0,28.0,28.0,28.0,31.862139,31.862139,31.862139
200513L,2005090200,25.0,25.0,25.0,25.0,25.0,25.0,25.0,29.56749,29.56749,29.56749
200513L,2005090203,25.0,25.0,25.0,25.0,25.0,25.0,25.0,30.16365,30.16365,30.16365
200513L,2005090206,25.0,25.0,25.0,25.0,25.0,25.0,25.0,31.844877,31.844877,31.844877
200513L,2005090209,25.0,25.0,25.0,25.0,25.0,25.0,25.0,34.190086,34.190086,34.190086
200513L,2005090212,25.0,25.0,25.0,25.0,25.0,25.0,25.0,26.195665,26.195665,26.195665
200513L,2005090215,25.0,25.0,25.0,25.0,25.0,25.0,25.0,25.268078,25.268078,25.268078
200513L,2005090218,25.0,25.0,25.0,25.0,25.0,25.0,25.0,25.79226,25.79226,25.79226
200514L,2005090200,30.0,30.0,35.0,45.0,30.0,30.0,30.0,32.768692,32.768692,32.768692
200514L,2005090203,30.0,32.0,38.0,45.0,30.0,30.0,30.0,28.423203,28.423203,28.423203
200514L,2005090206,30.0,35.0,40.0,45.0,30.0,30.0,30.0,34.24576,34.24576,34.24576
200514L,2005090209,32.0,38.0,42.0,48.0,32.0,32.0,32.0,30.381077,30.381077,30.381077
200514L,2005090212,35.0,40.0,45.0,50.0,35.0,35.0,35.0,29.663185,29.663185,29.663185
200514L,2005090215,38.0,42.0,45.0,52.0,38.0,38.0,38.0,32.070995,32.070995,32.070995
200514L,2005090218,40.0,45.0,45.0,55.0,40.0,40.0,40.0,35.0649,35.0649,35.0649
200514L,2005090221,42.0,45.0,48.0,58.0,42.0,42.0,42.0,36.403584,36.403584,36.403584
200514L,2005090300,45.0,45.0,50.0,60.0,45.0,45.0,45.0,44.311565,44.311565,44.311565
200514L,2005090303,45.0,48.0,52.0,62.0,45.0,45.0,45.0,36.85767,36.85767,36.85767
200514L,2005090306,45.0,50.0,55.0,65.0,45.0,45.0,45.0,41.471886,41.471886,41.471886
200514L,2005090309,48.0,52.0,58.0,65.0,48.0,48.0,48.0,38.76457,38.76457,38.76457
200514L,2005090312,50.0,55.0,60.0,65.0,50.0,50.0,50.0,33.89434,33.89434,33.89434
200514L,2005090315,52.0,58.0,62.0,70.0,52.0,52.0,52.0,43.829205,43.829205,43.829205
200514L,2005090318,55.0,60.0,65.0,75.0,55.0,55.0,55.0,45.337116,45.337116,45.337116
200514L,2005090321,58.0,62.0,65.0,75.0,58.0,58.0,58.0,50.20518,50.20518,50.20518
200514L,2005090400,60.0,65.0,65.0,75.0,60.0,60.0,60.0,56.466587,56.466587,56.466587
200514L,2005090403,62.0,65.0,70.0,78.0,62.0,62.0,62.0,44.906128,44.906128,44.906128
200514L,2005090406,65.0,65.0,75.0,80.0,65.0,65.0,65.0,50.86836,50.86836,50.86836
200514L,2005090409,65.0,70.0,75.0,82.0,65.0,65.0,65.0,46.115482,46.115482,46.115482
200514L,2005090412,65.0,75.0,75.0,85.0,65.0,65.0,65.0,44.42447,44.42447,44.42447
200514L,2005090415,70.0,75.0,78.0,88.0,70.0,70.0,70.0,43.254597,43.254597,43.254597
200514L,2005090418,75.0,75.0,80.0,90.0,75.0,75.0,75.0,46.50599,46.50599,46.50599
200514L,2005090421,75.0,78.0,82.0,95.0,75.0,75.0,75.0,47.593906,47.593906,47.593906
200514L,2005090500,75.0,80.0,85.0,100.0,75.0,75.0,75.0,53.37841,53.37841,53.37841
200514L,2005090503,78.0,82.0,88.0,95.0,78.0,78.0,78.0,59.063698,59.063698,59.063698
200514L,2005090506,80.0,85.0,90.0,90.0,80.0,80.0,80.0,57.1854,57.1854,57.1854
200514L,2005090509,82.0,88.0,95.0,85.0,82.0,82.0,82.0,89.113075,89.113075,89.113075
200514L,2005090512,85.0,90.0,100.0,80.0,85.0,85.0,85.0,74.64802,74.64802,74.64802
200514L,2005090515,88.0,95.0,95.0,78.0,88.0,88.0,88.0,92.682396,92.682396,92.682396
200514L,2005090518,90.0,100.0,90.0,75.0,90.0,90.0,90.0,86.37907,86.37907,86.37907
200514L,2005090521,95.0,95.0,85.0,70.0,95.0,95.0,95.0,82.64068,82.64068,82.64068
200514L,2005090600,100.0,90.0,80.0,65.0,100.0,100.0,100.0,86.16117,86.16117,86.16117
200514L,2005090603,95.0,85.0,78.0,68.0,95.0,95.0,95.0,87.878395,87.878395,87.878395
200514L,2005090606,90.0,80.0,75.0,70.0,90.0,90.0,90.0,58.180218,58.180218,58.180218
200514L,2005090609,85.0,78.0,70.0,72.0,85.0,85.0,85.0,50.86655,50.86655,50.86655
200514L,2005090612,80.0,75.0,65.0,75.0,80.0,80.0,80.0,49.786488,49.786488,49.786488
200514L,2005090615,78.0,70.0,68.0,75.0,78.0,78.0,78.0,45.39893,45.39893,45.39893
200514L,2005090618,75.0,65.0,70.0,75.0,75.0,75.0,75.0,56.489452,56.489452,56.489452
200514L,2005090621,70.0,68.0,72.0,72.0,70.0,70.0,70.0,61.619514,61.619514,61.619514
200514L,2005090700,65.0,70.0,75.0,70.0,65.0,65.0,65.0,64.12745,64.12745,64.12745
200514L,2005090703,68.0,72.0,75.0,68.0,68.0,68.0,68.0,68.73796,68.73796,68.73796
200514L,2005090706,70.0,75.0,75.0,65.0,70.0,70.0,70.0,53.350105,53.350105,53.350105
200514L,2005090709,72.0,75.0,72.0,65.0,72.0,72.0,72.0,56.625084,56.625084,56.625084
200514L,2005090712,75.0,75.0,70.0,65.0,75.0,75.0,75.0,53.5817,53.5817,53.5817
200514L,2005090715,75.0,72.0,68.0,65.0,75.0,75.0,75.0,60.246204,60.246204,60.246204
200514L,2005090718,75.0,70.0,65.0,65.0,75.0,75.0,75.0,63.753143,63.753143,63.753143
200514L,2005090721,72.0,68.0,65.0,62.0,72.0,72.0,72.0,58.36153,58.36153,58.36153
200514L,2005090800,70.0,65.0,65.0,60.0,70.0,70.0,70.0,63.667408,63.667408,63.667408
200514L,2005090803,68.0,65.0,65.0,58.0,68.0,68.0,68.0,49.319134,49.319134,49.319134
200514L,2005090806,65.0,65.0,65.0,55.0,65.0,65.0,65.0,53.522495,53.522495,53.522495
200514L,2005090809,65.0,65.0,62.0,55.0,65.0,65.0,65.0,54.492847,54.492847,54.492847
200514L,2005090812,65.0,65.0,60.0,55.0,65.0,65.0,65.0,53.74648,53.74648,53.74648
200514L,2005090815,65.0,62.0,58.0,52.0,65.0,65.0,65.0,56.63856,56.63856,56.63856
200514L,2005090818,65.0,60.0,55.0,50.0,65.0,65.0,65.0,61.363834,61.363834,61.363834
200514L,2005090821,62.0,58.0,55.0,50.0,62.0,62.0,62.0,58.725555,58.725555,58.725555
200514L,2005090900,60.0,55.0,55.0,50.0,60.0,60.0,60.0,52.340015,52.340015,52.340015
200514L,2005090903,58.0,55.0,52.0,50.0,58.0,58.0,58.0,51.678555,51.678555,51.678555
200514L,2005090906,55.0,55.0,50.0,50.0,55.0,55.0,55.0,55.92706,55.92706,55.92706
200514L,2005090909,55.0,52.0,50.0,50.0,55.0,55.0,55.0,51.51759,51.51759,51.51759
200514L,2005090912,55.0,50.0,50.0,50.0,55.0,55.0,55.0,46.04863,46.04863,46.04863
200514L,2005090915,52.0,50.0,50.0,52.0,52.0,52.0,52.0,67.7347,67.7347,67.7347
200514L,2005090918,50.0,50.0,50.0,55.0,50.0,50.0,50.0,52.2369,52.2369,52.2369
200514L,2005090921,50.0,50.0,50.0,58.0,50.0,50.0,50.0,50.540115,50.540115,50.540115
200514L,2005091000,50.0,50.0,50.0,60.0,50.0,50.0,50.0,43.6862,43.6862,43.6862
200514L,2005091003,50.0,50.0,52.0,60.0,50.0,50.0,50.0,41.439945,41.439945,41.439945
200514L,2005091006,50.0,50.0,55.0,60.0,50.0,50.0,50.0,53.81187,53.81187,53.81187
200514L,2005091009,50.0,52.0,58.0,62.0,50.0,50.0,50.0,47.183994,47.183994,47.183994
200514L,2005091012,50.0,55.0,60.0,65.0,50.0,50.0,50.0,55.798172,55.798172,55.798172
200514L,2005091015,52.0,58.0,60.0,65.0,52.0,52.0,52.0,56.685078,56.685078,56.685078
200514L,2005091018,55.0,60.0,60.0,65.0,55.0,55.0,55.0,49.35389,49.35389,49.35389
200514L,2005091021,58.0,60.0,62.0,65.0,58.0,58.0,58.0,52.070198,52.070198,52.070198
200514L,2005091100,60.0,60.0,65.0,65.0,60.0,60.0,60.0,47.23743,47.23743,47.23743
200514L,2005091103,60.0,62.0,65.0,65.0,60.0,60.0,60.0,52.932705,52.932705,52.932705
200514L,2005091106,60.0,65.0,65.0,65.0,60.0,60.0,60.0,64.22406,64.22406,64.22406
200514L,2005091109,62.0,65.0,65.0,65.0,62.0,62.0,62.0,64.22406,64.22406,64.22406
200514L,2005091112,65.0,65.0,65.0,65.0,65.0,65.0,65.0,64.22406,64.22406,64.22406
200514L,2005091115,65.0,65.0,65.0,62.0,65.0,65.0,65.0,64.22406,64.22406,64.22406
200514L,2005091118,65.0,65.0,65.0,60.0,65.0,65.0,65.0,64.22406,64.22406,64.22406
200514L,2005091121,65.0,65.0,65.0,58.0,65.0,65.0,65.0,64.22406,64.22406,64.22406
200514L,2005091200,65.0,65.0,65.0,55.0,65.0,65.0,65.0,64.22406,64.22406,64.22406
200514L,2005091203,65.0,65.0,62.0,52.0,65.0,65.0,65.0,64.22406,64.22406,64.22406
200514L,2005091206,65.0,65.0,60.0,50.0,65.0,65.0,65.0,64.22406,64.22406,64.22406
200514L,2005091209,65.0,62.0,58.0,48.0,65.0,65.0,65.0,64.22406,64.22406,64.22406
200514L,2005091212,65.0,60.0,55.0,45.0,65.0,65.0,65.0,64.22406,64.22406,64.22406
200514L,2005091215,62.0,58.0,52.0,45.0,62.0,62.0,62.0,64.22406,64.22406,64.22406
200514L,2005091218,60.0,55.0,50.0,45.0,60.0,60.0,60.0,64.22406,64.22406,64.22406
200514L,2005091221,58.0,52.0,48.0,45.0,58.0,58.0,58.0,64.22406,64.22406,64.22406
200514L,2005091300,55.0,50.0,45.0,45.0,55.0,55.0,55.0,64.22406,64.22406,64.22406
200514S,2005020212,20.0,25.0,25.0,35.0,20.0,20.0,20.0,29.990875,29.990875,29.990875
200514S,2005020215,23.0,25.0,25.0,40.0,23.0,23.0,23.0,35.437153,35.437153,35.437153
200514S,2005020218,25.0,25.0,25.0,45.0,25.0,25.0,25.0,39.333607,39.333607,39.333607
200514S,2005020221,25.0,25.0,30.0,48.0,25.0,25.0,25.0,37.896946,37.896946,37.896946
200514S,2005020300,25.0,25.0,35.0,50.0,25.0,25.0,25.0,33.388573,33.388573,33.388573
200514S,2005020303,25.0,30.0,40.0,55.0,25.0,25.0,25.0,28.803661,28.803661,28.803661
200514S,2005020306,25.0,35.0,45.0,60.0,25.0,25.0,25.0,31.891468,31.891468,31.891468
200514S,2005020309,30.0,40.0,48.0,60.0,30.0,30.0,30.0,33.43438,33.43438,33.43438
200514S,2005020312,35.0,45.0,50.0,60.0,35.0,35.0,35.0,34.78554,34.78554,34.78554
200514S,2005020315,40.0,48.0,55.0,53.0,40.0,40.0,40.0,42.89006,42.89006,42.89006
200514S,2005020318,45.0,50.0,60.0,45.0,45.0,45.0,45.0,37.7383,37.7383,37.7383
200514S,2005020321,48.0,55.0,60.0,40.0,48.0,48.0,48.0,36.74715,36.74715,36.74715
200514S,2005020400,50.0,60.0,60.0,35.0,50.0,50.0,50.0,48.000282,48.000282,48.000282
200514S,2005020403,55.0,60.0,53.0,30.0,55.0,55.0,55.0,54.60464,54.60464,54.60464
200514S,2005020406,60.0,60.0,45.0,25.0,60.0,60.0,60.0,50.093616,50.093616,50.093616
200518S,2005021200,25.0,25.0,30.0,40.0,25.0,25.0,25.0,25.639637,25.639637,25.639637
200518S,2005021203,25.0,28.0,33.0,43.0,25.0,25.0,25.0,26.517807,26.517807,26.517807
200518S,2005021206,25.0,30.0,35.0,45.0,25.0,25.0,25.0,27.352295,27.352295,27.352295
200518S,2005021209,28.0,33.0,38.0,45.0,28.0,28.0,28.0,24.015423,24.015423,24.015423
200518S,2005021212,30.0,35.0,40.0,45.0,30.0,30.0,30.0,30.761974,30.761974,30.761974
200518S,2005021215,33.0,38.0,43.0,48.0,33.0,33.0,33.0,29.47905,29.47905,29.47905
200518S,2005021218,35.0,40.0,45.0,50.0,35.0,35.0,35.0,30.639267,30.639267,30.639267
200518S,2005021221,38.0,43.0,45.0,75.0,38.0,38.0,38.0,29.282867,29.282867,29.282867
200518S,2005021300,40.0,45.0,45.0,100.0,40.0,40.0,40.0,23.405949,23.405949,23.405949
200518S,2005021303,43.0,45.0,48.0,110.0,43.0,43.0,43.0,25.428492,25.428492,25.428492
200518S,2005021306,45.0,45.0,50.0,120.0,45.0,45.0,45.0,30.450928,30.450928,30.450928
200518S,2005021309,45.0,48.0,75.0,120.0,45.0,45.0,45.0,29.786364,29.786364,29.786364
200518S,2005021312,45.0,50.0,100.0,120.0,45.0,45.0,45.0,31.970592,31.970592,31.970592
200518S,2005021315,48.0,75.0,110.0,123.0,48.0,48.0,48.0,32.71845,32.71845,32.71845
200518S,2005021318,50.0,100.0,120.0,125.0,50.0,50.0,50.0,31.240803,31.240803,31.240803
200518S,2005021321,75.0,110.0,120.0,120.0,75.0,75.0,75.0,64.03593,64.03593,64.03593
200518S,2005021400,100.0,120.0,120.0,115.0,100.0,100.0,100.0,101.773506,101.773506,101.773506
200518S,2005021403,110.0,120.0,123.0,110.0,110.0,110.0,110.0,53.816673,53.816673,53.816673
200518S,2005021406,120.0,120.0,125.0,105.0,120.0,120.0,120.0,64.71793,64.71793,64.71793
200518S,2005021409,120.0,123.0,120.0,100.0,120.0,120.0,120.0,88.54953,88.54953,88.54953
200518S,2005021412,120.0,125.0,115.0,95.0,120.0,120.0,120.0,72.18261,72.18261,72.18261
200518S,2005021415,123.0,120.0,110.0,93.0,123.0,123.0,123.0,97.152626,97.152626,97.152626
200518S,2005021418,125.0,115.0,105.0,90.0,125.0,125.0,125.0,101.22681,101.22681,101.22681
200518S,2005021421,120.0,110.0,100.0,78.0,120.0,120.0,120.0,92.48532,92.48532,92.48532
200518S,2005021500,115.0,105.0,95.0,65.0,115.0,115.0,115.0,60.077538,60.077538,60.077538
200518S,2005021503,110.0,100.0,93.0,65.0,110.0,110.0,110.0,57.635273,57.635273,57.635273
200518S,2005021506,105.0,95.0,90.0,65.0,105.0,105.0,105.0,85.61973,85.61973,85.61973
200518S,2005021509,100.0,93.0,78.0,60.0,100.0,100.0,100.0,63.479702,63.479702,63.479702
200518S,2005021512,95.0,90.0,65.0,55.0,95.0,95.0,95.0,58.850166,58.850166,58.850166
200518S,2005021515,93.0,78.0,65.0,43.0,93.0,93.0,93.0,46.566387,46.566387,46.566387
200518S,2005021518,90.0,65.0,65.0,30.0,90.0,90.0,90.0,42.562466,42.562466,42.562466
200518S,2005021521,78.0,65.0,60.0,30.0,78.0,78.0,78.0,46.163124,46.163124,46.163124
200518S,2005021600,65.0,65.0,55.0,30.0,65.0,65.0,65.0,46.977386,46.977386,46.977386
200518S,2005021603,65.0,60.0,43.0,30.0,65.0,65.0,65.0,49.255615,49.255615,49.255615
200518S,2005021606,65.0,55.0,30.0,30.0,65.0,65.0,65.0,38.25631,38.25631,38.25631
200519S,2005021318,40.0,70.0,90.0,120.0,40.0,40.0,40.0,49.8477,49.8477,49.8477
200519S,2005021321,55.0,80.0,98.0,123.0,55.0,55.0,55.0,52.102882,52.102882,52.102882
200519S,2005021400,70.0,90.0,105.0,125.0,70.0,70.0,70.0,50.273678,50.273678,50.273678
200519S,2005021403,80.0,98.0,113.0,125.0,80.0,80.0,80.0,77.52265,77.52265,77.52265
200519S,2005021406,90.0,105.0,120.0,125.0,90.0,90.0,90.0,101.42398,101.42398,101.42398
200519S,2005021409,98.0,113.0,123.0,128.0,98.0,98.0,98.0,63.91187,63.91187,63.91187
200519S,2005021412,105.0,120.0,125.0,130.0,105.0,105.0,105.0,61.613026,61.613026,61.613026
200519S,2005021415,113.0,123.0,125.0,133.0,113.0,113.0,113.0,54.233196,54.233196,54.233196
200519S,2005021418,120.0,125.0,125.0,135.0,120.0,120.0,120.0,74.14514,74.14514,74.14514
200519S,2005021421,123.0,125.0,128.0,138.0,123.0,123.0,123.0,42.719944,42.719944,42.719944
200519S,2005021500,125.0,125.0,130.0,140.0,125.0,125.0,125.0,107.14282,107.14282,107.14282
200519S,2005021503,125.0,128.0,133.0,143.0,125.0,125.0,125.0,95.76345,95.76345,95.76345
200519S,2005021506,125.0,130.0,135.0,145.0,125.0,125.0,125.0,55.735897,55.735897,55.735897
200519S,2005021509,128.0,133.0,138.0,145.0,128.0,128.0,128.0,60.938168,60.938168,60.938168
200519S,2005021512,130.0,135.0,140.0,145.0,130.0,130.0,130.0,53.54086,53.54086,53.54086
200519S,2005021515,133.0,138.0,143.0,143.0,133.0,133.0,133.0,106.34177,106.34177,106.34177
200519S,2005021518,135.0,140.0,145.0,140.0,135.0,135.0,135.0,85.848885,85.848885,85.848885
200519S,2005021521,138.0,143.0,145.0,140.0,138.0,138.0,138.0,108.70314,108.70314,108.70314
200519S,2005021600,140.0,145.0,145.0,140.0,140.0,140.0,140.0,127.685005,127.685005,127.685005
200519S,2005021603,143.0,145.0,143.0,135.0,143.0,143.0,143.0,132.89273,132.89273,132.89273
200519S,2005021606,145.0,145.0,140.0,130.0,145.0,145.0,145.0,89.39012,89.39012,89.39012
200519S,2005021609,145.0,143.0,140.0,128.0,145.0,145.0,145.0,97.47805,97.47805,97.47805
200519S,2005021612,145.0,140.0,140.0,125.0,145.0,145.0,145.0,41.18499,41.18499,41.18499
200519S,2005021615,143.0,140.0,135.0,123.0,143.0,143.0,143.0,125.32571,125.32571,125.32571
200519S,2005021618,140.0,140.0,130.0,120.0,140.0,140.0,140.0,119.05781,119.05781,119.05781
200519S,2005021621,140.0,135.0,128.0,120.0,140.0,140.0,140.0,105.077774,105.077774,105.077774
200519S,2005021700,140.0,130.0,125.0,120.0,140.0,140.0,140.0,119.69377,119.69377,119.69377
200519S,2005021703,135.0,128.0,123.0,118.0,135.0,135.0,135.0,107.67043,107.67043,107.67043
200519S,2005021706,130.0,125.0,120.0,115.0,130.0,130.0,130.0,104.10011,104.10011,104.10011
200519S,2005021709,128.0,123.0,120.0,108.0,128.0,128.0,128.0,119.46519,119.46519,119.46519
200519S,2005021712,125.0,120.0,120.0,100.0,125.0,125.0,125.0,105.106804,105.106804,105.106804
200519S,2005021715,123.0,120.0,118.0,95.0,123.0,123.0,123.0,116.79447,116.79447,116.79447
200519S,2005021718,120.0,120.0,115.0,90.0,120.0,120.0,120.0,113.94088,113.94088,113.94088
200519S,2005021721,120.0,118.0,108.0,90.0,120.0,120.0,120.0,116.130264,116.130264,116.130264
200519S,2005021800,120.0,115.0,100.0,90.0,120.0,120.0,120.0,116.14335,116.14335,116.14335
200519S,2005021803,118.0,108.0,95.0,78.0,118.0,118.0,118.0,101.73817,101.73817,101.73817
200519S,2005021806,115.0,100.0,90.0,65.0,115.0,115.0,115.0,100.44794,100.44794,100.44794
200519S,2005021809,108.0,95.0,90.0,60.0,108.0,108.0,108.0,96.58683,96.58683,96.58683
200519S,2005021812,100.0,90.0,90.0,55.0,100.0,100.0,100.0,97.620834,97.620834,97.620834
200519S,2005021815,95.0,90.0,78.0,50.0,95.0,95.0,95.0,95.89328,95.89328,95.89328
200519S,2005021818,90.0,90.0,65.0,45.0,90.0,90.0,90.0,90.15729,90.15729,90.15729
200519S,2005021821,90.0,78.0,60.0,45.0,90.0,90.0,90.0,76.07592,76.07592,76.07592
200519S,2005021900,90.0,65.0,55.0,45.0,90.0,90.0,90.0,58.213078,58.213078,58.213078
200519S,2005021903,78.0,60.0,50.0,35.0,78.0,78.0,78.0,56.959152,56.959152,56.959152
200519S,2005021906,65.0,55.0,45.0,25.0,65.0,65.0,65.0,65.62815,65.62815,65.62815
200521S,2005030512,30.0,30.0,35.0,35.0,30.0,30.0,30.0,35.230076,35.230076,35.230076
200521S,2005030515,30.0,33.0,35.0,33.0,30.0,30.0,30.0,32.797756,32.797756,32.797756
200521S,2005030518,30.0,35.0,35.0,30.0,30.0,30.0,30.0,34.32616,34.32616,34.32616
200522L,2005100518,45.0,45.0,35.0,15.0,45.0,45.0,45.0,35.777744,35.777744,35.777744
200522L,2005100521,45.0,40.0,30.0,12.0,45.0,45.0,45.0,36.395412,36.395412,36.395412
200522L,2005100600,45.0,35.0,25.0,10.0,45.0,45.0,45.0,34.55019,34.55019,34.55019
200522S,2005030418,15.0,20.0,25.0,30.0,15.0,15.0,15.0,23.174814,23.174814,23.174814
200522S,2005030421,18.0,23.0,25.0,30.0,18.0,18.0,18.0,27.390785,27.390785,27.390785
200522S,2005030500,20.0,25.0,25.0,30.0,20.0,20.0,20.0,29.444088,29.444088,29.444088
200522S,2005030503,23.0,25.0,28.0,38.0,23.0,23.0,23.0,31.979485,31.979485,31.979485
200522S,2005030506,25.0,25.0,30.0,45.0,25.0,25.0,25.0,24.302803,24.302803,24.302803
200522S,2005030509,25.0,28.0,30.0,55.0,25.0,25.0,25.0,44.30522,44.30522,44.30522
200522S,2005030512,25.0,30.0,30.0,65.0,25.0,25.0,25.0,23.497532,23.497532,23.497532
200522S,2005030515,28.0,30.0,38.0,70.0,28.0,28.0,28.0,29.816244,29.816244,29.816244
200522S,2005030518,30.0,30.0,45.0,75.0,30.0,30.0,30.0,28.373934,28.373934,28.373934
200522S,2005030521,30.0,38.0,55.0,80.0,30.0,30.0,30.0,29.210999,29.210999,29.210999
200522S,2005030600,30.0,45.0,65.0,85.0,30.0,30.0,30.0,33.308807,33.308807,33.308807
200522S,2005030603,38.0,55.0,70.0,103.0,38.0,38.0,38.0,32.41789,32.41789,32.41789
200522S,2005030606,45.0,65.0,75.0,120.0,45.0,45.0,45.0,44.994194,44.994194,44.994194
200522S,2005030609,55.0,70.0,80.0,120.0,55.0,55.0,55.0,42.51542,42.51542,42.51542
200522S,2005030612,65.0,75.0,85.0,120.0,65.0,65.0,65.0,85.996994,85.996994,85.996994
200522S,2005030615,70.0,80.0,103.0,125.0,70.0,70.0,70.0,51.697098,51.697098,51.697098
200522S,2005030618,75.0,85.0,120.0,130.0,75.0,75.0,75.0,89.90268,89.90268,89.90268
200522S,2005030621,80.0,103.0,120.0,130.0,80.0,80.0,80.0,56.96468,56.96468,56.96468
200522S,2005030700,85.0,120.0,120.0,130.0,85.0,85.0,85.0,92.793945,92.793945,92.793945
200522S,2005030703,103.0,120.0,125.0,130.0,103.0,103.0,103.0,91.48514,91.48514,91.48514
200522S,2005030706,120.0,120.0,130.0,130.0,120.0,120.0,120.0,106.43973,106.43973,106.43973
200522S,2005030709,120.0,125.0,130.0,130.0,120.0,120.0,120.0,113.19626,113.19626,113.19626
200522S,2005030712,120.0,130.0,130.0,130.0,120.0,120.0,120.0,113.43544,113.43544,113.43544
200522S,2005030715,125.0,130.0,130.0,118.0,125.0,125.0,125.0,121.25492,121.25492,121.25492
200522S,2005030718,130.0,130.0,130.0,105.0,130.0,130.0,130.0,117.98467,117.98467,117.98467
200522S,2005030721,130.0,130.0,130.0,105.0,130.0,130.0,130.0,113.1179,113.1179,113.1179
200522S,2005030800,130.0,130.0,130.0,105.0,130.0,130.0,130.0,108.71562,108.71562,108.71562
200522S,2005030803,130.0,130.0,118.0,105.0,130.0,130.0,130.0,118.944756,118.944756,118.944756
200522S,2005030806,130.0,130.0,105.0,105.0,130.0,130.0,130.0,117.76659,117.76659,117.76659
200522S,2005030809,130.0,118.0,105.0,103.0,130.0,130.0,130.0,119.40912,119.40912,119.40912
200522S,2005030812,130.0,105.0,105.0,100.0,130.0,130.0,130.0,120.79248,120.79248,120.79248
200522S,2005030815,118.0,105.0,105.0,100.0,118.0,118.0,118.0,44.296875,44.296875,44.296875
200522S,2005030818,105.0,105.0,105.0,100.0,105.0,105.0,105.0,45.47705,45.47705,45.47705
200522S,2005030821,105.0,105.0,103.0,88.0,105.0,105.0,105.0,46.721085,46.721085,46.721085
200522S,2005030900,105.0,105.0,100.0,75.0,105.0,105.0,105.0,54.929874,54.929874,54.929874
200522S,2005030903,105.0,103.0,100.0,70.0,105.0,105.0,105.0,56.462975,56.462975,56.462975
200522S,2005030906,105.0,100.0,100.0,65.0,105.0,105.0,105.0,43.675526,43.675526,43.675526
200522S,2005030909,103.0,100.0,88.0,60.0,103.0,103.0,103.0,57.551636,57.551636,57.551636
200522S,2005030912,100.0,100.0,75.0,55.0,100.0,100.0,100.0,45.546947,45.546947,45.546947
200522S,2005030915,100.0,88.0,70.0,58.0,100.0,100.0,100.0,50.335896,50.335896,50.335896
200522S,2005030918,100.0,75.0,65.0,60.0,100.0,100.0,100.0,62.48871,62.48871,62.48871
200522S,2005030921,88.0,70.0,60.0,63.0,88.0,88.0,88.0,82.85348,82.85348,82.85348
200522S,2005031000,75.0,65.0,55.0,65.0,75.0,75.0,75.0,44.26441,44.26441,44.26441
200522S,2005031003,70.0,60.0,58.0,73.0,70.0,70.0,70.0,30.520386,30.520386,30.520386
200522S,2005031006,65.0,55.0,60.0,80.0,65.0,65.0,65.0,24.845737,24.845737,24.845737
200522S,2005031009,60.0,58.0,63.0,100.0,60.0,60.0,60.0,26.745443,26.745443,26.745443
200522S,2005031012,55.0,60.0,65.0,120.0,55.0,55.0,55.0,27.553225,27.553225,27.553225
200522S,2005031015,58.0,63.0,73.0,120.0,58.0,58.0,58.0,29.52417,29.52417,29.52417
200522S,2005031018,60.0,65.0,80.0,120.0,60.0,60.0,60.0,28.74694,28.74694,28.74694
200522S,2005031021,63.0,73.0,100.0,123.0,63.0,63.0,63.0,35.097782,35.097782,35.097782
200522S,2005031100,65.0,80.0,120.0,125.0,65.0,65.0,65.0,36.0683,36.0683,36.0683
200522S,2005031103,73.0,100.0,120.0,130.0,73.0,73.0,73.0,39.941906,39.941906,39.941906
200522S,2005031106,80.0,120.0,120.0,135.0,80.0,80.0,80.0,36.36624,36.36624,36.36624
200522S,2005031109,100.0,120.0,123.0,135.0,100.0,100.0,100.0,64.468925,64.468925,64.468925
200522S,2005031112,120.0,120.0,125.0,135.0,120.0,120.0,120.0,50.41219,50.41219,50.41219
200522S,2005031115,120.0,123.0,130.0,128.0,120.0,120.0,120.0,90.4334,90.4334,90.4334
200522S,2005031118,120.0,125.0,135.0,120.0,120.0,120.0,120.0,107.32154,107.32154,107.32154
200522S,2005031121,123.0,130.0,135.0,120.0,123.0,123.0,123.0,85.774086,85.774086,85.774086
200522S,2005031200,125.0,135.0,135.0,120.0,125.0,125.0,125.0,99.86561,99.86561,99.86561
200522S,2005031203,130.0,135.0,128.0,110.0,130.0,130.0,130.0,105.16524,105.16524,105.16524
200522S,2005031206,135.0,135.0,120.0,100.0,135.0,135.0,135.0,35.653137,35.653137,35.653137
200522S,2005031209,135.0,128.0,120.0,100.0,135.0,135.0,135.0,80.32609,80.32609,80.32609
200522S,2005031212,135.0,120.0,120.0,100.0,135.0,135.0,135.0,100.82025,100.82025,100.82025
200522S,2005031215,128.0,120.0,110.0,100.0,128.0,128.0,128.0,86.272705,86.272705,86.272705
200522S,2005031218,120.0,120.0,100.0,100.0,120.0,120.0,120.0,47.73823,47.73823,47.73823
200522S,2005031221,120.0,110.0,100.0,100.0,120.0,120.0,120.0,34.995293,34.995293,34.995293
200522S,2005031300,120.0,100.0,100.0,100.0,120.0,120.0,120.0,42.38094,42.38094,42.38094
200522S,2005031303,110.0,100.0,100.0,100.0,110.0,110.0,110.0,39.406517,39.406517,39.406517
200522S,2005031306,100.0,100.0,100.0,100.0,100.0,100.0,100.0,39.790638,39.790638,39.790638
200522S,2005031309,100.0,100.0,100.0,108.0,100.0,100.0,100.0,39.37043,39.37043,39.37043
200522S,2005031312,100.0,100.0,100.0,115.0,100.0,100.0,100.0,37.754505,37.754505,37.754505
200522S,2005031315,100.0,100.0,100.0,115.0,100.0,100.0,100.0,42.826317,42.826317,42.826317
200522S,2005031318,100.0,100.0,100.0,115.0,100.0,100.0,100.0,44.80138,44.80138,44.80138
200522S,2005031321,100.0,100.0,108.0,115.0,100.0,100.0,100.0,57.21789,57.21789,57.21789
200522S,2005031400,100.0,100.0,115.0,115.0,100.0,100.0,100.0,50.120487,50.120487,50.120487
200522S,2005031403,100.0,108.0,115.0,123.0,100.0,100.0,100.0,44.218063,44.218063,44.218063
200522S,2005031406,100.0,115.0,115.0,130.0,100.0,100.0,100.0,39.230465,39.230465,39.230465
200522S,2005031409,108.0,115.0,115.0,128.0,108.0,108.0,108.0,41.85631,41.85631,41.85631
200522S,2005031412,115.0,115.0,115.0,125.0,115.0,115.0,115.0,55.429993,55.429993,55.429993
200522S,2005031415,115.0,115.0,123.0,108.0,115.0,115.0,115.0,46.10424,46.10424,46.10424
200522S,2005031418,115.0,115.0,130.0,90.0,115.0,115.0,115.0,41.724396,41.724396,41.724396
200522S,2005031421,115.0,123.0,128.0,90.0,115.0,115.0,115.0,54.216393,54.216393,54.216393
200522S,2005031500,115.0,130.0,125.0,90.0,115.0,115.0,115.0,86.90525,86.90525,86.90525
200522S,2005031503,123.0,128.0,108.0,83.0,123.0,123.0,123.0,77.97756,77.97756,77.97756
200522S,2005031506,130.0,125.0,90.0,75.0,130.0,130.0,130.0,103.16862,103.16862,103.16862
200522S,2005031509,128.0,108.0,90.0,70.0,128.0,128.0,128.0,81.955284,81.955284,81.955284
200522S,2005031512,125.0,90.0,90.0,65.0,125.0,125.0,125.0,51.314327,51.314327,51.314327
200522S,2005031515,108.0,90.0,83.0,65.0,108.0,108.0,108.0,48.05957,48.05957,48.05957
200522S,2005031518,90.0,90.0,75.0,65.0,90.0,90.0,90.0,55.286686,55.286686,55.286686
200522S,2005031521,90.0,83.0,70.0,65.0,90.0,90.0,90.0,47.956886,47.956886,47.956886
200522S,2005031600,90.0,75.0,65.0,65.0,90.0,90.0,90.0,64.18185,64.18185,64.18185
200522S,2005031603,83.0,70.0,65.0,65.0,83.0,83.0,83.0,48.702892,48.702892,48.702892
200522S,2005031606,75.0,65.0,65.0,65.0,75.0,75.0,75.0,40.90279,40.90279,40.90279
200525W,2005121606,25.0,25.0,25.0,25.0,25.0,25.0,25.0,27.62815,27.62815,27.62815
200525W,2005121609,25.0,25.0,25.0,25.0,25.0,25.0,25.0,28.254362,28.254362,28.254362
200525W,2005121612,25.0,25.0,25.0,25.0,25.0,25.0,25.0,32.314335,32.314335,32.314335
200525W,2005121615,25.0,25.0,25.0,25.0,25.0,25.0,25.0,33.90328,33.90328,33.90328
200525W,2005121618,25.0,25.0,25.0,25.0,25.0,25.0,25.0,29.997253,29.997253,29.997253
200525W,2005121621,25.0,25.0,25.0,25.0,25.0,25.0,25.0,30.998125,30.998125,30.998125
200525W,2005121700,25.0,25.0,25.0,25.0,25.0,25.0,25.0,27.54045,27.54045,27.54045
200525W,2005121703,25.0,25.0,25.0,28.0,25.0,25.0,25.0,25.816849,25.816849,25.816849
200525W,2005121706,25.0,25.0,25.0,30.0,25.0,25.0,25.0,30.338438,30.338438,30.338438
200525W,2005121709,25.0,25.0,25.0,30.0,25.0,25.0,25.0,28.820698,28.820698,28.820698
200525W,2005121712,25.0,25.0,25.0,30.0,25.0,25.0,25.0,29.229002,29.229002,29.229002
200525W,2005121715,25.0,25.0,28.0,33.0,25.0,25.0,25.0,34.79462,34.79462,34.79462
200525W,2005121718,25.0,25.0,30.0,35.0,25.0,25.0,25.0,33.154655,33.154655,33.154655
200525W,2005121721,25.0,28.0,30.0,38.0,25.0,25.0,25.0,33.686928,33.686928,33.686928
200525W,2005121800,25.0,30.0,30.0,40.0,25.0,25.0,25.0,38.376835,38.376835,38.376835
200525W,2005121803,28.0,30.0,33.0,43.0,28.0,28.0,28.0,28.100111,28.100111,28.100111
200525W,2005121806,30.0,30.0,35.0,45.0,30.0,30.0,30.0,30.483587,30.483587,30.483587
200525W,2005121809,30.0,33.0,38.0,43.0,30.0,30.0,30.0,27.597305,27.597305,27.597305
200525W,2005121812,30.0,35.0,40.0,40.0,30.0,30.0,30.0,40.740097,40.740097,40.740097
200525W,2005121815,33.0,38.0,43.0,38.0,33.0,33.0,33.0,35.63985,35.63985,35.63985
200525W,2005121818,35.0,40.0,45.0,35.0,35.0,35.0,35.0,45.394993,45.394993,45.394993
200525W,2005121821,38.0,43.0,43.0,35.0,38.0,38.0,38.0,37.434048,37.434048,37.434048
200525W,2005121900,40.0,45.0,40.0,35.0,40.0,40.0,40.0,34.204132,34.204132,34.204132
200525W,2005121903,43.0,43.0,38.0,33.0,43.0,43.0,43.0,41.862385,41.862385,41.862385
200525W,2005121906,45.0,40.0,35.0,30.0,45.0,45.0,45.0,34.1299,34.1299,34.1299
200525W,2005121909,43.0,38.0,35.0,28.0,43.0,43.0,43.0,41.1066,41.1066,41.1066
200525W,2005121912,40.0,35.0,35.0,25.0,40.0,40.0,40.0,36.295544,36.295544,36.295544
200525W,2005121915,38.0,35.0,33.0,25.0,38.0,38.0,38.0,32.71994,32.71994,32.71994
200525W,2005121918,35.0,35.0,30.0,25.0,35.0,35.0,35.0,27.858215,27.858215,27.858215
200525W,2005121921,35.0,33.0,28.0,25.0,35.0,35.0,35.0,24.215527,24.215527,24.215527
200525W,2005122000,35.0,30.0,25.0,25.0,35.0,35.0,35.0,23.791191,23.791191,23.791191
200525W,2005122003,33.0,28.0,25.0,25.0,33.0,33.0,33.0,26.423273,26.423273,26.423273
200525W,2005122006,30.0,25.0,25.0,25.0,30.0,30.0,30.0,24.292152,24.292152,24.292152
200602E,2006060400,30.0,30.0,25.0,25.0,30.0,30.0,30.0,26.94985,26.94985,26.94985
200603C,2006092512,15.0,15.0,15.0,25.0,15.0,15.0,15.0,24.56029,24.56029,24.56029
200603C,2006092515,15.0,15.0,18.0,28.0,15.0,15.0,15.0,32.713318,32.713318,32.713318
200603C,2006092518,15.0,15.0,20.0,30.0,15.0,15.0,15.0,32.036915,32.036915,32.036915
200603C,2006092521,15.0,18.0,22.0,30.0,15.0,15.0,15.0,32.03059,32.03059,32.03059
200603C,2006092600,15.0,20.0,25.0,30.0,15.0,15.0,15.0,31.214334,31.214334,31.214334
200603C,2006092603,18.0,22.0,28.0,28.0,18.0,18.0,18.0,23.579226,23.579226,23.579226
200603C,2006092606,20.0,25.0,30.0,25.0,20.0,20.0,20.0,31.265831,31.265831,31.265831
200604I,2006092000,25.0,25.0,25.0,30.0,25.0,25.0,25.0,27.867489,27.867489,27.867489
200604I,2006092003,25.0,25.0,28.0,30.0,25.0,25.0,25.0,28.45441,28.45441,28.45441
200604I,2006092006,25.0,25.0,30.0,30.0,25.0,25.0,25.0,31.137653,31.137653,31.137653
200604I,2006092009,25.0,28.0,30.0,33.0,25.0,25.0,25.0,25.42511,25.42511,25.42511
200604I,2006092012,25.0,30.0,30.0,35.0,25.0,25.0,25.0,30.480753,30.480753,30.480753
200604I,2006092015,28.0,30.0,30.0,38.0,28.0,28.0,28.0,33.70968,33.70968,33.70968
200604I,2006092018,30.0,30.0,30.0,40.0,30.0,30.0,30.0,38.60979,38.60979,38.60979
200604I,2006092021,30.0,30.0,33.0,43.0,30.0,30.0,30.0,47.34861,47.34861,47.34861
200604I,2006092100,30.0,30.0,35.0,45.0,30.0,30.0,30.0,52.76022,52.76022,52.76022
200604I,2006092103,30.0,33.0,38.0,45.0,30.0,30.0,30.0,47.286552,47.286552,47.286552
200604I,2006092106,30.0,35.0,40.0,45.0,30.0,30.0,30.0,41.709236,41.709236,41.709236
200604I,2006092109,33.0,38.0,43.0,48.0,33.0,33.0,33.0,35.227203,35.227203,35.227203
200604I,2006092112,35.0,40.0,45.0,50.0,35.0,35.0,35.0,30.53681,30.53681,30.53681
200604I,2006092115,38.0,43.0,45.0,50.0,38.0,38.0,38.0,31.09437,31.09437,31.09437
200604I,2006092118,40.0,45.0,45.0,50.0,40.0,40.0,40.0,39.73534,39.73534,39.73534
200604I,2006092121,43.0,45.0,48.0,50.0,43.0,43.0,43.0,44.15855,44.15855,44.15855
200604I,2006092200,45.0,45.0,50.0,50.0,45.0,45.0,45.0,48.091614,48.091614,48.091614
200604I,2006092203,45.0,48.0,50.0,53.0,45.0,45.0,45.0,47.526104,47.526104,47.526104
200604I,2006092206,45.0,50.0,50.0,55.0,45.0,45.0,45.0,70.46146,70.46146,70.46146
200604I,2006092209,48.0,50.0,50.0,50.0,48.0,48.0,48.0,43.236164,43.236164,43.236164
200604I,2006092212,50.0,50.0,50.0,45.0,50.0,50.0,50.0,42.762012,42.762012,42.762012
200604I,2006092215,50.0,50.0,53.0,40.0,50.0,50.0,50.0,48.75836,48.75836,48.75836
200604I,2006092218,50.0,50.0,55.0,35.0,50.0,50.0,50.0,39.155674,39.155674,39.155674
200604I,2006092221,50.0,53.0,50.0,33.0,50.0,50.0,50.0,41.512306,41.512306,41.512306
200604I,2006092300,50.0,55.0,45.0,30.0,50.0,50.0,50.0,45.63375,45.63375,45.63375
200604I,2006092303,53.0,50.0,40.0,30.0,53.0,53.0,53.0,45.80459,45.80459,45.80459
200604I,2006092306,55.0,45.0,35.0,30.0,55.0,55.0,55.0,37.984116,37.984116,37.984116
200604I,2006092309,50.0,40.0,33.0,30.0,50.0,50.0,50.0,42.83476,42.83476,42.83476
200604I,2006092312,45.0,35.0,30.0,30.0,45.0,45.0,45.0,33.198612,33.198612,33.198612
200604I,2006092315,40.0,33.0,30.0,30.0,40.0,40.0,40.0,31.490454,31.490454,31.490454
200604I,2006092318,35.0,30.0,30.0,30.0,35.0,35.0,35.0,40.346294,40.346294,40.346294
200604I,2006092321,33.0,30.0,30.0,30.0,33.0,33.0,33.0,37.15001,37.15001,37.15001
200604I,2006092400,30.0,30.0,30.0,30.0,30.0,30.0,30.0,35.453552,35.453552,35.453552
200604I,2006092403,30.0,30.0,30.0,30.0,30.0,30.0,30.0,29.455591,29.455591,29.455591
200604I,2006092406,30.0,30.0,30.0,30.0,30.0,30.0,30.0,29.937979,29.937979,29.937979
200604I,2006092409,30.0,30.0,30.0,30.0,30.0,30.0,30.0,30.47765,30.47765,30.47765
200604I,2006092412,30.0,30.0,30.0,30.0,30.0,30.0,30.0,26.039759,26.039759,26.039759
200604I,2006092415,30.0,30.0,30.0,28.0,30.0,30.0,30.0,26.38803,26.38803,26.38803
200604I,2006092418,30.0,30.0,30.0,25.0,30.0,30.0,30.0,27.744877,27.744877,27.744877
200604I,2006092421,30.0,30.0,30.0,25.0,30.0,30.0,30.0,26.949436,26.949436,26.949436
200604I,2006092500,30.0,30.0,30.0,25.0,30.0,30.0,30.0,31.730125,31.730125,31.730125
200604I,2006092503,30.0,30.0,28.0,25.0,30.0,30.0,30.0,25.405277,25.405277,25.405277
200604I,2006092506,30.0,30.0,25.0,25.0,30.0,30.0,30.0,31.793957,31.793957,31.793957
200604I,2006092509,30.0,28.0,25.0,25.0,30.0,30.0,30.0,29.867043,29.867043,29.867043
200604I,2006092512,30.0,25.0,25.0,25.0,30.0,30.0,30.0,25.849949,25.849949,25.849949
200604S,2005121718,25.0,25.0,25.0,25.0,25.0,25.0,25.0,25.682217,25.682217,25.682217
200604S,2005121721,25.0,25.0,25.0,25.0,25.0,25.0,25.0,24.294714,24.294714,24.294714
200604S,2005121800,25.0,25.0,25.0,25.0,25.0,25.0,25.0,24.20216,24.20216,24.20216
200604S,2005121803,25.0,25.0,25.0,25.0,25.0,25.0,25.0,24.971117,24.971117,24.971117
200604S,2005121806,25.0,25.0,25.0,25.0,25.0,25.0,25.0,24.853563,24.853563,24.853563
200604S,2005121809,25.0,25.0,25.0,25.0,25.0,25.0,25.0,21.803173,21.803173,21.803173
200604S,2005121812,25.0,25.0,25.0,25.0,25.0,25.0,25.0,22.877575,22.877575,22.877575
200604S,2005121815,25.0,25.0,25.0,25.0,25.0,25.0,25.0,24.278803,24.278803,24.278803
200604S,2005121818,25.0,25.0,25.0,25.0,25.0,25.0,25.0,25.463781,25.463781,25.463781
200604S,2005121821,25.0,25.0,25.0,25.0,25.0,25.0,25.0,26.408594,26.408594,26.408594
200604S,2005121900,25.0,25.0,25.0,25.0,25.0,25.0,25.0,23.98334,23.98334,23.98334
200604S,2005121903,25.0,25.0,25.0,25.0,25.0,25.0,25.0,24.940517,24.940517,24.940517
200604S,2005121906,25.0,25.0,25.0,25.0,25.0,25.0,25.0,26.71551,26.71551,26.71551
200604S,2005121909,25.0,25.0,25.0,25.0,25.0,25.0,25.0,25.10724,25.10724,25.10724
200604S,2005121912,25.0,25.0,25.0,25.0,25.0,25.0,25.0,27.703062,27.703062,27.703062
200604S,2005121915,25.0,25.0,25.0,25.0,25.0,25.0,25.0,23.53068,23.53068,23.53068
200604S,2005121918,25.0,25.0,25.0,25.0,25.0,25.0,25.0,20.44207,20.44207,20.44207
200604S,2005121921,25.0,25.0,25.0,25.0,25.0,25.0,25.0,24.113995,24.113995,24.113995
200604S,2005122000,25.0,25.0,25.0,25.0,25.0,25.0,25.0,23.290358,23.290358,23.290358
200604S,2005122003,25.0,25.0,25.0,25.0,25.0,25.0,25.0,28.02293,28.02293,28.02293
200604S,2005122006,25.0,25.0,25.0,25.0,25.0,25.0,25.0,25.54576,25.54576,25.54576
200604S,2005122009,25.0,25.0,25.0,25.0,25.0,25.0,25.0,27.839914,27.839914,27.839914
200604S,2005122012,25.0,25.0,25.0,25.0,25.0,25.0,25.0,33.277172,33.277172,33.277172
200604S,2005122015,25.0,25.0,25.0,25.0,25.0,25.0,25.0,27.217693,27.217693,27.217693
200604S,2005122018,25.0,25.0,25.0,25.0,25.0,25.0,25.0,24.520454,24.520454,24.520454
200604S,2005122021,25.0,25.0,25.0,25.0,25.0,25.0,25.0,27.886112,27.886112,27.886112
200604S,2005122100,25.0,25.0,25.0,25.0,25.0,25.0,25.0,24.373383,24.373383,24.373383
200604S,2005122103,25.0,25.0,25.0,25.0,25.0,25.0,25.0,25.973988,25.973988,25.973988
200604S,2005122106,25.0,25.0,25.0,25.0,25.0,25.0,25.0,29.608868,29.608868,29.608868
200604S,2005122109,25.0,25.0,25.0,25.0,25.0,25.0,25.0,32.708187,32.708187,32.708187
200604S,2005122112,25.0,25.0,25.0,25.0,25.0,25.0,25.0,27.72786,27.72786,27.72786
200604S,2005122115,25.0,25.0,25.0,25.0,25.0,25.0,25.0,25.378199,25.378199,25.378199
200604S,2005122118,25.0,25.0,25.0,25.0,25.0,25.0,25.0,28.513493,28.513493,28.513493
200604S,2005122121,25.0,25.0,25.0,25.0,25.0,25.0,25.0,28.393946,28.393946,28.393946
200604S,2005122200,25.0,25.0,25.0,25.0,25.0,25.0,25.0,26.758518,26.758518,26.758518
200604S,2005122203,25.0,25.0,25.0,25.0,25.0,25.0,25.0,27.143497,27.143497,27.143497
200604S,2005122206,25.0,25.0,25.0,25.0,25.0,25.0,25.0,29.187618,29.187618,29.187618
200604S,2005122209,25.0,25.0,25.0,25.0,25.0,25.0,25.0,29.585371,29.585371,29.585371
200604S,2005122212,25.0,25.0,25.0,25.0,25.0,25.0,25.0,36.646507,36.646507,36.646507
200604S,2005122215,25.0,25.0,25.0,28.0,25.0,25.0,25.0,37.36406,37.36406,37.36406
200604S,2005122218,25.0,25.0,25.0,30.0,25.0,25.0,25.0,36.376698,36.376698,36.376698
200604S,2005122221,25.0,25.0,25.0,30.0,25.0,25.0,25.0,32.200924,32.200924,32.200924
200604S,2005122300,25.0,25.0,25.0,30.0,25.0,25.0,25.0,28.912407,28.912407,28.912407
200604S,2005122303,25.0,25.0,28.0,33.0,25.0,25.0,25.0,35.040573,35.040573,35.040573
200604S,2005122306,25.0,25.0,30.0,35.0,25.0,25.0,25.0,30.365387,30.365387,30.365387
200604S,2005122309,25.0,28.0,30.0,35.0,25.0,25.0,25.0,29.15945,29.15945,29.15945
200604S,2005122312,25.0,30.0,30.0,35.0,25.0,25.0,25.0,31.080101,31.080101,31.080101
200604S,2005122315,28.0,30.0,33.0,35.0,28.0,28.0,28.0,30.967358,30.967358,30.967358
200604S,2005122318,30.0,30.0,35.0,35.0,30.0,30.0,30.0,30.024286,30.024286,30.024286
200604S,2005122321,30.0,33.0,35.0,35.0,30.0,30.0,30.0,26.363863,26.363863,26.363863
200604S,2005122400,30.0,35.0,35.0,35.0,30.0,30.0,30.0,33.078564,33.078564,33.078564
200604S,2005122403,33.0,35.0,35.0,33.0,33.0,33.0,33.0,29.299059,29.299059,29.299059
200604S,2005122406,35.0,35.0,35.0,30.0,35.0,35.0,35.0,27.697685,27.697685,27.697685
200604S,2005122409,35.0,35.0,35.0,30.0,35.0,35.0,35.0,27.86348,27.86348,27.86348
200604S,2005122412,35.0,35.0,35.0,30.0,35.0,35.0,35.0,31.370584,31.370584,31.370584
200604S,2005122415,35.0,35.0,33.0,28.0,35.0,35.0,35.0,29.206066,29.206066,29.206066
200604S,2005122418,35.0,35.0,30.0,25.0,35.0,35.0,35.0,29.24035,29.24035,29.24035
200604S,2005122421,35.0,33.0,30.0,25.0,35.0,35.0,35.0,29.766563,29.766563,29.766563
200604S,2005122500,35.0,30.0,30.0,25.0,35.0,35.0,35.0,31.090343,31.090343,31.090343
200604S,2005122503,33.0,30.0,28.0,25.0,33.0,33.0,33.0,29.513659,29.513659,29.513659
200604S,2005122506,30.0,30.0,25.0,25.0,30.0,30.0,30.0,27.008879,27.008879,27.008879
200604S,2005122509,30.0,28.0,25.0,25.0,30.0,30.0,30.0,26.46364,26.46364,26.46364
200604S,2005122512,30.0,25.0,25.0,25.0,30.0,30.0,30.0,30.807184,30.807184,30.807184
200604S,2005122515,28.0,25.0,25.0,25.0,28.0,28.0,28.0,30.097353,30.097353,30.097353
200604S,2005122518,25.0,25.0,25.0,25.0,25.0,25.0,25.0,28.28963,28.28963,28.28963
200604S,2005122521,25.0,25.0,25.0,25.0,25.0,25.0,25.0,34.20112,34.20112,34.20112
200604S,2005122600,25.0,25.0,25.0,25.0,25.0,25.0,25.0,31.82241,31.82241,31.82241
200604S,2005122603,25.0,25.0,25.0,25.0,25.0,25.0,25.0,25.41469,25.41469,25.41469
200604S,2005122606,25.0,25.0,25.0,25.0,25.0,25.0,25.0,26.140518,26.140518,26.140518
200604S,2005122609,25.0,25.0,25.0,25.0,25.0,25.0,25.0,24.679668,24.679668,24.679668
200604S,2005122612,25.0,25.0,25.0,25.0,25.0,25.0,25.0,29.164701,29.164701,29.164701
200604S,2005122615,25.0,25.0,25.0,25.0,25.0,25.0,25.0,27.735395,27.735395,27.735395
200604S,2005122618,25.0,25.0,25.0,25.0,25.0,25.0,25.0,25.81083,25.81083,25.81083
200604S,2005122621,25.0,25.0,25.0,25.0,25.0,25.0,25.0,28.634916,28.634916,28.634916
200604S,2005122700,25.0,25.0,25.0,25.0,25.0,25.0,25.0,25.51939,25.51939,25.51939
200604S,2005122703,25.0,25.0,25.0,25.0,25.0,25.0,25.0,30.437284,30.437284,30.437284
200604S,2005122706,25.0,25.0,25.0,25.0,25.0,25.0,25.0,30.897366,30.897366,30.897366
200604S,2005122709,25.0,25.0,25.0,25.0,25.0,25.0,25.0,29.210423,29.210423,29.210423
200604S,2005122712,25.0,25.0,25.0,25.0,25.0,25.0,25.0,33.16936,33.16936,33.16936
200604S,2005122715,25.0,25.0,25.0,25.0,25.0,25.0,25.0,32.470253,32.470253,32.470253
200604S,2005122718,25.0,25.0,25.0,25.0,25.0,25.0,25.0,28.80137,28.80137,28.80137
200604S,2005122721,25.0,25.0,25.0,25.0,25.0,25.0,25.0,31.967117,31.967117,31.967117
200604S,2005122800,25.0,25.0,25.0,25.0,25.0,25.0,25.0,29.497116,29.497116,29.497116
200604S,2005122803,25.0,25.0,25.0,25.0,25.0,25.0,25.0,28.776894,28.776894,28.776894
200604S,2005122806,25.0,25.0,25.0,25.0,25.0,25.0,25.0,26.790071,26.790071,26.790071
200604S,2005122809,25.0,25.0,25.0,25.0,25.0,25.0,25.0,28.375828,28.375828,28.375828
200604S,2005122812,25.0,25.0,25.0,25.0,25.0,25.0,25.0,29.224045,29.224045,29.224045
200604S,2005122815,25.0,25.0,25.0,25.0,25.0,25.0,25.0,26.199528,26.199528,26.199528
200604S,2005122818,25.0,25.0,25.0,25.0,25.0,25.0,25.0,23.215689,23.215689,23.215689
200606W,2006071718,25.0,25.0,30.0,35.0,25.0,25.0,25.0,35.51521,35.51521,35.51521
200606W,2006071721,25.0,28.0,30.0,35.0,25.0,25.0,25.0,39.217625,39.217625,39.217625
200606W,2006071800,25.0,30.0,30.0,35.0,25.0,25.0,25.0,34.58932,34.58932,34.58932
200606W,2006071803,28.0,30.0,33.0,35.0,28.0,28.0,28.0,26.841982,26.841982,26.841982
200606W,2006071806,30.0,30.0,35.0,35.0,30.0,30.0,30.0,28.33187,28.33187,28.33187
200606W,2006071809,30.0,33.0,35.0,38.0,30.0,30.0,30.0,44.138382,44.138382,44.138382
200606W,2006071812,30.0,35.0,35.0,40.0,30.0,30.0,30.0,32.411827,32.411827,32.411827
200606W,2006071815,33.0,35.0,35.0,43.0,33.0,33.0,33.0,35.51359,35.51359,35.51359
200606W,2006071818,35.0,35.0,35.0,45.0,35.0,35.0,35.0,37.819004,37.819004,37.819004
200606W,2006071821,35.0,35.0,38.0,48.0,35.0,35.0,35.0,29.84694,29.84694,29.84694
200606W,2006071900,35.0,35.0,40.0,50.0,35.0,35.0,35.0,35.46296,35.46296,35.46296
200606W,2006071903,35.0,38.0,43.0,53.0,35.0,35.0,35.0,30.833233,30.833233,30.833233
200606W,2006071906,35.0,40.0,45.0,55.0,35.0,35.0,35.0,32.84455,32.84455,32.84455
200606W,2006071909,38.0,43.0,48.0,58.0,38.0,38.0,38.0,30.640842,30.640842,30.640842
200606W,2006071912,40.0,45.0,50.0,60.0,40.0,40.0,40.0,29.732487,29.732487,29.732487
200606W,2006071915,43.0,48.0,53.0,63.0,43.0,43.0,43.0,30.92368,30.92368,30.92368
200606W,2006071918,45.0,50.0,55.0,65.0,45.0,45.0,45.0,30.001163,30.001163,30.001163
200606W,2006071921,48.0,53.0,58.0,68.0,48.0,48.0,48.0,32.609566,32.609566,32.609566
200606W,2006072000,50.0,55.0,60.0,70.0,50.0,50.0,50.0,33.213608,33.213608,33.213608
200606W,2006072003,53.0,58.0,63.0,70.0,53.0,53.0,53.0,42.443798,42.443798,42.443798
200606W,2006072006,55.0,60.0,65.0,70.0,55.0,55.0,55.0,42.321877,42.321877,42.321877
200606W,2006072009,58.0,63.0,68.0,73.0,58.0,58.0,58.0,41.4006,41.4006,41.4006
200606W,2006072012,60.0,65.0,70.0,75.0,60.0,60.0,60.0,38.658367,38.658367,38.658367
200606W,2006072015,63.0,68.0,70.0,75.0,63.0,63.0,63.0,42.41193,42.41193,42.41193
200606W,2006072018,65.0,70.0,70.0,75.0,65.0,65.0,65.0,53.077374,53.077374,53.077374
200606W,2006072021,68.0,70.0,73.0,73.0,68.0,68.0,68.0,47.409576,47.409576,47.409576
200606W,2006072100,70.0,70.0,75.0,70.0,70.0,70.0,70.0,49.97674,49.97674,49.97674
200606W,2006072103,70.0,73.0,75.0,70.0,70.0,70.0,70.0,36.416206,36.416206,36.416206
200606W,2006072106,70.0,75.0,75.0,70.0,70.0,70.0,70.0,41.64822,41.64822,41.64822
200606W,2006072109,73.0,75.0,73.0,70.0,73.0,73.0,73.0,38.317085,38.317085,38.317085
200606W,2006072112,75.0,75.0,70.0,70.0,75.0,75.0,75.0,52.068302,52.068302,52.068302
200606W,2006072115,75.0,73.0,70.0,70.0,75.0,75.0,75.0,45.26788,45.26788,45.26788
200606W,2006072118,75.0,70.0,70.0,70.0,75.0,75.0,75.0,48.40586,48.40586,48.40586
200606W,2006072121,73.0,70.0,70.0,70.0,73.0,73.0,73.0,62.171597,62.171597,62.171597
200606W,2006072200,70.0,70.0,70.0,70.0,70.0,70.0,70.0,41.650192,41.650192,41.650192
200606W,2006072203,70.0,70.0,70.0,68.0,70.0,70.0,70.0,51.315945,51.315945,51.315945
200606W,2006072206,70.0,70.0,70.0,65.0,70.0,70.0,70.0,75.80079,75.80079,75.80079
200606W,2006072209,70.0,70.0,70.0,65.0,70.0,70.0,70.0,67.48974,67.48974,67.48974
200606W,2006072212,70.0,70.0,70.0,65.0,70.0,70.0,70.0,59.340153,59.340153,59.340153
200606W,2006072215,70.0,70.0,68.0,63.0,70.0,70.0,70.0,49.782078,49.782078,49.782078
200606W,2006072218,70.0,70.0,65.0,60.0,70.0,70.0,70.0,48.017757,48.017757,48.017757
200606W,2006072221,70.0,68.0,65.0,60.0,70.0,70.0,70.0,38.677452,38.677452,38.677452
200606W,2006072300,70.0,65.0,65.0,60.0,70.0,70.0,70.0,45.88442,45.88442,45.88442
200606W,2006072303,68.0,65.0,63.0,60.0,68.0,68.0,68.0,41.299835,41.299835,41.299835
200606W,2006072306,65.0,65.0,60.0,60.0,65.0,65.0,65.0,41.83027,41.83027,41.83027
200606W,2006072309,65.0,63.0,60.0,60.0,65.0,65.0,65.0,45.018963,45.018963,45.018963
200606W,2006072312,65.0,60.0,60.0,60.0,65.0,65.0,65.0,40.77731,40.77731,40.77731
200606W,2006072315,63.0,60.0,60.0,58.0,63.0,63.0,63.0,44.515648,44.515648,44.515648
200606W,2006072318,60.0,60.0,60.0,55.0,60.0,60.0,60.0,42.108154,42.108154,42.108154
200606W,2006072321,60.0,60.0,60.0,55.0,60.0,60.0,60.0,47.32394,47.32394,47.32394
200606W,2006072400,60.0,60.0,60.0,55.0,60.0,60.0,60.0,55.715366,55.715366,55.715366
200606W,2006072403,60.0,60.0,58.0,53.0,60.0,60.0,60.0,44.64227,44.64227,44.64227
200606W,2006072406,60.0,60.0,55.0,50.0,60.0,60.0,60.0,44.99206,44.99206,44.99206
200606W,2006072409,60.0,58.0,55.0,48.0,60.0,60.0,60.0,46.867073,46.867073,46.867073
200606W,2006072412,60.0,55.0,55.0,45.0,60.0,60.0,60.0,52.362556,52.362556,52.362556
200606W,2006072415,58.0,55.0,53.0,45.0,58.0,58.0,58.0,49.3515,49.3515,49.3515
200606W,2006072418,55.0,55.0,50.0,45.0,55.0,55.0,55.0,41.674046,41.674046,41.674046
200606W,2006072421,55.0,53.0,48.0,38.0,55.0,55.0,55.0,56.082424,56.082424,56.082424
200606W,2006072500,55.0,50.0,45.0,30.0,55.0,55.0,55.0,55.7293,55.7293,55.7293
200610L,2006092806,35.0,40.0,40.0,40.0,35.0,35.0,35.0,64.22406,64.22406,64.22406
200610L,2006092809,38.0,40.0,40.0,42.0,38.0,38.0,38.0,50.270874,50.270874,50.270874
200610L,2006092812,40.0,40.0,40.0,45.0,40.0,40.0,40.0,44.870804,44.870804,44.870804
200610L,2006092815,40.0,40.0,40.0,48.0,40.0,40.0,40.0,39.002636,39.002636,39.002636
200610L,2006092818,40.0,40.0,40.0,50.0,40.0,40.0,40.0,32.895386,32.895386,32.895386
200610L,2006092821,40.0,40.0,42.0,55.0,40.0,40.0,40.0,39.552395,39.552395,39.552395
200610L,2006092900,40.0,40.0,45.0,60.0,40.0,40.0,40.0,44.576458,44.576458,44.576458
200610L,2006092903,40.0,42.0,48.0,60.0,40.0,40.0,40.0,48.430664,48.430664,48.430664
200610L,2006092906,40.0,45.0,50.0,60.0,40.0,40.0,40.0,62.535683,62.535683,62.535683
200610L,2006092909,42.0,48.0,55.0,62.0,42.0,42.0,42.0,39.437847,39.437847,39.437847
200610L,2006092912,45.0,50.0,60.0,65.0,45.0,45.0,45.0,45.145164,45.145164,45.145164
200610L,2006092915,48.0,55.0,60.0,68.0,48.0,48.0,48.0,36.243214,36.243214,36.243214
200610L,2006092918,50.0,60.0,60.0,70.0,50.0,50.0,50.0,53.49262,53.49262,53.49262
200610L,2006092921,55.0,60.0,62.0,72.0,55.0,55.0,55.0,49.762375,49.762375,49.762375
200610L,2006093000,60.0,60.0,65.0,75.0,60.0,60.0,60.0,51.813442,51.813442,51.813442
200610L,2006093003,60.0,62.0,68.0,75.0,60.0,60.0,60.0,50.065376,50.065376,50.065376
200610L,2006093006,60.0,65.0,70.0,75.0,60.0,60.0,60.0,57.883793,57.883793,57.883793
200610L,2006093009,62.0,68.0,72.0,72.0,62.0,62.0,62.0,55.218464,55.218464,55.218464
200610L,2006093012,65.0,70.0,75.0,70.0,65.0,65.0,65.0,54.44901,54.44901,54.44901
200610L,2006093015,68.0,72.0,75.0,70.0,68.0,68.0,68.0,63.896477,63.896477,63.896477
200610L,2006093018,70.0,75.0,75.0,70.0,70.0,70.0,70.0,68.491806,68.491806,68.491806
200610L,2006093021,72.0,75.0,72.0,68.0,72.0,72.0,72.0,53.292465,53.292465,53.292465
200610L,2006100100,75.0,75.0,70.0,65.0,75.0,75.0,75.0,61.166237,61.166237,61.166237
200610L,2006100103,75.0,72.0,70.0,65.0,75.0,75.0,75.0,58.381905,58.381905,58.381905
200610L,2006100106,75.0,70.0,70.0,65.0,75.0,75.0,75.0,52.456406,52.456406,52.456406
200610L,2006100109,72.0,70.0,68.0,62.0,72.0,72.0,72.0,66.42612,66.42612,66.42612
200610L,2006100112,70.0,70.0,65.0,60.0,70.0,70.0,70.0,66.673584,66.673584,66.673584
200610L,2006100115,70.0,68.0,65.0,58.0,70.0,70.0,70.0,59.719143,59.719143,59.719143
200610L,2006100118,70.0,65.0,65.0,55.0,70.0,70.0,70.0,67.27058,67.27058,67.27058
200610L,2006100121,68.0,65.0,62.0,55.0,68.0,68.0,68.0,68.39064,68.39064,68.39064
200610L,2006100200,65.0,65.0,60.0,55.0,65.0,65.0,65.0,56.88715,56.88715,56.88715
200610L,2006100203,65.0,62.0,58.0,50.0,65.0,65.0,65.0,59.14634,59.14634,59.14634
200610L,2006100206,65.0,60.0,55.0,45.0,65.0,65.0,65.0,62.622868,62.622868,62.622868
200610L,2006100209,62.0,58.0,55.0,40.0,62.0,62.0,62.0,58.48317,58.48317,58.48317
200610L,2006100212,60.0,55.0,55.0,35.0,60.0,60.0,60.0,57.38891,57.38891,57.38891
200611E,2006082812,35.0,40.0,50.0,75.0,35.0,35.0,35.0,25.362747,25.362747,25.362747
200611E,2006082815,38.0,45.0,55.0,85.0,38.0,38.0,38.0,32.473392,32.473392,32.473392
200611E,2006082818,40.0,50.0,60.0,95.0,40.0,40.0,40.0,33.09933,33.09933,33.09933
200611E,2006082821,45.0,55.0,68.0,98.0,45.0,45.0,45.0,30.202177,30.202177,30.202177
200611E,2006082900,50.0,60.0,75.0,100.0,50.0,50.0,50.0,36.50154,36.50154,36.50154
200611E,2006082903,55.0,68.0,85.0,103.0,55.0,55.0,55.0,35.339832,35.339832,35.339832
200611E,2006082906,60.0,75.0,95.0,105.0,60.0,60.0,60.0,39.61544,39.61544,39.61544
200611E,2006082909,68.0,85.0,98.0,110.0,68.0,68.0,68.0,43.469635,43.469635,43.469635
200611E,2006082912,75.0,95.0,100.0,115.0,75.0,75.0,75.0,37.29994,37.29994,37.29994
200611E,2006082915,85.0,98.0,103.0,115.0,85.0,85.0,85.0,45.404434,45.404434,45.404434
200611E,2006082918,95.0,100.0,105.0,115.0,95.0,95.0,95.0,51.924667,51.924667,51.924667
200611E,2006082921,98.0,103.0,110.0,113.0,98.0,98.0,98.0,41.730675,41.730675,41.730675
200611E,2006083000,100.0,105.0,115.0,110.0,100.0,100.0,100.0,41.818512,41.818512,41.818512
200611E,2006083003,103.0,110.0,115.0,110.0,103.0,103.0,103.0,84.61922,84.61922,84.61922
200611E,2006083006,105.0,115.0,115.0,110.0,105.0,105.0,105.0,51.055714,51.055714,51.055714
200611E,2006083009,110.0,115.0,113.0,105.0,110.0,110.0,110.0,51.97859,51.97859,51.97859
200611E,2006083012,115.0,115.0,110.0,100.0,115.0,115.0,115.0,87.10079,87.10079,87.10079
200611E,2006083015,115.0,113.0,110.0,95.0,115.0,115.0,115.0,92.9522,92.9522,92.9522
200611E,2006083018,115.0,110.0,110.0,90.0,115.0,115.0,115.0,92.19226,92.19226,92.19226
200611E,2006083021,113.0,110.0,105.0,90.0,113.0,113.0,113.0,82.86593,82.86593,82.86593
200611E,2006083100,110.0,110.0,100.0,90.0,110.0,110.0,110.0,74.415146,74.415146,74.415146
200611E,2006083103,110.0,105.0,95.0,95.0,110.0,110.0,110.0,42.266468,42.266468,42.266468
200611E,2006083106,110.0,100.0,90.0,100.0,110.0,110.0,110.0,42.080276,42.080276,42.080276
200611E,2006083109,105.0,95.0,90.0,100.0,105.0,105.0,105.0,41.286892,41.286892,41.286892
200611E,2006083112,100.0,90.0,90.0,100.0,100.0,100.0,100.0,40.92463,40.92463,40.92463
200611E,2006083115,95.0,90.0,95.0,98.0,95.0,95.0,95.0,40.638077,40.638077,40.638077
200611E,2006083118,90.0,90.0,100.0,95.0,90.0,90.0,90.0,40.839165,40.839165,40.839165
200611E,2006083121,90.0,95.0,100.0,95.0,90.0,90.0,90.0,40.012596,40.012596,40.012596
200611E,2006090100,90.0,100.0,100.0,95.0,90.0,90.0,90.0,39.679146,39.679146,39.679146
200611E,2006090103,95.0,100.0,98.0,90.0,95.0,95.0,95.0,44.079926,44.079926,44.079926
200611E,2006090106,100.0,100.0,95.0,85.0,100.0,100.0,100.0,58.40864,58.40864,58.40864
200611E,2006090109,100.0,98.0,95.0,78.0,100.0,100.0,100.0,57.351284,57.351284,57.351284
200611E,2006090112,100.0,95.0,95.0,70.0,100.0,100.0,100.0,56.837635,56.837635,56.837635
200611E,2006090115,98.0,95.0,90.0,65.0,98.0,98.0,98.0,85.83175,85.83175,85.83175
200611E,2006090118,95.0,95.0,85.0,60.0,95.0,95.0,95.0,91.38442,91.38442,91.38442
200611E,2006090121,95.0,90.0,78.0,55.0,95.0,95.0,95.0,78.91546,78.91546,78.91546
200611E,2006090200,95.0,85.0,70.0,50.0,95.0,95.0,95.0,79.46728,79.46728,79.46728
200611E,2006090203,90.0,78.0,65.0,48.0,90.0,90.0,90.0,63.55349,63.55349,63.55349
200611E,2006090206,85.0,70.0,60.0,45.0,85.0,85.0,85.0,49.75088,49.75088,49.75088
200611E,2006090209,78.0,65.0,55.0,43.0,78.0,78.0,78.0,50.16789,50.16789,50.16789
200611E,2006090212,70.0,60.0,50.0,40.0,70.0,70.0,70.0,47.184788,47.184788,47.184788
200611E,2006090215,65.0,55.0,48.0,38.0,65.0,65.0,65.0,52.61469,52.61469,52.61469
200611E,2006090218,60.0,50.0,45.0,35.0,60.0,60.0,60.0,56.022396,56.022396,56.022396
200611E,2006090221,55.0,48.0,43.0,33.0,55.0,55.0,55.0,50.730015,50.730015,50.730015
200611E,2006090300,50.0,45.0,40.0,30.0,50.0,50.0,50.0,39.280537,39.280537,39.280537
200611E,2006090303,48.0,43.0,38.0,28.0,48.0,48.0,48.0,48.80136,48.80136,48.80136
200611E,2006090306,45.0,40.0,35.0,25.0,45.0,45.0,45.0,41.156403,41.156403,41.156403
200611E,2006090309,43.0,38.0,33.0,25.0,43.0,43.0,43.0,51.553474,51.553474,51.553474
200611E,2006090312,40.0,35.0,30.0,25.0,40.0,40.0,40.0,45.49289,45.49289,45.49289
200617W,2006092200,15.0,20.0,20.0,25.0,15.0,15.0,15.0,17.886797,17.886797,17.886797
200617W,2006092203,18.0,20.0,23.0,28.0,18.0,18.0,18.0,19.500977,19.500977,19.500977
200617W,2006092206,20.0,20.0,25.0,30.0,20.0,20.0,20.0,30.715305,30.715305,30.715305
200617W,2006092209,20.0,23.0,25.0,30.0,20.0,20.0,20.0,23.856003,23.856003,23.856003
200617W,2006092212,20.0,25.0,25.0,30.0,20.0,20.0,20.0,24.855244,24.855244,24.855244
200617W,2006092215,23.0,25.0,28.0,30.0,23.0,23.0,23.0,22.244417,22.244417,22.244417
200617W,2006092218,25.0,25.0,30.0,30.0,25.0,25.0,25.0,30.730179,30.730179,30.730179
200617W,2006092221,25.0,28.0,30.0,30.0,25.0,25.0,25.0,23.408863,23.408863,23.408863
200617W,2006092300,25.0,30.0,30.0,30.0,25.0,25.0,25.0,27.400875,27.400875,27.400875
200617W,2006092303,28.0,30.0,30.0,30.0,28.0,28.0,28.0,29.93341,29.93341,29.93341
200617W,2006092306,30.0,30.0,30.0,30.0,30.0,30.0,30.0,31.093477,31.093477,31.093477
200617W,2006092309,30.0,30.0,30.0,30.0,30.0,30.0,30.0,32.627033,32.627033,32.627033
200617W,2006092312,30.0,30.0,30.0,30.0,30.0,30.0,30.0,30.866718,30.866718,30.866718
200617W,2006092315,30.0,30.0,30.0,28.0,30.0,30.0,30.0,30.470194,30.470194,30.470194
200617W,2006092318,30.0,30.0,30.0,25.0,30.0,30.0,30.0,33.33561,33.33561,33.33561
200617W,2006092321,30.0,30.0,30.0,23.0,30.0,30.0,30.0,29.778517,29.778517,29.778517
200617W,2006092400,30.0,30.0,30.0,20.0,30.0,30.0,30.0,33.09553,33.09553,33.09553
200623W,2006110800,20.0,20.0,20.0,25.0,20.0,20.0,20.0,25.027807,25.027807,25.027807
200623W,2006110803,20.0,20.0,20.0,28.0,20.0,20.0,20.0,28.068459,28.068459,28.068459
200623W,2006110806,20.0,20.0,20.0,30.0,20.0,20.0,20.0,33.251717,33.251717,33.251717
200623W,2006110809,20.0,20.0,23.0,38.0,20.0,20.0,20.0,27.549719,27.549719,27.549719
200623W,2006110812,20.0,20.0,25.0,45.0,20.0,20.0,20.0,29.053715,29.053715,29.053715
200623W,2006110815,20.0,23.0,28.0,50.0,20.0,20.0,20.0,29.128414,29.128414,29.128414
200623W,2006110818,20.0,25.0,30.0,55.0,20.0,20.0,20.0,26.284779,26.284779,26.284779
200623W,2006110821,23.0,28.0,38.0,60.0,23.0,23.0,23.0,25.731968,25.731968,25.731968
200623W,2006110900,25.0,30.0,45.0,65.0,25.0,25.0,25.0,28.683716,28.683716,28.683716
200623W,2006110903,28.0,38.0,50.0,90.0,28.0,28.0,28.0,25.821194,25.821194,25.821194
200623W,2006110906,30.0,45.0,55.0,115.0,30.0,30.0,30.0,32.63226,32.63226,32.63226
200623W,2006110909,38.0,50.0,60.0,120.0,38.0,38.0,38.0,46.42685,46.42685,46.42685
200623W,2006110912,45.0,55.0,65.0,125.0,45.0,45.0,45.0,41.62258,41.62258,41.62258
200623W,2006110915,50.0,60.0,90.0,125.0,50.0,50.0,50.0,37.68202,37.68202,37.68202
200623W,2006110918,55.0,65.0,115.0,125.0,55.0,55.0,55.0,54.784332,54.784332,54.784332
200623W,2006110921,60.0,90.0,120.0,115.0,60.0,60.0,60.0,40.41703,40.41703,40.41703
200623W,2006111000,65.0,115.0,125.0,105.0,65.0,65.0,65.0,53.75339,53.75339,53.75339
200623W,2006111003,90.0,120.0,125.0,93.0,90.0,90.0,90.0,47.404327,47.404327,47.404327
200623W,2006111006,115.0,125.0,125.0,80.0,115.0,115.0,115.0,94.760216,94.760216,94.760216
200623W,2006111009,120.0,125.0,115.0,88.0,120.0,120.0,120.0,108.97533,108.97533,108.97533
200623W,2006111012,125.0,125.0,105.0,95.0,125.0,125.0,125.0,102.719215,102.719215,102.719215
200623W,2006111015,125.0,115.0,93.0,88.0,125.0,125.0,125.0,95.85107,95.85107,95.85107
200623W,2006111018,125.0,105.0,80.0,80.0,125.0,125.0,125.0,95.7936,95.7936,95.7936
200623W,2006111021,115.0,93.0,88.0,78.0,115.0,115.0,115.0,61.682297,61.682297,61.682297
200623W,2006111100,105.0,80.0,95.0,75.0,105.0,105.0,105.0,54.468483,54.468483,54.468483
200623W,2006111103,93.0,88.0,88.0,73.0,93.0,93.0,93.0,46.15183,46.15183,46.15183
200623W,2006111106,80.0,95.0,80.0,70.0,80.0,80.0,80.0,41.14745,41.14745,41.14745
200623W,2006111109,88.0,88.0,78.0,65.0,88.0,88.0,88.0,48.947872,48.947872,48.947872
200623W,2006111112,95.0,80.0,75.0,60.0,95.0,95.0,95.0,40.371227,40.371227,40.371227
200623W,2006111115,88.0,78.0,73.0,58.0,88.0,88.0,88.0,42.857147,42.857147,42.857147
200623W,2006111118,80.0,75.0,70.0,55.0,80.0,80.0,80.0,40.271072,40.271072,40.271072
200623W,2006111121,78.0,73.0,65.0,58.0,78.0,78.0,78.0,38.745674,38.745674,38.745674
200623W,2006111200,75.0,70.0,60.0,60.0,75.0,75.0,75.0,44.847904,44.847904,44.847904
200623W,2006111203,73.0,65.0,58.0,55.0,73.0,73.0,73.0,41.626293,41.626293,41.626293
200623W,2006111206,70.0,60.0,55.0,50.0,70.0,70.0,70.0,39.46892,39.46892,39.46892
200623W,2006111209,65.0,58.0,58.0,50.0,65.0,65.0,65.0,41.044106,41.044106,41.044106
200623W,2006111212,60.0,55.0,60.0,50.0,60.0,60.0,60.0,41.568756,41.568756,41.568756
200623W,2006111215,58.0,58.0,55.0,48.0,58.0,58.0,58.0,38.977615,38.977615,38.977615
200623W,2006111218,55.0,60.0,50.0,45.0,55.0,55.0,55.0,38.261154,38.261154,38.261154
200623W,2006111221,58.0,55.0,50.0,40.0,58.0,58.0,58.0,38.62865,38.62865,38.62865
200623W,2006111300,60.0,50.0,50.0,35.0,60.0,60.0,60.0,41.5398,41.5398,41.5398
200623W,2006111303,55.0,50.0,48.0,30.0,55.0,55.0,55.0,41.105366,41.105366,41.105366
200623W,2006111306,50.0,50.0,45.0,25.0,50.0,50.0,50.0,41.363136,41.363136,41.363136
200623W,2006111309,50.0,48.0,40.0,25.0,50.0,50.0,50.0,36.65596,36.65596,36.65596
200623W,2006111312,50.0,45.0,35.0,25.0,50.0,50.0,50.0,60.73843,60.73843,60.73843
200623W,2006111315,48.0,40.0,30.0,23.0,48.0,48.0,48.0,62.522808,62.522808,62.522808
200623W,2006111318,45.0,35.0,25.0,20.0,45.0,45.0,45.0,37.82571,37.82571,37.82571
200623W,2006111321,40.0,30.0,25.0,20.0,40.0,40.0,40.0,38.874542,38.874542,38.874542
200623W,2006111400,35.0,25.0,25.0,20.0,35.0,35.0,35.0,47.329376,47.329376,47.329376
200625W,2006120618,20.0,25.0,30.0,35.0,20.0,20.0,20.0,47.43581,47.43581,47.43581
200625W,2006120621,23.0,28.0,30.0,35.0,23.0,23.0,23.0,46.688694,46.688694,46.688694
200625W,2006120700,25.0,30.0,30.0,35.0,25.0,25.0,25.0,30.164381,30.164381,30.164381
200625W,2006120703,28.0,30.0,33.0,38.0,28.0,28.0,28.0,34.0487,34.0487,34.0487
200625W,2006120706,30.0,30.0,35.0,40.0,30.0,30.0,30.0,31.859957,31.859957,31.859957
200625W,2006120709,30.0,33.0,35.0,45.0,30.0,30.0,30.0,29.116257,29.116257,29.116257
200625W,2006120712,30.0,35.0,35.0,50.0,30.0,30.0,30.0,35.525864,35.525864,35.525864
200625W,2006120715,33.0,35.0,38.0,55.0,33.0,33.0,33.0,37.126606,37.126606,37.126606
200625W,2006120718,35.0,35.0,40.0,60.0,35.0,35.0,35.0,36.87027,36.87027,36.87027
200625W,2006120721,35.0,38.0,45.0,63.0,35.0,35.0,35.0,29.324476,29.324476,29.324476
200625W,2006120800,35.0,40.0,50.0,65.0,35.0,35.0,35.0,31.763216,31.763216,31.763216
200625W,2006120803,38.0,45.0,55.0,65.0,38.0,38.0,38.0,29.778639,29.778639,29.778639
200625W,2006120806,40.0,50.0,60.0,65.0,40.0,40.0,40.0,32.29252,32.29252,32.29252
200625W,2006120809,45.0,55.0,63.0,65.0,45.0,45.0,45.0,36.15842,36.15842,36.15842
200625W,2006120812,50.0,60.0,65.0,65.0,50.0,50.0,50.0,36.54817,36.54817,36.54817
200625W,2006120815,55.0,63.0,65.0,73.0,55.0,55.0,55.0,37.81313,37.81313,37.81313
200625W,2006120818,60.0,65.0,65.0,80.0,60.0,60.0,60.0,36.415474,36.415474,36.415474
200625W,2006120821,63.0,65.0,65.0,90.0,63.0,63.0,63.0,44.793377,44.793377,44.793377
200625W,2006120900,65.0,65.0,65.0,100.0,65.0,65.0,65.0,46.498188,46.498188,46.498188
200625W,2006120903,65.0,65.0,73.0,95.0,65.0,65.0,65.0,72.61953,72.61953,72.61953
200625W,2006120906,65.0,65.0,80.0,90.0,65.0,65.0,65.0,52.034836,52.034836,52.034836
200625W,2006120909,65.0,73.0,90.0,78.0,65.0,65.0,65.0,74.09629,74.09629,74.09629
200625W,2006120912,65.0,80.0,100.0,65.0,65.0,65.0,65.0,53.13634,53.13634,53.13634
200625W,2006120915,73.0,90.0,95.0,65.0,73.0,73.0,73.0,68.771545,68.771545,68.771545
200625W,2006120918,80.0,100.0,90.0,65.0,80.0,80.0,80.0,83.12328,83.12328,83.12328
200625W,2006120921,90.0,95.0,78.0,68.0,90.0,90.0,90.0,83.784706,83.784706,83.784706
200625W,2006121000,100.0,90.0,65.0,70.0,100.0,100.0,100.0,102.566284,102.566284,102.566284
200625W,2006121003,95.0,78.0,65.0,70.0,95.0,95.0,95.0,60.523975,60.523975,60.523975
200625W,2006121006,90.0,65.0,65.0,70.0,90.0,90.0,90.0,71.66626,71.66626,71.66626
200625W,2006121009,78.0,65.0,68.0,70.0,78.0,78.0,78.0,70.43281,70.43281,70.43281
200625W,2006121012,65.0,65.0,70.0,70.0,65.0,65.0,65.0,59.73547,59.73547,59.73547
200625W,2006121015,65.0,68.0,70.0,73.0,65.0,65.0,65.0,50.87772,50.87772,50.87772
200625W,2006121018,65.0,70.0,70.0,75.0,65.0,65.0,65.0,44.44367,44.44367,44.44367
200625W,2006121021,68.0,70.0,70.0,75.0,68.0,68.0,68.0,43.63792,43.63792,43.63792
200625W,2006121100,70.0,70.0,70.0,75.0,70.0,70.0,70.0,41.451344,41.451344,41.451344
200625W,2006121103,70.0,70.0,73.0,78.0,70.0,70.0,70.0,42.347076,42.347076,42.347076
200625W,2006121106,70.0,70.0,75.0,80.0,70.0,70.0,70.0,51.120087,51.120087,51.120087
200625W,2006121109,70.0,73.0,75.0,85.0,70.0,70.0,70.0,38.797874,38.797874,38.797874
200625W,2006121112,70.0,75.0,75.0,90.0,70.0,70.0,70.0,38.348457,38.348457,38.348457
200625W,2006121115,73.0,75.0,78.0,90.0,73.0,73.0,73.0,44.211666,44.211666,44.211666
200625W,2006121118,75.0,75.0,80.0,90.0,75.0,75.0,75.0,44.82122,44.82122,44.82122
200625W,2006121121,75.0,78.0,85.0,93.0,75.0,75.0,75.0,52.29815,52.29815,52.29815
200625W,2006121200,75.0,80.0,90.0,95.0,75.0,75.0,75.0,55.820213,55.820213,55.820213
200625W,2006121203,78.0,85.0,90.0,93.0,78.0,78.0,78.0,84.09769,84.09769,84.09769
200625W,2006121206,80.0,90.0,90.0,90.0,80.0,80.0,80.0,101.78227,101.78227,101.78227
200625W,2006121209,85.0,90.0,93.0,80.0,85.0,85.0,85.0,100.63062,100.63062,100.63062
200625W,2006121212,90.0,90.0,95.0,70.0,90.0,90.0,90.0,104.574425,104.574425,104.574425
200625W,2006121215,90.0,93.0,93.0,65.0,90.0,90.0,90.0,103.012245,103.012245,103.012245
200625W,2006121218,90.0,95.0,90.0,60.0,90.0,90.0,90.0,98.826935,98.826935,98.826935
200625W,2006121221,93.0,93.0,80.0,48.0,93.0,93.0,93.0,82.56627,82.56627,82.56627
200625W,2006121300,95.0,90.0,70.0,35.0,95.0,95.0,95.0,87.763016,87.763016,87.763016
200625W,2006121303,93.0,80.0,65.0,35.0,93.0,93.0,93.0,91.354996,91.354996,91.354996
200625W,2006121306,90.0,70.0,60.0,35.0,90.0,90.0,90.0,95.673256,95.673256,95.673256
200625W,2006121309,80.0,65.0,48.0,30.0,80.0,80.0,80.0,81.10634,81.10634,81.10634
200625W,2006121312,70.0,60.0,35.0,25.0,70.0,70.0,70.0,66.81851,66.81851,66.81851
200625W,2006121315,65.0,48.0,35.0,25.0,65.0,65.0,65.0,57.925484,57.925484,57.925484
200625W,2006121318,60.0,35.0,35.0,25.0,60.0,60.0,60.0,57.734573,57.734573,57.734573
200625W,2006121321,48.0,35.0,30.0,25.0,48.0,48.0,48.0,49.703876,49.703876,49.703876
200625W,2006121400,35.0,35.0,25.0,25.0,35.0,35.0,35.0,33.818474,33.818474,33.818474
200701I,2007051318,35.0,50.0,55.0,65.0,35.0,35.0,35.0,36.145054,36.145054,36.145054
200701I,2007051321,43.0,53.0,58.0,55.0,43.0,43.0,43.0,41.132484,41.132484,41.132484
200701I,2007051400,50.0,55.0,60.0,45.0,50.0,50.0,50.0,46.526134,46.526134,46.526134
200703E,2007061200,30.0,30.0,25.0,25.0,30.0,30.0,30.0,33.219704,33.219704,33.219704
200703E,2007061203,30.0,28.0,25.0,25.0,30.0,30.0,30.0,38.183117,38.183117,38.183117
200703E,2007061206,30.0,25.0,25.0,25.0,30.0,30.0,30.0,35.50627,35.50627,35.50627
200703E,2007061209,28.0,25.0,25.0,23.0,28.0,28.0,28.0,30.088034,30.088034,30.088034
200703E,2007061212,25.0,25.0,25.0,20.0,25.0,25.0,25.0,25.753487,25.753487,25.753487
200703E,2007061215,25.0,25.0,25.0,20.0,25.0,25.0,25.0,23.918924,23.918924,23.918924
200703E,2007061218,25.0,25.0,25.0,20.0,25.0,25.0,25.0,24.052942,24.052942,24.052942
200703E,2007061221,25.0,25.0,23.0,18.0,25.0,25.0,25.0,24.800743,24.800743,24.800743
200703E,2007061300,25.0,25.0,20.0,15.0,25.0,25.0,25.0,27.52798,27.52798,27.52798
200703E,2007061303,25.0,23.0,20.0,15.0,25.0,25.0,25.0,24.882303,24.882303,24.882303
200703E,2007061306,25.0,20.0,20.0,15.0,25.0,25.0,25.0,24.565323,24.565323,24.565323
200703E,2007061309,23.0,20.0,18.0,15.0,23.0,23.0,23.0,24.33059,24.33059,24.33059
200703E,2007061312,20.0,20.0,15.0,15.0,20.0,20.0,20.0,25.2012,25.2012,25.2012
200703E,2007061315,20.0,18.0,15.0,15.0,20.0,20.0,20.0,22.885366,22.885366,22.885366
200703E,2007061318,20.0,15.0,15.0,15.0,20.0,20.0,20.0,22.99975,22.99975,22.99975
200703E,2007061321,18.0,15.0,15.0,15.0,18.0,18.0,18.0,22.167002,22.167002,22.167002
200703E,2007061400,15.0,15.0,15.0,15.0,15.0,15.0,15.0,21.302055,21.302055,21.302055
200704I,2007062718,25.0,30.0,30.0,45.0,25.0,25.0,25.0,29.152702,29.152702,29.152702
200704I,2007062721,28.0,30.0,33.0,45.0,28.0,28.0,28.0,26.77153,26.77153,26.77153
200704I,2007062800,30.0,30.0,35.0,45.0,30.0,30.0,30.0,31.301142,31.301142,31.301142
200704I,2007062803,30.0,33.0,40.0,43.0,30.0,30.0,30.0,27.951078,27.951078,27.951078
200704I,2007062806,30.0,35.0,45.0,40.0,30.0,30.0,30.0,32.299335,32.299335,32.299335
200704I,2007062809,33.0,40.0,45.0,38.0,33.0,33.0,33.0,35.447247,35.447247,35.447247
200704I,2007062812,35.0,45.0,45.0,35.0,35.0,35.0,35.0,31.369816,31.369816,31.369816
200704I,2007062815,40.0,45.0,43.0,33.0,40.0,40.0,40.0,33.59843,33.59843,33.59843
200704I,2007062818,45.0,45.0,40.0,30.0,45.0,45.0,45.0,43.43524,43.43524,43.43524
200704I,2007062821,45.0,43.0,38.0,25.0,45.0,45.0,45.0,42.5119,42.5119,42.5119
200704I,2007062900,45.0,40.0,35.0,20.0,45.0,45.0,45.0,50.838306,50.838306,50.838306
200704I,2007062903,43.0,38.0,33.0,20.0,43.0,43.0,43.0,41.09252,41.09252,41.09252
200704I,2007062906,40.0,35.0,30.0,20.0,40.0,40.0,40.0,38.74284,38.74284,38.74284
200705W,2007072718,20.0,20.0,20.0,30.0,20.0,20.0,20.0,22.13932,22.13932,22.13932
200705W,2007072721,20.0,20.0,23.0,33.0,20.0,20.0,20.0,23.335304,23.335304,23.335304
200705W,2007072800,20.0,20.0,25.0,35.0,20.0,20.0,20.0,25.237684,25.237684,25.237684
200705W,2007072803,20.0,23.0,28.0,35.0,20.0,20.0,20.0,26.255943,26.255943,26.255943
200705W,2007072806,20.0,25.0,30.0,35.0,20.0,20.0,20.0,30.731838,30.731838,30.731838
200705W,2007072809,23.0,28.0,33.0,40.0,23.0,23.0,23.0,24.224592,24.224592,24.224592
200705W,2007072812,25.0,30.0,35.0,45.0,25.0,25.0,25.0,30.30243,30.30243,30.30243
200705W,2007072815,28.0,33.0,35.0,55.0,28.0,28.0,28.0,39.065434,39.065434,39.065434
200705W,2007072818,30.0,35.0,35.0,65.0,30.0,30.0,30.0,33.77272,33.77272,33.77272
200705W,2007072821,33.0,35.0,40.0,65.0,33.0,33.0,33.0,28.103642,28.103642,28.103642
200705W,2007072900,35.0,35.0,45.0,65.0,35.0,35.0,35.0,35.175278,35.175278,35.175278
200705W,2007072903,35.0,40.0,55.0,70.0,35.0,35.0,35.0,36.316593,36.316593,36.316593
200705W,2007072906,35.0,45.0,65.0,75.0,35.0,35.0,35.0,36.172264,36.172264,36.172264
200705W,2007072909,40.0,55.0,65.0,75.0,40.0,40.0,40.0,38.569263,38.569263,38.569263
200705W,2007072912,45.0,65.0,65.0,75.0,45.0,45.0,45.0,43.02211,43.02211,43.02211
200705W,2007072915,55.0,65.0,70.0,78.0,55.0,55.0,55.0,40.91528,40.91528,40.91528
200705W,2007072918,65.0,65.0,75.0,80.0,65.0,65.0,65.0,55.133987,55.133987,55.133987
200705W,2007072921,65.0,70.0,75.0,83.0,65.0,65.0,65.0,47.502865,47.502865,47.502865
200705W,2007073000,65.0,75.0,75.0,85.0,65.0,65.0,65.0,48.208214,48.208214,48.208214
200705W,2007073003,70.0,75.0,78.0,88.0,70.0,70.0,70.0,44.022705,44.022705,44.022705
200705W,2007073006,75.0,75.0,80.0,90.0,75.0,75.0,75.0,53.24748,53.24748,53.24748
200705W,2007073009,75.0,78.0,83.0,98.0,75.0,75.0,75.0,47.742405,47.742405,47.742405
200705W,2007073012,75.0,80.0,85.0,105.0,75.0,75.0,75.0,60.585957,60.585957,60.585957
200705W,2007073015,78.0,83.0,88.0,110.0,78.0,78.0,78.0,47.28747,47.28747,47.28747
200705W,2007073018,80.0,85.0,90.0,115.0,80.0,80.0,80.0,63.05647,63.05647,63.05647
200705W,2007073021,83.0,88.0,98.0,118.0,83.0,83.0,83.0,57.891235,57.891235,57.891235
200705W,2007073100,85.0,90.0,105.0,120.0,85.0,85.0,85.0,64.58635,64.58635,64.58635
200705W,2007073103,88.0,98.0,110.0,118.0,88.0,88.0,88.0,85.02297,85.02297,85.02297
200705W,2007073106,90.0,105.0,115.0,115.0,90.0,90.0,90.0,74.563515,74.563515,74.563515
200705W,2007073109,98.0,110.0,118.0,115.0,98.0,98.0,98.0,56.519753,56.519753,56.519753
200705W,2007073112,105.0,115.0,120.0,115.0,105.0,105.0,105.0,90.720764,90.720764,90.720764
200705W,2007073115,110.0,118.0,118.0,115.0,110.0,110.0,110.0,96.96981,96.96981,96.96981
200705W,2007073118,115.0,120.0,115.0,115.0,115.0,115.0,115.0,103.29782,103.29782,103.29782
200705W,2007073121,118.0,118.0,115.0,110.0,118.0,118.0,118.0,110.38474,110.38474,110.38474
200705W,2007080100,120.0,115.0,115.0,105.0,120.0,120.0,120.0,64.22406,64.22406,64.22406
200705W,2007080103,118.0,115.0,115.0,98.0,118.0,118.0,118.0,108.52615,108.52615,108.52615
200705W,2007080106,115.0,115.0,115.0,90.0,115.0,115.0,115.0,95.01282,95.01282,95.01282
200705W,2007080109,115.0,115.0,110.0,85.0,115.0,115.0,115.0,96.57633,96.57633,96.57633
200705W,2007080112,115.0,115.0,105.0,80.0,115.0,115.0,115.0,108.815834,108.815834,108.815834
200705W,2007080115,115.0,110.0,98.0,73.0,115.0,115.0,115.0,114.35784,114.35784,114.35784
200705W,2007080118,115.0,105.0,90.0,65.0,115.0,115.0,115.0,100.03887,100.03887,100.03887
200705W,2007080121,110.0,98.0,85.0,65.0,110.0,110.0,110.0,104.53771,104.53771,104.53771
200705W,2007080200,105.0,90.0,80.0,65.0,105.0,105.0,105.0,90.657974,90.657974,90.657974
200705W,2007080203,98.0,85.0,73.0,60.0,98.0,98.0,98.0,61.73566,61.73566,61.73566
200705W,2007080206,90.0,80.0,65.0,55.0,90.0,90.0,90.0,49.699234,49.699234,49.699234
200705W,2007080209,85.0,73.0,65.0,50.0,85.0,85.0,85.0,52.67111,52.67111,52.67111
200705W,2007080212,80.0,65.0,65.0,45.0,80.0,80.0,80.0,76.22353,76.22353,76.22353
200705W,2007080215,73.0,65.0,60.0,43.0,73.0,73.0,73.0,65.840515,65.840515,65.840515
200705W,2007080218,65.0,65.0,55.0,40.0,65.0,65.0,65.0,51.944237,51.944237,51.944237
200705W,2007080221,65.0,60.0,50.0,35.0,65.0,65.0,65.0,43.99938,43.99938,43.99938
200705W,2007080300,65.0,55.0,45.0,30.0,65.0,65.0,65.0,41.336266,41.336266,41.336266
200705W,2007080303,60.0,50.0,43.0,30.0,60.0,60.0,60.0,38.43444,38.43444,38.43444
200705W,2007080306,55.0,45.0,40.0,30.0,55.0,55.0,55.0,37.06254,37.06254,37.06254
200707W,2007080500,30.0,35.0,40.0,45.0,30.0,30.0,30.0,49.64097,49.64097,49.64097
200707W,2007080503,33.0,38.0,43.0,45.0,33.0,33.0,33.0,36.817177,36.817177,36.817177
200707W,2007080506,35.0,40.0,45.0,45.0,35.0,35.0,35.0,55.4164,55.4164,55.4164
200707W,2007080509,38.0,43.0,45.0,48.0,38.0,38.0,38.0,51.7957,51.7957,51.7957
200707W,2007080512,40.0,45.0,45.0,50.0,40.0,40.0,40.0,43.205738,43.205738,43.205738
200707W,2007080515,43.0,45.0,45.0,53.0,43.0,43.0,43.0,46.69968,46.69968,46.69968
200707W,2007080518,45.0,45.0,45.0,55.0,45.0,45.0,45.0,39.515385,39.515385,39.515385
200707W,2007080521,45.0,45.0,48.0,60.0,45.0,45.0,45.0,36.82012,36.82012,36.82012
200707W,2007080600,45.0,45.0,50.0,65.0,45.0,45.0,45.0,31.828644,31.828644,31.828644
200707W,2007080603,45.0,48.0,53.0,65.0,45.0,45.0,45.0,36.64221,36.64221,36.64221
200707W,2007080606,45.0,50.0,55.0,65.0,45.0,45.0,45.0,41.367973,41.367973,41.367973
200707W,2007080609,48.0,53.0,60.0,68.0,48.0,48.0,48.0,44.307194,44.307194,44.307194
200707W,2007080612,50.0,55.0,65.0,70.0,50.0,50.0,50.0,38.191277,38.191277,38.191277
200707W,2007080615,53.0,60.0,65.0,68.0,53.0,53.0,53.0,41.848537,41.848537,41.848537
200707W,2007080618,55.0,65.0,65.0,65.0,55.0,55.0,55.0,33.76048,33.76048,33.76048
200707W,2007080621,60.0,65.0,68.0,60.0,60.0,60.0,60.0,40.75999,40.75999,40.75999
200707W,2007080700,65.0,65.0,70.0,55.0,65.0,65.0,65.0,36.759933,36.759933,36.759933
200707W,2007080703,65.0,68.0,68.0,55.0,65.0,65.0,65.0,36.934193,36.934193,36.934193
200707W,2007080706,65.0,70.0,65.0,55.0,65.0,65.0,65.0,32.624268,32.624268,32.624268
200707W,2007080709,68.0,68.0,60.0,50.0,68.0,68.0,68.0,33.663048,33.663048,33.663048
200707W,2007080712,70.0,65.0,55.0,45.0,70.0,70.0,70.0,32.57706,32.57706,32.57706
200707W,2007080715,68.0,60.0,55.0,40.0,68.0,68.0,68.0,37.17179,37.17179,37.17179
200707W,2007080718,65.0,55.0,55.0,35.0,65.0,65.0,65.0,36.898495,36.898495,36.898495
200707W,2007080721,60.0,55.0,50.0,35.0,60.0,60.0,60.0,42.079525,42.079525,42.079525
200707W,2007080800,55.0,55.0,45.0,35.0,55.0,55.0,55.0,41.082195,41.082195,41.082195
200707W,2007080803,55.0,50.0,40.0,33.0,55.0,55.0,55.0,42.79454,42.79454,42.79454
200707W,2007080806,55.0,45.0,35.0,30.0,55.0,55.0,55.0,31.969479,31.969479,31.969479
200707W,2007080809,50.0,40.0,35.0,28.0,50.0,50.0,50.0,29.318922,29.318922,29.318922
200707W,2007080812,45.0,35.0,35.0,25.0,45.0,45.0,45.0,30.85509,30.85509,30.85509
200707W,2007080815,40.0,35.0,33.0,25.0,40.0,40.0,40.0,38.43598,38.43598,38.43598
200707W,2007080818,35.0,35.0,30.0,25.0,35.0,35.0,35.0,32.734592,32.734592,32.734592
200707W,2007080821,35.0,33.0,28.0,23.0,35.0,35.0,35.0,25.98816,25.98816,25.98816
200707W,2007080900,35.0,30.0,25.0,20.0,35.0,35.0,35.0,26.290567,26.290567,26.290567
200713S,2007020612,20.0,20.0,25.0,25.0,20.0,20.0,20.0,25.386038,25.386038,25.386038
200713S,2007020615,20.0,23.0,25.0,25.0,20.0,20.0,20.0,29.13534,29.13534,29.13534
200713S,2007020618,20.0,25.0,25.0,25.0,20.0,20.0,20.0,27.185585,27.185585,27.185585
200713S,2007020621,23.0,25.0,25.0,28.0,23.0,23.0,23.0,25.675617,25.675617,25.675617
200713S,2007020700,25.0,25.0,25.0,30.0,25.0,25.0,25.0,26.754557,26.754557,26.754557
200713S,2007020703,25.0,25.0,25.0,30.0,25.0,25.0,25.0,26.357536,26.357536,26.357536
200713S,2007020706,25.0,25.0,25.0,30.0,25.0,25.0,25.0,22.498756,22.498756,22.498756
200713S,2007020709,25.0,25.0,28.0,30.0,25.0,25.0,25.0,23.763075,23.763075,23.763075
200713S,2007020712,25.0,25.0,30.0,30.0,25.0,25.0,25.0,27.284256,27.284256,27.284256
200713S,2007020715,25.0,28.0,30.0,30.0,25.0,25.0,25.0,22.70198,22.70198,22.70198
200713S,2007020718,25.0,30.0,30.0,30.0,25.0,25.0,25.0,23.919996,23.919996,23.919996
200713S,2007020721,28.0,30.0,30.0,30.0,28.0,28.0,28.0,24.435352,24.435352,24.435352
200713S,2007020800,30.0,30.0,30.0,30.0,30.0,30.0,30.0,29.834639,29.834639,29.834639
200713S,2007020803,30.0,30.0,30.0,33.0,30.0,30.0,30.0,25.421843,25.421843,25.421843
200713S,2007020806,30.0,30.0,30.0,35.0,30.0,30.0,30.0,24.167217,24.167217,24.167217
200713S,2007020809,30.0,30.0,30.0,38.0,30.0,30.0,30.0,26.717253,26.717253,26.717253
200713S,2007020812,30.0,30.0,30.0,40.0,30.0,30.0,30.0,23.953056,23.953056,23.953056
200713S,2007020815,30.0,30.0,33.0,45.0,30.0,30.0,30.0,30.954042,30.954042,30.954042
200713S,2007020818,30.0,30.0,35.0,50.0,30.0,30.0,30.0,29.582054,29.582054,29.582054
200713S,2007020821,30.0,33.0,38.0,53.0,30.0,30.0,30.0,39.04072,39.04072,39.04072
200713S,2007020900,30.0,35.0,40.0,55.0,30.0,30.0,30.0,35.371674,35.371674,35.371674
200713S,2007020903,33.0,38.0,45.0,55.0,33.0,33.0,33.0,38.76121,38.76121,38.76121
200713S,2007020906,35.0,40.0,50.0,55.0,35.0,35.0,35.0,40.17487,40.17487,40.17487
200713S,2007020909,38.0,45.0,53.0,53.0,38.0,38.0,38.0,36.879345,36.879345,36.879345
200713S,2007020912,40.0,50.0,55.0,50.0,40.0,40.0,40.0,41.950962,41.950962,41.950962
200713S,2007020915,45.0,53.0,55.0,45.0,45.0,45.0,45.0,40.145336,40.145336,40.145336
200713S,2007020918,50.0,55.0,55.0,40.0,50.0,50.0,50.0,42.45783,42.45783,42.45783
200713S,2007020921,53.0,55.0,53.0,38.0,53.0,53.0,53.0,38.939457,38.939457,38.939457
200713S,2007021000,55.0,55.0,50.0,35.0,55.0,55.0,55.0,41.853996,41.853996,41.853996
200713S,2007021003,55.0,53.0,45.0,35.0,55.0,55.0,55.0,42.63883,42.63883,42.63883
200713S,2007021006,55.0,50.0,40.0,35.0,55.0,55.0,55.0,41.74232,41.74232,41.74232
200713S,2007021009,53.0,45.0,38.0,33.0,53.0,53.0,53.0,37.345043,37.345043,37.345043
200713S,2007021012,50.0,40.0,35.0,30.0,50.0,50.0,50.0,41.5274,41.5274,41.5274
200713S,2007021015,45.0,38.0,35.0,28.0,45.0,45.0,45.0,45.746502,45.746502,45.746502
200713S,2007021018,40.0,35.0,35.0,25.0,40.0,40.0,40.0,35.38633,35.38633,35.38633
200713S,2007021021,38.0,35.0,33.0,25.0,38.0,38.0,38.0,37.325527,37.325527,37.325527
200713S,2007021100,35.0,35.0,30.0,25.0,35.0,35.0,35.0,34.086864,34.086864,34.086864
200713W,2007091500,25.0,30.0,30.0,35.0,25.0,25.0,25.0,50.246902,50.246902,50.246902
200713W,2007091503,28.0,30.0,30.0,40.0,28.0,28.0,28.0,27.4538,27.4538,27.4538
200713W,2007091506,30.0,30.0,30.0,45.0,30.0,30.0,30.0,30.906298,30.906298,30.906298
200713W,2007091509,30.0,30.0,33.0,55.0,30.0,30.0,30.0,41.143845,41.143845,41.143845
200713W,2007091512,30.0,30.0,35.0,65.0,30.0,30.0,30.0,38.427395,38.427395,38.427395
200713W,2007091515,30.0,33.0,40.0,65.0,30.0,30.0,30.0,25.38382,25.38382,25.38382
200713W,2007091518,30.0,35.0,45.0,65.0,30.0,30.0,30.0,32.50127,32.50127,32.50127
200713W,2007091521,33.0,40.0,55.0,70.0,33.0,33.0,33.0,37.74042,37.74042,37.74042
200713W,2007091600,35.0,45.0,65.0,75.0,35.0,35.0,35.0,45.30026,45.30026,45.30026
200713W,2007091603,40.0,55.0,65.0,85.0,40.0,40.0,40.0,42.865063,42.865063,42.865063
200713W,2007091606,45.0,65.0,65.0,95.0,45.0,45.0,45.0,77.12266,77.12266,77.12266
200713W,2007091609,55.0,65.0,70.0,105.0,55.0,55.0,55.0,62.391438,62.391438,62.391438
200713W,2007091612,65.0,65.0,75.0,115.0,65.0,65.0,65.0,57.729313,57.729313,57.729313
200713W,2007091615,65.0,70.0,85.0,120.0,65.0,65.0,65.0,62.55312,62.55312,62.55312
200713W,2007091618,65.0,75.0,95.0,125.0,65.0,65.0,65.0,58.342,58.342,58.342
200713W,2007091621,70.0,85.0,105.0,130.0,70.0,70.0,70.0,64.56861,64.56861,64.56861
200713W,2007091700,75.0,95.0,115.0,135.0,75.0,75.0,75.0,48.039413,48.039413,48.039413
200713W,2007091703,85.0,105.0,120.0,133.0,85.0,85.0,85.0,78.01303,78.01303,78.01303
200713W,2007091706,95.0,115.0,125.0,130.0,95.0,95.0,95.0,77.4253,77.4253,77.4253
200713W,2007091709,105.0,120.0,130.0,125.0,105.0,105.0,105.0,92.36592,92.36592,92.36592
200713W,2007091712,115.0,125.0,135.0,120.0,115.0,115.0,115.0,115.49631,115.49631,115.49631
200713W,2007091715,120.0,130.0,133.0,113.0,120.0,120.0,120.0,111.13283,111.13283,111.13283
200713W,2007091718,125.0,135.0,130.0,105.0,125.0,125.0,125.0,119.0093,119.0093,119.0093
200713W,2007091721,130.0,133.0,125.0,90.0,130.0,130.0,130.0,126.97213,126.97213,126.97213
200713W,2007091800,135.0,130.0,120.0,75.0,135.0,135.0,135.0,117.05477,117.05477,117.05477
200713W,2007091803,133.0,125.0,113.0,63.0,133.0,133.0,133.0,113.82738,113.82738,113.82738
200713W,2007091806,130.0,120.0,105.0,50.0,130.0,130.0,130.0,105.80367,105.80367,105.80367
200713W,2007091809,125.0,113.0,90.0,43.0,125.0,125.0,125.0,99.162766,99.162766,99.162766
200713W,2007091812,120.0,105.0,75.0,35.0,120.0,120.0,120.0,81.816864,81.816864,81.816864
200713W,2007091815,113.0,90.0,63.0,35.0,113.0,113.0,113.0,81.79867,81.79867,81.79867
200713W,2007091818,105.0,75.0,50.0,35.0,105.0,105.0,105.0,61.59264,61.59264,61.59264
200713W,2007091821,90.0,63.0,43.0,35.0,90.0,90.0,90.0,46.17735,46.17735,46.17735
200713W,2007091900,75.0,50.0,35.0,35.0,75.0,75.0,75.0,49.129436,49.129436,49.129436
200714W,2007092000,20.0,20.0,30.0,25.0,20.0,20.0,20.0,32.656033,32.656033,32.656033
200715W,2007092312,35.0,40.0,45.0,35.0,35.0,35.0,35.0,37.429176,37.429176,37.429176
200715W,2007092315,38.0,43.0,43.0,33.0,38.0,38.0,38.0,38.212116,38.212116,38.212116
200715W,2007092318,40.0,45.0,40.0,30.0,40.0,40.0,40.0,39.302944,39.302944,39.302944
200715W,2007092321,43.0,43.0,38.0,28.0,43.0,43.0,43.0,35.216015,35.216015,35.216015
200715W,2007092400,45.0,40.0,35.0,25.0,45.0,45.0,45.0,31.87407,31.87407,31.87407
200715W,2007092403,43.0,38.0,33.0,25.0,43.0,43.0,43.0,34.32507,34.32507,34.32507
200715W,2007092406,40.0,35.0,30.0,25.0,40.0,40.0,40.0,31.578962,31.578962,31.578962
200715W,2007092409,38.0,33.0,28.0,23.0,38.0,38.0,38.0,35.382774,35.382774,35.382774
200715W,2007092412,35.0,30.0,25.0,20.0,35.0,35.0,35.0,35.01069,35.01069,35.01069
200715W,2007092415,33.0,28.0,25.0,20.0,33.0,33.0,33.0,30.07118,30.07118,30.07118
200715W,2007092418,30.0,25.0,25.0,20.0,30.0,30.0,30.0,30.152822,30.152822,30.152822
200720S,2007032500,30.0,35.0,45.0,75.0,30.0,30.0,30.0,24.466545,24.466545,24.466545
200720S,2007032503,33.0,40.0,50.0,83.0,33.0,33.0,33.0,30.421469,30.421469,30.421469
200720S,2007032506,35.0,45.0,55.0,90.0,35.0,35.0,35.0,33.015533,33.015533,33.015533
200720S,2007032509,40.0,50.0,65.0,90.0,40.0,40.0,40.0,31.424196,31.424196,31.424196
200720S,2007032512,45.0,55.0,75.0,90.0,45.0,45.0,45.0,32.966976,32.966976,32.966976
200720S,2007032515,50.0,65.0,83.0,90.0,50.0,50.0,50.0,25.02523,25.02523,25.02523
200720S,2007032518,55.0,75.0,90.0,90.0,55.0,55.0,55.0,28.219603,28.219603,28.219603
200720S,2007032521,65.0,83.0,90.0,98.0,65.0,65.0,65.0,30.568655,30.568655,30.568655
200720S,2007032600,75.0,90.0,90.0,105.0,75.0,75.0,75.0,27.193672,27.193672,27.193672
200720S,2007032603,83.0,90.0,90.0,93.0,83.0,83.0,83.0,39.46038,39.46038,39.46038
200720S,2007032606,90.0,90.0,90.0,80.0,90.0,90.0,90.0,30.634787,30.634787,30.634787
200720S,2007032609,90.0,90.0,98.0,63.0,90.0,90.0,90.0,30.35586,30.35586,30.35586
200720S,2007032612,90.0,90.0,105.0,45.0,90.0,90.0,90.0,33.01602,33.01602,33.01602
200720S,2007032615,90.0,98.0,93.0,40.0,90.0,90.0,90.0,37.712765,37.712765,37.712765
200720S,2007032618,90.0,105.0,80.0,35.0,90.0,90.0,90.0,39.2079,39.2079,39.2079
200720S,2007032621,98.0,93.0,63.0,35.0,98.0,98.0,98.0,36.173473,36.173473,36.173473
200720S,2007032700,105.0,80.0,45.0,35.0,105.0,105.0,105.0,47.121414,47.121414,47.121414
200720S,2007032703,93.0,63.0,40.0,33.0,93.0,93.0,93.0,85.878044,85.878044,85.878044
200720S,2007032706,80.0,45.0,35.0,30.0,80.0,80.0,80.0,36.37238,36.37238,36.37238
200720S,2007032709,63.0,40.0,35.0,28.0,63.0,63.0,63.0,30.189404,30.189404,30.189404
200720S,2007032712,45.0,35.0,35.0,25.0,45.0,45.0,45.0,28.25322,28.25322,28.25322
200720S,2007032715,40.0,35.0,33.0,23.0,40.0,40.0,40.0,28.27193,28.27193,28.27193
200720S,2007032718,35.0,35.0,30.0,20.0,35.0,35.0,35.0,28.468317,28.468317,28.468317
200720S,2007032721,35.0,33.0,28.0,20.0,35.0,35.0,35.0,26.658485,26.658485,26.658485
200720S,2007032800,35.0,30.0,25.0,20.0,35.0,35.0,35.0,25.880217,25.880217,25.880217
200720S,2007032803,33.0,28.0,23.0,18.0,33.0,33.0,33.0,30.94628,30.94628,30.94628
200720S,2007032806,30.0,25.0,20.0,15.0,30.0,30.0,30.0,27.601017,27.601017,27.601017
200723W,2007111906,30.0,30.0,35.0,35.0,30.0,30.0,30.0,27.949669,27.949669,27.949669
200723W,2007111909,30.0,33.0,35.0,38.0,30.0,30.0,30.0,38.33882,38.33882,38.33882
200723W,2007111912,30.0,35.0,35.0,40.0,30.0,30.0,30.0,27.287767,27.287767,27.287767
200723W,2007111915,33.0,35.0,35.0,40.0,33.0,33.0,33.0,25.958416,25.958416,25.958416
200723W,2007111918,35.0,35.0,35.0,40.0,35.0,35.0,35.0,23.445747,23.445747,23.445747
200723W,2007111921,35.0,35.0,38.0,45.0,35.0,35.0,35.0,26.42479,26.42479,26.42479
200723W,2007112000,35.0,35.0,40.0,50.0,35.0,35.0,35.0,23.686098,23.686098,23.686098
200723W,2007112003,35.0,38.0,40.0,50.0,35.0,35.0,35.0,30.012714,30.012714,30.012714
200723W,2007112006,35.0,40.0,40.0,50.0,35.0,35.0,35.0,29.16751,29.16751,29.16751
200723W,2007112009,38.0,40.0,45.0,53.0,38.0,38.0,38.0,27.515678,27.515678,27.515678
200723W,2007112012,40.0,40.0,50.0,55.0,40.0,40.0,40.0,26.183159,26.183159,26.183159
200723W,2007112015,40.0,45.0,50.0,60.0,40.0,40.0,40.0,32.813545,32.813545,32.813545
200723W,2007112018,40.0,50.0,50.0,65.0,40.0,40.0,40.0,33.769836,33.769836,33.769836
200723W,2007112021,45.0,50.0,53.0,68.0,45.0,45.0,45.0,40.417683,40.417683,40.417683
200723W,2007112100,50.0,50.0,55.0,70.0,50.0,50.0,50.0,39.371876,39.371876,39.371876
200723W,2007112103,50.0,53.0,60.0,73.0,50.0,50.0,50.0,43.636475,43.636475,43.636475
200723W,2007112106,50.0,55.0,65.0,75.0,50.0,50.0,50.0,47.14302,47.14302,47.14302
200723W,2007112109,53.0,60.0,68.0,78.0,53.0,53.0,53.0,62.170864,62.170864,62.170864
200723W,2007112112,55.0,65.0,70.0,80.0,55.0,55.0,55.0,44.570892,44.570892,44.570892
200723W,2007112115,60.0,68.0,73.0,80.0,60.0,60.0,60.0,47.15848,47.15848,47.15848
200723W,2007112118,65.0,70.0,75.0,80.0,65.0,65.0,65.0,51.239376,51.239376,51.239376
200723W,2007112121,68.0,73.0,78.0,78.0,68.0,68.0,68.0,49.62563,49.62563,49.62563
200723W,2007112200,70.0,75.0,80.0,75.0,70.0,70.0,70.0,52.508987,52.508987,52.508987
200723W,2007112203,73.0,78.0,80.0,75.0,73.0,73.0,73.0,50.626423,50.626423,50.626423
200723W,2007112206,75.0,80.0,80.0,75.0,75.0,75.0,75.0,57.27657,57.27657,57.27657
200723W,2007112209,78.0,80.0,78.0,73.0,78.0,78.0,78.0,64.487144,64.487144,64.487144
200723W,2007112212,80.0,80.0,75.0,70.0,80.0,80.0,80.0,75.20296,75.20296,75.20296
200723W,2007112215,80.0,78.0,75.0,65.0,80.0,80.0,80.0,64.491135,64.491135,64.491135
200723W,2007112218,80.0,75.0,75.0,60.0,80.0,80.0,80.0,53.188843,53.188843,53.188843
200723W,2007112221,78.0,75.0,73.0,58.0,78.0,78.0,78.0,60.316433,60.316433,60.316433
200723W,2007112300,75.0,75.0,70.0,55.0,75.0,75.0,75.0,54.63737,54.63737,54.63737
200723W,2007112303,75.0,73.0,65.0,55.0,75.0,75.0,75.0,61.09579,61.09579,61.09579
200723W,2007112306,75.0,70.0,60.0,55.0,75.0,75.0,75.0,53.919735,53.919735,53.919735
200723W,2007112309,73.0,65.0,58.0,53.0,73.0,73.0,73.0,54.977665,54.977665,54.977665
200723W,2007112312,70.0,60.0,55.0,50.0,70.0,70.0,70.0,58.03365,58.03365,58.03365
200723W,2007112315,65.0,58.0,55.0,45.0,65.0,65.0,65.0,41.161293,41.161293,41.161293
200723W,2007112318,60.0,55.0,55.0,40.0,60.0,60.0,60.0,46.614285,46.614285,46.614285
200723W,2007112321,58.0,55.0,53.0,40.0,58.0,58.0,58.0,36.68646,36.68646,36.68646
200723W,2007112400,55.0,55.0,50.0,40.0,55.0,55.0,55.0,42.93437,42.93437,42.93437
200723W,2007112403,55.0,53.0,45.0,40.0,55.0,55.0,55.0,38.241947,38.241947,38.241947
200723W,2007112406,55.0,50.0,40.0,40.0,55.0,55.0,55.0,36.20023,36.20023,36.20023
200723W,2007112409,53.0,45.0,40.0,40.0,53.0,53.0,53.0,36.301754,36.301754,36.301754
200723W,2007112412,50.0,40.0,40.0,40.0,50.0,50.0,50.0,38.30716,38.30716,38.30716
200723W,2007112415,45.0,40.0,40.0,38.0,45.0,45.0,45.0,40.441364,40.441364,40.441364
200723W,2007112418,40.0,40.0,40.0,35.0,40.0,40.0,40.0,37.553917,37.553917,37.553917
200723W,2007112421,40.0,40.0,40.0,33.0,40.0,40.0,40.0,35.451855,35.451855,35.451855
200723W,2007112500,40.0,40.0,40.0,30.0,40.0,40.0,40.0,31.633474,31.633474,31.633474
200723W,2007112503,40.0,40.0,38.0,30.0,40.0,40.0,40.0,36.279884,36.279884,36.279884
200723W,2007112506,40.0,40.0,35.0,30.0,40.0,40.0,40.0,36.33506,36.33506,36.33506
200723W,2007112509,40.0,38.0,33.0,30.0,40.0,40.0,40.0,35.52637,35.52637,35.52637
200723W,2007112512,40.0,35.0,30.0,30.0,40.0,40.0,40.0,36.335876,36.335876,36.335876
200723W,2007112515,38.0,33.0,30.0,28.0,38.0,38.0,38.0,37.708794,37.708794,37.708794
200723W,2007112518,35.0,30.0,30.0,25.0,35.0,35.0,35.0,33.783012,33.783012,33.783012
200723W,2007112521,33.0,30.0,30.0,25.0,33.0,33.0,33.0,32.761806,32.761806,32.761806
200723W,2007112600,30.0,30.0,30.0,25.0,30.0,30.0,30.0,31.987825,31.987825,31.987825
200723W,2007112603,30.0,30.0,28.0,23.0,30.0,30.0,30.0,33.409134,33.409134,33.409134
200723W,2007112606,30.0,30.0,25.0,20.0,30.0,30.0,30.0,25.903433,25.903433,25.903433
200723W,2007112609,30.0,28.0,25.0,20.0,30.0,30.0,30.0,32.03903,32.03903,32.03903
200723W,2007112612,30.0,25.0,25.0,20.0,30.0,30.0,30.0,34.65849,34.65849,34.65849
200801I,2008042606,20.0,20.0,25.0,30.0,20.0,20.0,20.0,23.527874,23.527874,23.527874
200801I,2008042609,20.0,23.0,25.0,33.0,20.0,20.0,20.0,21.903114,21.903114,21.903114
200801I,2008042612,20.0,25.0,25.0,35.0,20.0,20.0,20.0,24.6774,24.6774,24.6774
200801I,2008042615,23.0,25.0,28.0,40.0,23.0,23.0,23.0,23.017338,23.017338,23.017338
200801I,2008042618,25.0,25.0,30.0,45.0,25.0,25.0,25.0,22.754318,22.754318,22.754318
200801I,2008042621,25.0,28.0,33.0,50.0,25.0,25.0,25.0,25.41127,25.41127,25.41127
200801I,2008042700,25.0,30.0,35.0,55.0,25.0,25.0,25.0,26.623602,26.623602,26.623602
200801I,2008042703,28.0,33.0,40.0,60.0,28.0,28.0,28.0,23.351803,23.351803,23.351803
200801I,2008042706,30.0,35.0,45.0,65.0,30.0,30.0,30.0,33.874336,33.874336,33.874336
200801I,2008042709,33.0,40.0,50.0,68.0,33.0,33.0,33.0,29.384388,29.384388,29.384388
200801I,2008042712,35.0,45.0,55.0,70.0,35.0,35.0,35.0,36.12137,36.12137,36.12137
200801I,2008042715,40.0,50.0,60.0,73.0,40.0,40.0,40.0,36.835262,36.835262,36.835262
200801I,2008042718,45.0,55.0,65.0,75.0,45.0,45.0,45.0,41.15759,41.15759,41.15759
200801I,2008042721,50.0,60.0,68.0,75.0,50.0,50.0,50.0,41.76511,41.76511,41.76511
200801I,2008042800,55.0,65.0,70.0,75.0,55.0,55.0,55.0,40.71764,40.71764,40.71764
200801I,2008042803,60.0,68.0,73.0,75.0,60.0,60.0,60.0,40.337128,40.337128,40.337128
200801I,2008042806,65.0,70.0,75.0,75.0,65.0,65.0,65.0,37.968475,37.968475,37.968475
200801I,2008042809,68.0,73.0,75.0,73.0,68.0,68.0,68.0,49.141613,49.141613,49.141613
200801I,2008042812,70.0,75.0,75.0,70.0,70.0,70.0,70.0,50.80144,50.80144,50.80144
200801I,2008042815,73.0,75.0,75.0,70.0,73.0,73.0,73.0,54.63821,54.63821,54.63821
200801I,2008042818,75.0,75.0,75.0,70.0,75.0,75.0,75.0,39.9155,39.9155,39.9155
200801I,2008042821,75.0,75.0,73.0,70.0,75.0,75.0,75.0,54.544563,54.544563,54.544563
200801I,2008042900,75.0,75.0,70.0,70.0,75.0,75.0,75.0,51.636963,51.636963,51.636963
200801I,2008042903,75.0,73.0,70.0,65.0,75.0,75.0,75.0,45.580364,45.580364,45.580364
200801I,2008042906,75.0,70.0,70.0,60.0,75.0,75.0,75.0,43.749687,43.749687,43.749687
200801I,2008042909,73.0,70.0,70.0,63.0,73.0,73.0,73.0,41.346798,41.346798,41.346798
200801I,2008042912,70.0,70.0,70.0,65.0,70.0,70.0,70.0,34.586765,34.586765,34.586765
200801I,2008042915,70.0,70.0,65.0,65.0,70.0,70.0,70.0,36.763386,36.763386,36.763386
200801I,2008042918,70.0,70.0,60.0,65.0,70.0,70.0,70.0,36.37965,36.37965,36.37965
200801I,2008042921,70.0,65.0,63.0,65.0,70.0,70.0,70.0,37.264812,37.264812,37.264812
200801I,2008043000,70.0,60.0,65.0,65.0,70.0,70.0,70.0,39.010376,39.010376,39.010376
200801I,2008043003,65.0,63.0,65.0,68.0,65.0,65.0,65.0,44.13967,44.13967,44.13967
200801I,2008043006,60.0,65.0,65.0,70.0,60.0,60.0,60.0,40.377884,40.377884,40.377884
200801I,2008043009,63.0,65.0,65.0,85.0,63.0,63.0,63.0,42.52088,42.52088,42.52088
200801I,2008043012,65.0,65.0,65.0,100.0,65.0,65.0,65.0,39.91616,39.91616,39.91616
200801I,2008043015,65.0,65.0,68.0,100.0,65.0,65.0,65.0,74.262665,74.262665,74.262665
200801I,2008043018,65.0,65.0,70.0,100.0,65.0,65.0,65.0,38.612198,38.612198,38.612198
200801I,2008043021,65.0,68.0,85.0,105.0,65.0,65.0,65.0,47.42225,47.42225,47.42225
200801I,2008050100,65.0,70.0,100.0,110.0,65.0,65.0,65.0,40.976856,40.976856,40.976856
200801I,2008050103,68.0,85.0,100.0,113.0,68.0,68.0,68.0,52.697628,52.697628,52.697628
200801I,2008050106,70.0,100.0,100.0,115.0,70.0,70.0,70.0,52.252033,52.252033,52.252033
200801I,2008050109,85.0,100.0,105.0,115.0,85.0,85.0,85.0,77.654076,77.654076,77.654076
200801I,2008050112,100.0,100.0,110.0,115.0,100.0,100.0,100.0,66.626854,66.626854,66.626854
200801I,2008050115,100.0,105.0,113.0,100.0,100.0,100.0,100.0,81.1143,81.1143,81.1143
200801I,2008050118,100.0,110.0,115.0,85.0,100.0,100.0,100.0,56.510777,56.510777,56.510777
200801I,2008050121,105.0,113.0,115.0,78.0,105.0,105.0,105.0,52.069706,52.069706,52.069706
200801I,2008050200,110.0,115.0,115.0,70.0,110.0,110.0,110.0,49.26852,49.26852,49.26852
200801I,2008050203,113.0,115.0,100.0,60.0,113.0,113.0,113.0,44.552147,44.552147,44.552147
200801I,2008050206,115.0,115.0,85.0,50.0,115.0,115.0,115.0,86.58444,86.58444,86.58444
200801I,2008050209,115.0,100.0,78.0,45.0,115.0,115.0,115.0,77.92871,77.92871,77.92871
200801I,2008050212,115.0,85.0,70.0,40.0,115.0,115.0,115.0,86.77817,86.77817,86.77817
200801I,2008050215,100.0,78.0,60.0,35.0,100.0,100.0,100.0,53.4697,53.4697,53.4697
200801I,2008050218,85.0,70.0,50.0,30.0,85.0,85.0,85.0,42.259464,42.259464,42.259464
200801I,2008050221,78.0,60.0,45.0,28.0,78.0,78.0,78.0,47.906296,47.906296,47.906296
200801I,2008050300,70.0,50.0,40.0,25.0,70.0,70.0,70.0,46.4063,46.4063,46.4063
200801S,2007072906,30.0,30.0,35.0,35.0,30.0,30.0,30.0,25.085669,25.085669,25.085669
200801S,2007072909,30.0,33.0,38.0,35.0,30.0,30.0,30.0,24.48407,24.48407,24.48407
200801S,2007072912,30.0,35.0,40.0,35.0,30.0,30.0,30.0,26.682594,26.682594,26.682594
200801S,2007072915,33.0,38.0,38.0,30.0,33.0,33.0,33.0,30.206846,30.206846,30.206846
200801S,2007072918,35.0,40.0,35.0,25.0,35.0,35.0,35.0,28.354944,28.354944,28.354944
200801S,2007072921,38.0,38.0,35.0,25.0,38.0,38.0,38.0,29.477741,29.477741,29.477741
200801S,2007073000,40.0,35.0,35.0,25.0,40.0,40.0,40.0,30.536457,30.536457,30.536457
200803L,2008071912,35.0,45.0,45.0,45.0,35.0,35.0,35.0,39.004898,39.004898,39.004898
200803L,2008071915,40.0,45.0,45.0,45.0,40.0,40.0,40.0,38.00228,38.00228,38.00228
200803L,2008071918,45.0,45.0,45.0,45.0,45.0,45.0,45.0,35.342915,35.342915,35.342915
200803L,2008071921,45.0,45.0,45.0,45.0,45.0,45.0,45.0,30.79854,30.79854,30.79854
200803L,2008072000,45.0,45.0,45.0,45.0,45.0,45.0,45.0,40.54564,40.54564,40.54564
200803L,2008072003,45.0,45.0,45.0,48.0,45.0,45.0,45.0,33.38798,33.38798,33.38798
200803L,2008072006,45.0,45.0,45.0,50.0,45.0,45.0,45.0,30.940708,30.940708,30.940708
200803L,2008072009,45.0,45.0,45.0,52.0,45.0,45.0,45.0,26.81326,26.81326,26.81326
200803L,2008072012,45.0,45.0,45.0,55.0,45.0,45.0,45.0,28.55872,28.55872,28.55872
200803L,2008072015,45.0,45.0,48.0,55.0,45.0,45.0,45.0,26.546024,26.546024,26.546024
200803L,2008072018,45.0,45.0,50.0,55.0,45.0,45.0,45.0,31.511356,31.511356,31.511356
200803L,2008072021,45.0,48.0,52.0,55.0,45.0,45.0,45.0,29.127295,29.127295,29.127295
200803L,2008072100,45.0,50.0,55.0,55.0,45.0,45.0,45.0,37.220806,37.220806,37.220806
200803L,2008072103,48.0,52.0,55.0,55.0,48.0,48.0,48.0,39.634575,39.634575,39.634575
200803L,2008072106,50.0,55.0,55.0,55.0,50.0,50.0,50.0,42.088234,42.088234,42.088234
200803L,2008072109,52.0,55.0,55.0,55.0,52.0,52.0,52.0,38.441853,38.441853,38.441853
200803L,2008072112,55.0,55.0,55.0,55.0,55.0,55.0,55.0,37.71585,37.71585,37.71585
200803L,2008072115,55.0,55.0,55.0,52.0,55.0,55.0,55.0,36.462845,36.462845,36.462845
200803L,2008072118,55.0,55.0,55.0,50.0,55.0,55.0,55.0,39.453747,39.453747,39.453747
200803L,2008072121,55.0,55.0,55.0,48.0,55.0,55.0,55.0,42.520443,42.520443,42.520443
200803L,2008072200,55.0,55.0,55.0,45.0,55.0,55.0,55.0,42.140232,42.140232,42.140232
200803L,2008072203,55.0,55.0,52.0,42.0,55.0,55.0,55.0,37.53871,37.53871,37.53871
200803L,2008072206,55.0,55.0,50.0,40.0,55.0,55.0,55.0,38.572838,38.572838,38.572838
200804I,2008102500,25.0,30.0,30.0,35.0,25.0,25.0,25.0,26.023027,26.023027,26.023027
200804I,2008102503,28.0,30.0,30.0,35.0,28.0,28.0,28.0,25.843433,25.843433,25.843433
200804I,2008102506,30.0,30.0,30.0,35.0,30.0,30.0,30.0,28.991014,28.991014,28.991014
200804I,2008102509,30.0,30.0,33.0,35.0,30.0,30.0,30.0,27.546442,27.546442,27.546442
200804I,2008102512,30.0,30.0,35.0,35.0,30.0,30.0,30.0,28.439499,28.439499,28.439499
200804I,2008102515,30.0,33.0,35.0,40.0,30.0,30.0,30.0,28.844347,28.844347,28.844347
200804I,2008102518,30.0,35.0,35.0,45.0,30.0,30.0,30.0,33.710503,33.710503,33.710503
200804I,2008102521,33.0,35.0,35.0,40.0,33.0,33.0,33.0,36.330914,36.330914,36.330914
200804I,2008102600,35.0,35.0,35.0,35.0,35.0,35.0,35.0,33.09026,33.09026,33.09026
200804I,2008102603,35.0,35.0,40.0,30.0,35.0,35.0,35.0,34.724453,34.724453,34.724453
200804I,2008102606,35.0,35.0,45.0,25.0,35.0,35.0,35.0,41.1985,41.1985,41.1985
200805I,2008111212,20.0,20.0,20.0,25.0,20.0,20.0,20.0,23.318563,23.318563,23.318563
200805I,2008111215,20.0,20.0,20.0,28.0,20.0,20.0,20.0,25.15675,25.15675,25.15675
200805I,2008111218,20.0,20.0,20.0,30.0,20.0,20.0,20.0,23.404566,23.404566,23.404566
200805I,2008111221,20.0,20.0,23.0,33.0,20.0,20.0,20.0,21.272457,21.272457,21.272457
200805I,2008111300,20.0,20.0,25.0,35.0,20.0,20.0,20.0,30.404768,30.404768,30.404768
200805I,2008111303,20.0,23.0,28.0,38.0,20.0,20.0,20.0,26.73794,26.73794,26.73794
200805I,2008111306,20.0,25.0,30.0,40.0,20.0,20.0,20.0,28.204937,28.204937,28.204937
200805I,2008111309,23.0,28.0,33.0,43.0,23.0,23.0,23.0,30.86961,30.86961,30.86961
200805I,2008111312,25.0,30.0,35.0,45.0,25.0,25.0,25.0,31.320662,31.320662,31.320662
200805I,2008111315,28.0,33.0,38.0,45.0,28.0,28.0,28.0,33.764233,33.764233,33.764233
200805I,2008111318,30.0,35.0,40.0,45.0,30.0,30.0,30.0,33.36171,33.36171,33.36171
200805I,2008111321,33.0,38.0,43.0,45.0,33.0,33.0,33.0,34.65966,34.65966,34.65966
200805I,2008111400,35.0,40.0,45.0,45.0,35.0,35.0,35.0,35.31002,35.31002,35.31002
200805I,2008111403,38.0,43.0,45.0,43.0,38.0,38.0,38.0,39.036495,39.036495,39.036495
200805I,2008111406,40.0,45.0,45.0,40.0,40.0,40.0,40.0,31.329542,31.329542,31.329542
200805I,2008111409,43.0,45.0,45.0,40.0,43.0,43.0,43.0,36.150894,36.150894,36.150894
200805I,2008111412,45.0,45.0,45.0,40.0,45.0,45.0,45.0,47.074726,47.074726,47.074726
200805I,2008111415,45.0,45.0,43.0,40.0,45.0,45.0,45.0,48.9397,48.9397,48.9397
200805I,2008111418,45.0,45.0,40.0,40.0,45.0,45.0,45.0,53.09541,53.09541,53.09541
200805I,2008111421,45.0,43.0,40.0,38.0,45.0,45.0,45.0,40.875584,40.875584,40.875584
200805I,2008111500,45.0,40.0,40.0,35.0,45.0,45.0,45.0,38.63368,38.63368,38.63368
200805I,2008111503,43.0,40.0,40.0,30.0,43.0,43.0,43.0,30.697502,30.697502,30.697502
200805I,2008111506,40.0,40.0,40.0,25.0,40.0,40.0,40.0,27.463224,27.463224,27.463224
200809E,2008080700,35.0,45.0,50.0,55.0,35.0,35.0,35.0,28.517424,28.517424,28.517424
200809E,2008080703,40.0,48.0,53.0,58.0,40.0,40.0,40.0,32.199104,32.199104,32.199104
200809E,2008080706,45.0,50.0,55.0,60.0,45.0,45.0,45.0,30.58362,30.58362,30.58362
200809E,2008080709,48.0,53.0,55.0,63.0,48.0,48.0,48.0,29.688328,29.688328,29.688328
200809E,2008080712,50.0,55.0,55.0,65.0,50.0,50.0,50.0,28.00085,28.00085,28.00085
200809E,2008080715,53.0,55.0,58.0,70.0,53.0,53.0,53.0,37.84809,37.84809,37.84809
200809E,2008080718,55.0,55.0,60.0,75.0,55.0,55.0,55.0,41.923306,41.923306,41.923306
200809E,2008080721,55.0,58.0,63.0,78.0,55.0,55.0,55.0,46.27075,46.27075,46.27075
200809E,2008080800,55.0,60.0,65.0,80.0,55.0,55.0,55.0,41.36675,41.36675,41.36675
200809E,2008080803,58.0,63.0,70.0,85.0,58.0,58.0,58.0,44.498066,44.498066,44.498066
200809E,2008080806,60.0,65.0,75.0,90.0,60.0,60.0,60.0,44.617683,44.617683,44.617683
200809E,2008080809,63.0,70.0,78.0,98.0,63.0,63.0,63.0,39.982563,39.982563,39.982563
200809E,2008080812,65.0,75.0,80.0,105.0,65.0,65.0,65.0,44.07584,44.07584,44.07584
200809E,2008080815,70.0,78.0,85.0,105.0,70.0,70.0,70.0,106.945435,106.945435,106.945435
200809E,2008080818,75.0,80.0,90.0,105.0,75.0,75.0,75.0,61.921814,61.921814,61.921814
200809E,2008080821,78.0,85.0,98.0,103.0,78.0,78.0,78.0,66.13352,66.13352,66.13352
200809E,2008080900,80.0,90.0,105.0,100.0,80.0,80.0,80.0,90.03358,90.03358,90.03358
200809E,2008080903,85.0,98.0,105.0,95.0,85.0,85.0,85.0,76.15133,76.15133,76.15133
200809E,2008080906,90.0,105.0,105.0,90.0,90.0,90.0,90.0,70.52986,70.52986,70.52986
200809E,2008080909,98.0,105.0,103.0,85.0,98.0,98.0,98.0,79.11854,79.11854,79.11854
200809E,2008080912,105.0,105.0,100.0,80.0,105.0,105.0,105.0,81.212654,81.212654,81.212654
200809E,2008080915,105.0,103.0,95.0,78.0,105.0,105.0,105.0,79.83006,79.83006,79.83006
200809E,2008080918,105.0,100.0,90.0,75.0,105.0,105.0,105.0,93.93602,93.93602,93.93602
200809E,2008080921,103.0,95.0,85.0,75.0,103.0,103.0,103.0,102.4551,102.4551,102.4551
200809E,2008081000,100.0,90.0,80.0,75.0,100.0,100.0,100.0,92.71091,92.71091,92.71091
200809E,2008081003,95.0,85.0,78.0,75.0,95.0,95.0,95.0,84.30002,84.30002,84.30002
200809E,2008081006,90.0,80.0,75.0,75.0,90.0,90.0,90.0,78.20225,78.20225,78.20225
200809E,2008081009,85.0,78.0,75.0,73.0,85.0,85.0,85.0,81.92956,81.92956,81.92956
200809E,2008081012,80.0,75.0,75.0,70.0,80.0,80.0,80.0,82.63784,82.63784,82.63784
200809E,2008081015,78.0,75.0,75.0,68.0,78.0,78.0,78.0,93.94266,93.94266,93.94266
200809E,2008081018,75.0,75.0,75.0,65.0,75.0,75.0,75.0,100.12178,100.12178,100.12178
200809E,2008081021,75.0,75.0,73.0,60.0,75.0,75.0,75.0,93.54863,93.54863,93.54863
200809E,2008081100,75.0,75.0,70.0,55.0,75.0,75.0,75.0,62.630146,62.630146,62.630146
200809E,2008081103,75.0,73.0,68.0,53.0,75.0,75.0,75.0,73.1057,73.1057,73.1057
200809E,2008081106,75.0,70.0,65.0,50.0,75.0,75.0,75.0,75.5235,75.5235,75.5235
200809E,2008081109,73.0,68.0,60.0,48.0,73.0,73.0,73.0,61.6662,61.6662,61.6662
200809E,2008081112,70.0,65.0,55.0,45.0,70.0,70.0,70.0,49.56779,49.56779,49.56779
200809E,2008081115,68.0,60.0,53.0,43.0,68.0,68.0,68.0,44.788315,44.788315,44.788315
200809E,2008081118,65.0,55.0,50.0,40.0,65.0,65.0,65.0,41.252396,41.252396,41.252396
200809E,2008081121,60.0,53.0,48.0,38.0,60.0,60.0,60.0,40.862423,40.862423,40.862423
200809E,2008081200,55.0,50.0,45.0,35.0,55.0,55.0,55.0,43.73188,43.73188,43.73188
200809E,2008081203,53.0,48.0,43.0,33.0,53.0,53.0,53.0,53.32197,53.32197,53.32197
200809E,2008081206,50.0,45.0,40.0,30.0,50.0,50.0,50.0,50.39726,50.39726,50.39726
200809E,2008081209,48.0,43.0,38.0,30.0,48.0,48.0,48.0,45.10115,45.10115,45.10115
200809E,2008081212,45.0,40.0,35.0,30.0,45.0,45.0,45.0,43.612312,43.612312,43.612312
200809E,2008081215,43.0,38.0,33.0,28.0,43.0,43.0,43.0,34.81145,34.81145,34.81145
200809E,2008081218,40.0,35.0,30.0,25.0,40.0,40.0,40.0,30.193445,30.193445,30.193445
200809E,2008081221,38.0,33.0,30.0,25.0,38.0,38.0,38.0,26.654907,26.654907,26.654907
200809E,2008081300,35.0,30.0,30.0,25.0,35.0,35.0,35.0,28.189663,28.189663,28.189663
200809E,2008081303,33.0,30.0,28.0,25.0,33.0,33.0,33.0,29.490088,29.490088,29.490088
200809E,2008081306,30.0,30.0,25.0,25.0,30.0,30.0,30.0,44.906963,44.906963,44.906963
200809E,2008081309,30.0,28.0,25.0,25.0,30.0,30.0,30.0,27.974138,27.974138,27.974138
200809E,2008081312,30.0,25.0,25.0,25.0,30.0,30.0,30.0,23.781704,23.781704,23.781704
200809E,2008081315,28.0,25.0,25.0,25.0,28.0,28.0,28.0,21.78406,21.78406,21.78406
200809E,2008081318,25.0,25.0,25.0,25.0,25.0,25.0,25.0,21.202356,21.202356,21.202356
200809E,2008081321,25.0,25.0,25.0,25.0,25.0,25.0,25.0,21.499775,21.499775,21.499775
200809E,2008081400,25.0,25.0,25.0,25.0,25.0,25.0,25.0,22.33271,22.33271,22.33271
200809E,2008081403,25.0,25.0,25.0,25.0,25.0,25.0,25.0,24.518562,24.518562,24.518562
200809E,2008081406,25.0,25.0,25.0,25.0,25.0,25.0,25.0,26.723171,26.723171,26.723171
200809E,2008081409,25.0,25.0,25.0,25.0,25.0,25.0,25.0,23.390917,23.390917,23.390917
200809E,2008081412,25.0,25.0,25.0,25.0,25.0,25.0,25.0,22.090065,22.090065,22.090065
200809E,2008081415,25.0,25.0,25.0,25.0,25.0,25.0,25.0,23.610981,23.610981,23.610981
200809E,2008081418,25.0,25.0,25.0,25.0,25.0,25.0,25.0,21.175196,21.175196,21.175196
200809E,2008081421,25.0,25.0,25.0,23.0,25.0,25.0,25.0,23.788378,23.788378,23.788378
200809E,2008081500,25.0,25.0,25.0,20.0,25.0,25.0,25.0,25.110783,25.110783,25.110783
200809E,2008081503,25.0,25.0,25.0,20.0,25.0,25.0,25.0,24.865253,24.865253,24.865253
200809E,2008081506,25.0,25.0,25.0,20.0,25.0,25.0,25.0,33.684948,33.684948,33.684948
200809E,2008081509,25.0,25.0,23.0,20.0,25.0,25.0,25.0,24.021782,24.021782,24.021782
200809E,2008081512,25.0,25.0,20.0,20.0,25.0,25.0,25.0,22.45503,22.45503,22.45503
200810W,2008080412,30.0,30.0,35.0,45.0,30.0,30.0,30.0,33.33484,33.33484,33.33484
200810W,2008080415,30.0,33.0,38.0,45.0,30.0,30.0,30.0,35.6914,35.6914,35.6914
200810W,2008080418,30.0,35.0,40.0,45.0,30.0,30.0,30.0,33.757698,33.757698,33.757698
200810W,2008080421,33.0,38.0,43.0,45.0,33.0,33.0,33.0,47.54223,47.54223,47.54223
200810W,2008080500,35.0,40.0,45.0,45.0,35.0,35.0,35.0,47.826523,47.826523,47.826523
200810W,2008080503,38.0,43.0,45.0,48.0,38.0,38.0,38.0,42.591694,42.591694,42.591694
200810W,2008080506,40.0,45.0,45.0,50.0,40.0,40.0,40.0,45.201344,45.201344,45.201344
200810W,2008080509,43.0,45.0,45.0,48.0,43.0,43.0,43.0,37.74379,37.74379,37.74379
200810W,2008080512,45.0,45.0,45.0,45.0,45.0,45.0,45.0,35.11034,35.11034,35.11034
200810W,2008080515,45.0,45.0,48.0,43.0,45.0,45.0,45.0,46.282272,46.282272,46.282272
200810W,2008080518,45.0,45.0,50.0,40.0,45.0,45.0,45.0,53.8102,53.8102,53.8102
200810W,2008080521,45.0,48.0,48.0,38.0,45.0,45.0,45.0,43.83563,43.83563,43.83563
200810W,2008080600,45.0,50.0,45.0,35.0,45.0,45.0,45.0,56.894093,56.894093,56.894093
200810W,2008080603,48.0,48.0,43.0,33.0,48.0,48.0,48.0,55.17046,55.17046,55.17046
200810W,2008080606,50.0,45.0,40.0,30.0,50.0,50.0,50.0,65.540215,65.540215,65.540215
200810W,2008080609,48.0,43.0,38.0,28.0,48.0,48.0,48.0,40.12584,40.12584,40.12584
200810W,2008080612,45.0,40.0,35.0,25.0,45.0,45.0,45.0,31.053326,31.053326,31.053326
200810W,2008080615,43.0,38.0,33.0,23.0,43.0,43.0,43.0,30.246477,30.246477,30.246477
200810W,2008080618,40.0,35.0,30.0,20.0,40.0,40.0,40.0,37.391865,37.391865,37.391865
200811E,2008082400,40.0,40.0,45.0,40.0,40.0,40.0,40.0,33.74705,33.74705,33.74705
200811E,2008082403,40.0,43.0,45.0,38.0,40.0,40.0,40.0,34.226936,34.226936,34.226936
200811E,2008082406,40.0,45.0,45.0,35.0,40.0,40.0,40.0,37.490265,37.490265,37.490265
200811E,2008082409,43.0,45.0,43.0,35.0,43.0,43.0,43.0,39.607426,39.607426,39.607426
200811E,2008082412,45.0,45.0,40.0,35.0,45.0,45.0,45.0,35.452126,35.452126,35.452126
200811E,2008082415,45.0,43.0,38.0,35.0,45.0,45.0,45.0,33.68604,33.68604,33.68604
200811E,2008082418,45.0,40.0,35.0,35.0,45.0,45.0,45.0,33.569347,33.569347,33.569347
200811E,2008082421,43.0,38.0,35.0,33.0,43.0,43.0,43.0,29.966125,29.966125,29.966125
200811E,2008082500,40.0,35.0,35.0,30.0,40.0,40.0,40.0,26.74853,26.74853,26.74853
200811E,2008082503,38.0,35.0,35.0,30.0,38.0,38.0,38.0,42.67868,42.67868,42.67868
200811E,2008082506,35.0,35.0,35.0,30.0,35.0,35.0,35.0,38.897808,38.897808,38.897808
200811E,2008082509,35.0,35.0,33.0,28.0,35.0,35.0,35.0,35.429245,35.429245,35.429245
200811E,2008082512,35.0,35.0,30.0,25.0,35.0,35.0,35.0,51.814877,51.814877,51.814877
200811E,2008082515,35.0,33.0,30.0,25.0,35.0,35.0,35.0,49.244267,49.244267,49.244267
200811E,2008082518,35.0,30.0,30.0,25.0,35.0,35.0,35.0,45.839046,45.839046,45.839046
200811E,2008082521,33.0,30.0,28.0,25.0,33.0,33.0,33.0,40.74626,40.74626,40.74626
200811E,2008082600,30.0,30.0,25.0,25.0,30.0,30.0,30.0,29.24713,29.24713,29.24713
200811E,2008082603,30.0,28.0,25.0,23.0,30.0,30.0,30.0,34.539825,34.539825,34.539825
200811E,2008082606,30.0,25.0,25.0,20.0,30.0,30.0,30.0,32.953526,32.953526,32.953526
200811S,2008010818,25.0,25.0,25.0,30.0,25.0,25.0,25.0,28.64796,28.64796,28.64796
200811S,2008010821,25.0,25.0,28.0,33.0,25.0,25.0,25.0,25.921482,25.921482,25.921482
200811S,2008010900,25.0,25.0,30.0,35.0,25.0,25.0,25.0,29.2766,29.2766,29.2766
200811S,2008010903,25.0,28.0,30.0,40.0,25.0,25.0,25.0,27.185099,27.185099,27.185099
200811S,2008010906,25.0,30.0,30.0,45.0,25.0,25.0,25.0,25.87719,25.87719,25.87719
200811S,2008010909,28.0,30.0,33.0,48.0,28.0,28.0,28.0,28.618052,28.618052,28.618052
200811S,2008010912,30.0,30.0,35.0,50.0,30.0,30.0,30.0,37.286243,37.286243,37.286243
200811S,2008010915,30.0,33.0,40.0,50.0,30.0,30.0,30.0,41.21917,41.21917,41.21917
200811S,2008010918,30.0,35.0,45.0,50.0,30.0,30.0,30.0,42.773678,42.773678,42.773678
200811S,2008010921,33.0,40.0,48.0,48.0,33.0,33.0,33.0,38.51653,38.51653,38.51653
200811S,2008011000,35.0,45.0,50.0,45.0,35.0,35.0,35.0,31.432135,31.432135,31.432135
200811S,2008011003,40.0,48.0,50.0,40.0,40.0,40.0,40.0,31.202372,31.202372,31.202372
200811S,2008011006,45.0,50.0,50.0,35.0,45.0,45.0,45.0,34.627434,34.627434,34.627434
200811S,2008011009,48.0,50.0,48.0,30.0,48.0,48.0,48.0,43.166805,43.166805,43.166805
200811S,2008011012,50.0,50.0,45.0,25.0,50.0,50.0,50.0,57.151142,57.151142,57.151142
200811S,2008011015,50.0,48.0,40.0,25.0,50.0,50.0,50.0,43.56783,43.56783,43.56783
200811S,2008011018,50.0,45.0,35.0,25.0,50.0,50.0,50.0,38.7696,38.7696,38.7696
200815S,2008012618,30.0,30.0,30.0,35.0,30.0,30.0,30.0,31.144497,31.144497,31.144497
200815S,2008012621,30.0,30.0,30.0,38.0,30.0,30.0,30.0,31.722927,31.722927,31.722927
200815S,2008012700,30.0,30.0,30.0,40.0,30.0,30.0,30.0,28.983093,28.983093,28.983093
200815S,2008012703,30.0,30.0,33.0,43.0,30.0,30.0,30.0,41.524788,41.524788,41.524788
200815S,2008012706,30.0,30.0,35.0,45.0,30.0,30.0,30.0,40.46675,40.46675,40.46675
200815S,2008012709,30.0,33.0,38.0,45.0,30.0,30.0,30.0,34.06582,34.06582,34.06582
200815S,2008012712,30.0,35.0,40.0,45.0,30.0,30.0,30.0,34.068314,34.068314,34.068314
200815S,2008012715,33.0,38.0,43.0,45.0,33.0,33.0,33.0,37.05987,37.05987,37.05987
200815S,2008012718,35.0,40.0,45.0,45.0,35.0,35.0,35.0,43.326515,43.326515,43.326515
200815S,2008012721,38.0,43.0,45.0,45.0,38.0,38.0,38.0,32.120174,32.120174,32.120174
200815S,2008012800,40.0,45.0,45.0,45.0,40.0,40.0,40.0,36.47005,36.47005,36.47005
200815S,2008012803,43.0,45.0,45.0,45.0,43.0,43.0,43.0,38.316784,38.316784,38.316784
200815S,2008012806,45.0,45.0,45.0,45.0,45.0,45.0,45.0,36.691776,36.691776,36.691776
200815S,2008012809,45.0,45.0,45.0,48.0,45.0,45.0,45.0,42.891693,42.891693,42.891693
200815S,2008012812,45.0,45.0,45.0,50.0,45.0,45.0,45.0,34.65416,34.65416,34.65416
200815S,2008012815,45.0,45.0,45.0,53.0,45.0,45.0,45.0,35.50181,35.50181,35.50181
200815S,2008012818,45.0,45.0,45.0,55.0,45.0,45.0,45.0,42.427876,42.427876,42.427876
200815S,2008012821,45.0,45.0,48.0,58.0,45.0,45.0,45.0,42.48894,42.48894,42.48894
200815S,2008012900,45.0,45.0,50.0,60.0,45.0,45.0,45.0,47.334496,47.334496,47.334496
200815S,2008012903,45.0,48.0,53.0,63.0,45.0,45.0,45.0,47.766663,47.766663,47.766663
200815S,2008012906,45.0,50.0,55.0,65.0,45.0,45.0,45.0,50.50701,50.50701,50.50701
200815S,2008012909,48.0,53.0,58.0,70.0,48.0,48.0,48.0,52.114277,52.114277,52.114277
200815S,2008012912,50.0,55.0,60.0,75.0,50.0,50.0,50.0,51.395134,51.395134,51.395134
200815S,2008012915,53.0,58.0,63.0,80.0,53.0,53.0,53.0,40.92148,40.92148,40.92148
200815S,2008012918,55.0,60.0,65.0,85.0,55.0,55.0,55.0,36.779205,36.779205,36.779205
200815S,2008012921,58.0,63.0,70.0,88.0,58.0,58.0,58.0,50.060818,50.060818,50.060818
200815S,2008013000,60.0,65.0,75.0,90.0,60.0,60.0,60.0,42.83292,42.83292,42.83292
200815S,2008013003,63.0,70.0,80.0,90.0,63.0,63.0,63.0,57.732883,57.732883,57.732883
200815S,2008013006,65.0,75.0,85.0,90.0,65.0,65.0,65.0,52.522003,52.522003,52.522003
200815S,2008013009,70.0,80.0,88.0,93.0,70.0,70.0,70.0,46.95932,46.95932,46.95932
200815S,2008013012,75.0,85.0,90.0,95.0,75.0,75.0,75.0,43.3675,43.3675,43.3675
200815S,2008013015,80.0,88.0,90.0,98.0,80.0,80.0,80.0,44.53505,44.53505,44.53505
200815S,2008013018,85.0,90.0,90.0,100.0,85.0,85.0,85.0,50.382008,50.382008,50.382008
200815S,2008013021,88.0,90.0,93.0,100.0,88.0,88.0,88.0,44.445663,44.445663,44.445663
200815S,2008013100,90.0,90.0,95.0,100.0,90.0,90.0,90.0,49.97656,49.97656,49.97656
200815S,2008013103,90.0,93.0,98.0,95.0,90.0,90.0,90.0,46.611423,46.611423,46.611423
200815S,2008013106,90.0,95.0,100.0,90.0,90.0,90.0,90.0,52.32799,52.32799,52.32799
200815S,2008013109,93.0,98.0,100.0,90.0,93.0,93.0,93.0,77.103325,77.103325,77.103325
200815S,2008013112,95.0,100.0,100.0,90.0,95.0,95.0,95.0,66.96238,66.96238,66.96238
200815S,2008013115,98.0,100.0,95.0,85.0,98.0,98.0,98.0,50.2705,50.2705,50.2705
200815S,2008013118,100.0,100.0,90.0,80.0,100.0,100.0,100.0,52.521893,52.521893,52.521893
200815S,2008013121,100.0,95.0,90.0,78.0,100.0,100.0,100.0,90.51338,90.51338,90.51338
200815S,2008020100,100.0,90.0,90.0,75.0,100.0,100.0,100.0,56.97473,56.97473,56.97473
200815S,2008020103,95.0,90.0,85.0,73.0,95.0,95.0,95.0,44.450855,44.450855,44.450855
200815S,2008020106,90.0,90.0,80.0,70.0,90.0,90.0,90.0,50.156864,50.156864,50.156864
200815S,2008020109,90.0,85.0,78.0,68.0,90.0,90.0,90.0,48.05411,48.05411,48.05411
200815S,2008020112,90.0,80.0,75.0,65.0,90.0,90.0,90.0,47.753307,47.753307,47.753307
200815S,2008020115,85.0,78.0,73.0,65.0,85.0,85.0,85.0,52.420807,52.420807,52.420807
200815S,2008020118,80.0,75.0,70.0,65.0,80.0,80.0,80.0,46.507618,46.507618,46.507618
200815S,2008020121,78.0,73.0,68.0,63.0,78.0,78.0,78.0,63.008625,63.008625,63.008625
200815S,2008020200,75.0,70.0,65.0,60.0,75.0,75.0,75.0,55.759457,55.759457,55.759457
200815S,2008020203,73.0,68.0,65.0,58.0,73.0,73.0,73.0,49.465168,49.465168,49.465168
200815S,2008020206,70.0,65.0,65.0,55.0,70.0,70.0,70.0,63.21981,63.21981,63.21981
200815S,2008020209,68.0,65.0,63.0,55.0,68.0,68.0,68.0,50.29074,50.29074,50.29074
200815S,2008020212,65.0,65.0,60.0,55.0,65.0,65.0,65.0,56.64426,56.64426,56.64426
200815S,2008020215,65.0,63.0,58.0,55.0,65.0,65.0,65.0,48.226055,48.226055,48.226055
200815S,2008020218,65.0,60.0,55.0,55.0,65.0,65.0,65.0,48.264137,48.264137,48.264137
200815S,2008020221,63.0,58.0,55.0,55.0,63.0,63.0,63.0,50.81909,50.81909,50.81909
200815S,2008020300,60.0,55.0,55.0,55.0,60.0,60.0,60.0,39.178303,39.178303,39.178303
200815S,2008020303,58.0,55.0,55.0,55.0,58.0,58.0,58.0,47.50915,47.50915,47.50915
200815S,2008020306,55.0,55.0,55.0,55.0,55.0,55.0,55.0,48.354416,48.354416,48.354416
200815S,2008020309,55.0,55.0,55.0,53.0,55.0,55.0,55.0,53.341274,53.341274,53.341274
200815S,2008020312,55.0,55.0,55.0,50.0,55.0,55.0,55.0,49.933205,49.933205,49.933205
200815S,2008020315,55.0,55.0,55.0,48.0,55.0,55.0,55.0,52.024403,52.024403,52.024403
200815S,2008020318,55.0,55.0,55.0,45.0,55.0,55.0,55.0,49.938206,49.938206,49.938206
200815S,2008020321,55.0,55.0,53.0,45.0,55.0,55.0,55.0,59.121803,59.121803,59.121803
200815S,2008020400,55.0,55.0,50.0,45.0,55.0,55.0,55.0,65.5229,65.5229,65.5229
200815S,2008020403,55.0,53.0,48.0,45.0,55.0,55.0,55.0,61.62677,61.62677,61.62677
200815S,2008020406,55.0,50.0,45.0,45.0,55.0,55.0,55.0,61.662502,61.662502,61.662502
200815S,2008020409,53.0,48.0,45.0,45.0,53.0,53.0,53.0,57.41173,57.41173,57.41173
200815S,2008020412,50.0,45.0,45.0,45.0,50.0,50.0,50.0,52.700626,52.700626,52.700626
200815S,2008020415,48.0,45.0,45.0,43.0,48.0,48.0,48.0,55.446484,55.446484,55.446484
200815S,2008020418,45.0,45.0,45.0,40.0,45.0,45.0,45.0,53.298004,53.298004,53.298004
200815S,2008020421,45.0,45.0,45.0,40.0,45.0,45.0,45.0,43.187634,43.187634,43.187634
200815S,2008020500,45.0,45.0,45.0,40.0,45.0,45.0,45.0,49.400345,49.400345,49.400345
200815S,2008020503,45.0,45.0,43.0,40.0,45.0,45.0,45.0,54.707985,54.707985,54.707985
200815S,2008020506,45.0,45.0,40.0,40.0,45.0,45.0,45.0,47.322636,47.322636,47.322636
200815S,2008020509,45.0,43.0,40.0,35.0,45.0,45.0,45.0,40.71952,40.71952,40.71952
200815S,2008020512,45.0,40.0,40.0,30.0,45.0,45.0,45.0,38.79726,38.79726,38.79726
200815S,2008020515,43.0,40.0,40.0,30.0,43.0,43.0,43.0,43.744312,43.744312,43.744312
200815S,2008020518,40.0,40.0,40.0,30.0,40.0,40.0,40.0,46.260876,46.260876,46.260876
200819S,2008021112,25.0,25.0,25.0,30.0,25.0,25.0,25.0,22.797384,22.797384,22.797384
200819S,2008021115,25.0,25.0,28.0,33.0,25.0,25.0,25.0,20.848701,20.848701,20.848701
200819S,2008021118,25.0,25.0,30.0,35.0,25.0,25.0,25.0,23.16488,23.16488,23.16488
200819S,2008021121,25.0,28.0,30.0,38.0,25.0,25.0,25.0,21.922852,21.922852,21.922852
200819S,2008021200,25.0,30.0,30.0,40.0,25.0,25.0,25.0,20.775688,20.775688,20.775688
200819S,2008021203,28.0,30.0,33.0,40.0,28.0,28.0,28.0,23.541817,23.541817,23.541817
200819S,2008021206,30.0,30.0,35.0,40.0,30.0,30.0,30.0,28.459724,28.459724,28.459724
200819S,2008021209,30.0,33.0,38.0,43.0,30.0,30.0,30.0,31.452885,31.452885,31.452885
200819S,2008021212,30.0,35.0,40.0,45.0,30.0,30.0,30.0,24.279312,24.279312,24.279312
200819S,2008021215,33.0,38.0,40.0,45.0,33.0,33.0,33.0,24.600784,24.600784,24.600784
200819S,2008021218,35.0,40.0,40.0,45.0,35.0,35.0,35.0,26.91792,26.91792,26.91792
200819S,2008021221,38.0,40.0,43.0,48.0,38.0,38.0,38.0,28.302893,28.302893,28.302893
200819S,2008021300,40.0,40.0,45.0,50.0,40.0,40.0,40.0,27.887264,27.887264,27.887264
200819S,2008021303,40.0,43.0,45.0,55.0,40.0,40.0,40.0,30.238941,30.238941,30.238941
200819S,2008021306,40.0,45.0,45.0,60.0,40.0,40.0,40.0,24.950657,24.950657,24.950657
200819S,2008021309,43.0,45.0,48.0,63.0,43.0,43.0,43.0,20.88128,20.88128,20.88128
200819S,2008021312,45.0,45.0,50.0,65.0,45.0,45.0,45.0,22.011076,22.011076,22.011076
200819S,2008021315,45.0,48.0,55.0,65.0,45.0,45.0,45.0,29.199566,29.199566,29.199566
200819S,2008021318,45.0,50.0,60.0,65.0,45.0,45.0,45.0,27.30729,27.30729,27.30729
200819S,2008021321,48.0,55.0,63.0,65.0,48.0,48.0,48.0,31.070654,31.070654,31.070654
200819S,2008021400,50.0,60.0,65.0,65.0,50.0,50.0,50.0,32.409073,32.409073,32.409073
200819S,2008021403,55.0,63.0,65.0,65.0,55.0,55.0,55.0,34.960197,34.960197,34.960197
200819S,2008021406,60.0,65.0,65.0,65.0,60.0,60.0,60.0,39.52349,39.52349,39.52349
200819S,2008021409,63.0,65.0,65.0,68.0,63.0,63.0,63.0,42.26765,42.26765,42.26765
200819S,2008021412,65.0,65.0,65.0,70.0,65.0,65.0,65.0,33.02598,33.02598,33.02598
200819S,2008021415,65.0,65.0,65.0,73.0,65.0,65.0,65.0,31.65385,31.65385,31.65385
200819S,2008021418,65.0,65.0,65.0,75.0,65.0,65.0,65.0,30.738409,30.738409,30.738409
200819S,2008021421,65.0,65.0,68.0,75.0,65.0,65.0,65.0,42.38536,42.38536,42.38536
200819S,2008021500,65.0,65.0,70.0,75.0,65.0,65.0,65.0,46.96551,46.96551,46.96551
200819S,2008021503,65.0,68.0,73.0,78.0,65.0,65.0,65.0,41.72258,41.72258,41.72258
200819S,2008021506,65.0,70.0,75.0,80.0,65.0,65.0,65.0,52.862213,52.862213,52.862213
200819S,2008021509,68.0,73.0,75.0,80.0,68.0,68.0,68.0,49.86456,49.86456,49.86456
200819S,2008021512,70.0,75.0,75.0,80.0,70.0,70.0,70.0,56.579082,56.579082,56.579082
200819S,2008021515,73.0,75.0,78.0,78.0,73.0,73.0,73.0,62.117947,62.117947,62.117947
200819S,2008021518,75.0,75.0,80.0,75.0,75.0,75.0,75.0,53.68631,53.68631,53.68631
200819S,2008021521,75.0,78.0,80.0,75.0,75.0,75.0,75.0,50.074955,50.074955,50.074955
200819S,2008021600,75.0,80.0,80.0,75.0,75.0,75.0,75.0,56.623627,56.623627,56.623627
200819S,2008021603,78.0,80.0,78.0,73.0,78.0,78.0,78.0,53.34666,53.34666,53.34666
200819S,2008021606,80.0,80.0,75.0,70.0,80.0,80.0,80.0,60.75444,60.75444,60.75444
200819S,2008021609,80.0,78.0,75.0,70.0,80.0,80.0,80.0,67.961945,67.961945,67.961945
200819S,2008021612,80.0,75.0,75.0,70.0,80.0,80.0,80.0,44.790688,44.790688,44.790688
200819S,2008021615,78.0,75.0,73.0,70.0,78.0,78.0,78.0,64.10959,64.10959,64.10959
200819S,2008021618,75.0,75.0,70.0,70.0,75.0,75.0,75.0,63.2295,63.2295,63.2295
200819S,2008021621,75.0,73.0,70.0,70.0,75.0,75.0,75.0,56.75044,56.75044,56.75044
200819S,2008021700,75.0,70.0,70.0,70.0,75.0,75.0,75.0,57.62379,57.62379,57.62379
200819S,2008021703,73.0,70.0,70.0,73.0,73.0,73.0,73.0,54.943996,54.943996,54.943996
200819S,2008021706,70.0,70.0,70.0,75.0,70.0,70.0,70.0,48.323914,48.323914,48.323914
200819S,2008021709,70.0,70.0,70.0,73.0,70.0,70.0,70.0,56.317905,56.317905,56.317905
200819S,2008021712,70.0,70.0,70.0,70.0,70.0,70.0,70.0,52.964165,52.964165,52.964165
200819S,2008021715,70.0,70.0,73.0,68.0,70.0,70.0,70.0,50.447933,50.447933,50.447933
200819S,2008021718,70.0,70.0,75.0,65.0,70.0,70.0,70.0,56.324764,56.324764,56.324764
200819S,2008021721,70.0,73.0,73.0,65.0,70.0,70.0,70.0,50.327457,50.327457,50.327457
200819S,2008021800,70.0,75.0,70.0,65.0,70.0,70.0,70.0,53.049503,53.049503,53.049503
200819S,2008021803,73.0,73.0,68.0,63.0,73.0,73.0,73.0,49.69263,49.69263,49.69263
200819S,2008021806,75.0,70.0,65.0,60.0,75.0,75.0,75.0,46.527195,46.527195,46.527195
200819S,2008021809,73.0,68.0,65.0,58.0,73.0,73.0,73.0,42.710716,42.710716,42.710716
200819S,2008021812,70.0,65.0,65.0,55.0,70.0,70.0,70.0,48.13084,48.13084,48.13084
200819S,2008021815,68.0,65.0,63.0,53.0,68.0,68.0,68.0,46.236713,46.236713,46.236713
200819S,2008021818,65.0,65.0,60.0,50.0,65.0,65.0,65.0,45.613926,45.613926,45.613926
200819S,2008021821,65.0,63.0,58.0,45.0,65.0,65.0,65.0,43.25034,43.25034,43.25034
200819S,2008021900,65.0,60.0,55.0,40.0,65.0,65.0,65.0,52.740864,52.740864,52.740864
200819S,2008021903,63.0,58.0,53.0,38.0,63.0,63.0,63.0,41.21446,41.21446,41.21446
200819S,2008021906,60.0,55.0,50.0,35.0,60.0,60.0,60.0,45.88606,45.88606,45.88606
200819S,2008021909,58.0,53.0,45.0,33.0,58.0,58.0,58.0,38.090984,38.090984,38.090984
200819S,2008021912,55.0,50.0,40.0,30.0,55.0,55.0,55.0,39.36176,39.36176,39.36176
200819S,2008021915,53.0,45.0,38.0,28.0,53.0,53.0,53.0,43.409184,43.409184,43.409184
200819S,2008021918,50.0,40.0,35.0,25.0,50.0,50.0,50.0,47.822266,47.822266,47.822266
200819W,2008092406,45.0,50.0,50.0,65.0,45.0,45.0,45.0,44.60838,44.60838,44.60838
200819W,2008092409,48.0,50.0,53.0,68.0,48.0,48.0,48.0,47.46307,47.46307,47.46307
200819W,2008092412,50.0,50.0,55.0,70.0,50.0,50.0,50.0,30.490429,30.490429,30.490429
200819W,2008092415,50.0,53.0,60.0,75.0,50.0,50.0,50.0,31.260403,31.260403,31.260403
200819W,2008092418,50.0,55.0,65.0,80.0,50.0,50.0,50.0,38.08549,38.08549,38.08549
200819W,2008092421,53.0,60.0,68.0,85.0,53.0,53.0,53.0,38.556965,38.556965,38.556965
200819W,2008092500,55.0,65.0,70.0,90.0,55.0,55.0,55.0,36.41026,36.41026,36.41026
200819W,2008092503,60.0,68.0,75.0,93.0,60.0,60.0,60.0,53.392097,53.392097,53.392097
200819W,2008092506,65.0,70.0,80.0,95.0,65.0,65.0,65.0,53.474277,53.474277,53.474277
200819W,2008092509,68.0,75.0,85.0,100.0,68.0,68.0,68.0,44.40872,44.40872,44.40872
200819W,2008092512,70.0,80.0,90.0,105.0,70.0,70.0,70.0,58.828735,58.828735,58.828735
200819W,2008092515,75.0,85.0,93.0,113.0,75.0,75.0,75.0,64.94058,64.94058,64.94058
200819W,2008092518,80.0,90.0,95.0,120.0,80.0,80.0,80.0,45.734234,45.734234,45.734234
200819W,2008092521,85.0,93.0,100.0,128.0,85.0,85.0,85.0,82.100716,82.100716,82.100716
200819W,2008092600,90.0,95.0,105.0,135.0,90.0,90.0,90.0,85.56236,85.56236,85.56236
200819W,2008092603,93.0,100.0,113.0,138.0,93.0,93.0,93.0,65.70814,65.70814,65.70814
200819W,2008092606,95.0,105.0,120.0,140.0,95.0,95.0,95.0,97.07815,97.07815,97.07815
200819W,2008092609,100.0,113.0,128.0,140.0,100.0,100.0,100.0,81.49378,81.49378,81.49378
200819W,2008092612,105.0,120.0,135.0,140.0,105.0,105.0,105.0,104.255455,104.255455,104.255455
200819W,2008092615,113.0,128.0,138.0,138.0,113.0,113.0,113.0,94.32593,94.32593,94.32593
200819W,2008092618,120.0,135.0,140.0,135.0,120.0,120.0,120.0,110.59252,110.59252,110.59252
200819W,2008092621,128.0,138.0,140.0,133.0,128.0,128.0,128.0,94.450165,94.450165,94.450165
200819W,2008092700,135.0,140.0,140.0,130.0,135.0,135.0,135.0,123.61429,123.61429,123.61429
200819W,2008092703,138.0,140.0,138.0,123.0,138.0,138.0,138.0,134.69609,134.69609,134.69609
200819W,2008092706,140.0,140.0,135.0,115.0,140.0,140.0,140.0,135.98814,135.98814,135.98814
200819W,2008092709,140.0,138.0,133.0,100.0,140.0,140.0,140.0,130.1404,130.1404,130.1404
200819W,2008092712,140.0,135.0,130.0,85.0,140.0,140.0,140.0,127.72636,127.72636,127.72636
200819W,2008092715,138.0,133.0,123.0,80.0,138.0,138.0,138.0,139.4991,139.4991,139.4991
200819W,2008092718,135.0,130.0,115.0,75.0,135.0,135.0,135.0,134.99428,134.99428,134.99428
200819W,2008092721,133.0,123.0,100.0,68.0,133.0,133.0,133.0,109.930626,109.930626,109.930626
200819W,2008092800,130.0,115.0,85.0,60.0,130.0,130.0,130.0,115.77174,115.77174,115.77174
200819W,2008092803,123.0,100.0,80.0,58.0,123.0,123.0,123.0,117.81953,117.81953,117.81953
200819W,2008092806,115.0,85.0,75.0,55.0,115.0,115.0,115.0,110.49518,110.49518,110.49518
200819W,2008092809,100.0,80.0,68.0,53.0,100.0,100.0,100.0,94.61858,94.61858,94.61858
200819W,2008092812,85.0,75.0,60.0,50.0,85.0,85.0,85.0,86.593376,86.593376,86.593376
200819W,2008092815,80.0,68.0,58.0,48.0,80.0,80.0,80.0,57.348637,57.348637,57.348637
200819W,2008092818,75.0,60.0,55.0,45.0,75.0,75.0,75.0,55.9471,55.9471,55.9471
200819W,2008092821,68.0,58.0,53.0,45.0,68.0,68.0,68.0,49.000343,49.000343,49.000343
200819W,2008092900,60.0,55.0,50.0,45.0,60.0,60.0,60.0,45.979725,45.979725,45.979725
200819W,2008092903,58.0,53.0,48.0,43.0,58.0,58.0,58.0,46.721233,46.721233,46.721233
200819W,2008092906,55.0,50.0,45.0,40.0,55.0,55.0,55.0,37.618015,37.618015,37.618015
200819W,2008092909,53.0,48.0,45.0,40.0,53.0,53.0,53.0,34.395985,34.395985,34.395985
200819W,2008092912,50.0,45.0,45.0,40.0,50.0,50.0,50.0,42.81015,42.81015,42.81015
200819W,2008092915,48.0,45.0,43.0,38.0,48.0,48.0,48.0,36.920395,36.920395,36.920395
200819W,2008092918,45.0,45.0,40.0,35.0,45.0,45.0,45.0,35.956017,35.956017,35.956017
200819W,2008092921,45.0,43.0,40.0,35.0,45.0,45.0,45.0,35.095715,35.095715,35.095715
200819W,2008093000,45.0,40.0,40.0,35.0,45.0,45.0,45.0,34.512146,34.512146,34.512146
200821W,2008092812,20.0,20.0,20.0,35.0,20.0,20.0,20.0,30.648762,30.648762,30.648762
200821W,2008092815,20.0,20.0,25.0,38.0,20.0,20.0,20.0,46.330864,46.330864,46.330864
200821W,2008092818,20.0,20.0,30.0,40.0,20.0,20.0,20.0,33.81725,33.81725,33.81725
200821W,2008092821,20.0,25.0,33.0,40.0,20.0,20.0,20.0,35.371685,35.371685,35.371685
200821W,2008092900,20.0,30.0,35.0,40.0,20.0,20.0,20.0,33.64271,33.64271,33.64271
200821W,2008092903,25.0,33.0,38.0,40.0,25.0,25.0,25.0,45.161633,45.161633,45.161633
200821W,2008092906,30.0,35.0,40.0,40.0,30.0,30.0,30.0,35.556133,35.556133,35.556133
200821W,2008092909,33.0,38.0,40.0,40.0,33.0,33.0,33.0,41.0503,41.0503,41.0503
200821W,2008092912,35.0,40.0,40.0,40.0,35.0,35.0,35.0,32.41141,32.41141,32.41141
200821W,2008092915,38.0,40.0,40.0,38.0,38.0,38.0,38.0,29.866253,29.866253,29.866253
200821W,2008092918,40.0,40.0,40.0,35.0,40.0,40.0,40.0,29.892067,29.892067,29.892067
200821W,2008092921,40.0,40.0,40.0,35.0,40.0,40.0,40.0,43.843025,43.843025,43.843025
200821W,2008093000,40.0,40.0,40.0,35.0,40.0,40.0,40.0,31.49439,31.49439,31.49439
200821W,2008093003,40.0,40.0,38.0,33.0,40.0,40.0,40.0,30.524393,30.524393,30.524393
200821W,2008093006,40.0,40.0,35.0,30.0,40.0,40.0,40.0,24.135601,24.135601,24.135601
200821W,2008093009,40.0,38.0,35.0,30.0,40.0,40.0,40.0,28.019531,28.019531,28.019531
200821W,2008093012,40.0,35.0,35.0,30.0,40.0,40.0,40.0,26.88693,26.88693,26.88693
200821W,2008093015,38.0,35.0,33.0,30.0,38.0,38.0,38.0,28.38649,28.38649,28.38649
200821W,2008093018,35.0,35.0,30.0,30.0,35.0,35.0,35.0,25.221754,25.221754,25.221754
200821W,2008093021,35.0,33.0,30.0,30.0,35.0,35.0,35.0,45.462696,45.462696,45.462696
200821W,2008100100,35.0,30.0,30.0,30.0,35.0,35.0,35.0,33.44023,33.44023,33.44023
200821W,2008100103,33.0,30.0,30.0,30.0,33.0,33.0,33.0,28.692123,28.692123,28.692123
200821W,2008100106,30.0,30.0,30.0,30.0,30.0,30.0,30.0,31.01472,31.01472,31.01472
200821W,2008100109,30.0,30.0,30.0,30.0,30.0,30.0,30.0,28.352404,28.352404,28.352404
200821W,2008100112,30.0,30.0,30.0,30.0,30.0,30.0,30.0,27.53308,27.53308,27.53308
200821W,2008100115,30.0,30.0,30.0,30.0,30.0,30.0,30.0,29.345116,29.345116,29.345116
200821W,2008100118,30.0,30.0,30.0,30.0,30.0,30.0,30.0,27.162973,27.162973,27.162973
200821W,2008100121,30.0,30.0,30.0,30.0,30.0,30.0,30.0,39.229965,39.229965,39.229965
200821W,2008100200,30.0,30.0,30.0,30.0,30.0,30.0,30.0,38.01273,38.01273,38.01273
200821W,2008100203,30.0,30.0,30.0,30.0,30.0,30.0,30.0,38.98099,38.98099,38.98099
200821W,2008100206,30.0,30.0,30.0,30.0,30.0,30.0,30.0,31.62796,31.62796,31.62796
200821W,2008100209,30.0,30.0,30.0,28.0,30.0,30.0,30.0,24.127012,24.127012,24.127012
200821W,2008100212,30.0,30.0,30.0,25.0,30.0,30.0,30.0,29.911848,29.911848,29.911848
200821W,2008100215,30.0,30.0,30.0,25.0,30.0,30.0,30.0,30.374378,30.374378,30.374378
200821W,2008100218,30.0,30.0,30.0,25.0,30.0,30.0,30.0,31.86146,31.86146,31.86146
200821W,2008100221,30.0,30.0,28.0,25.0,30.0,30.0,30.0,37.70684,37.70684,37.70684
200821W,2008100300,30.0,30.0,25.0,25.0,30.0,30.0,30.0,26.875484,26.875484,26.875484
200821W,2008100303,30.0,28.0,25.0,25.0,30.0,30.0,30.0,28.780952,28.780952,28.780952
200821W,2008100306,30.0,25.0,25.0,25.0,30.0,30.0,30.0,30.76505,30.76505,30.76505
200821W,2008100309,28.0,25.0,25.0,25.0,28.0,28.0,28.0,33.771175,33.771175,33.771175
200821W,2008100312,25.0,25.0,25.0,25.0,25.0,25.0,25.0,31.744854,31.744854,31.744854
200821W,2008100315,25.0,25.0,25.0,23.0,25.0,25.0,25.0,30.189228,30.189228,30.189228
200821W,2008100318,25.0,25.0,25.0,20.0,25.0,25.0,25.0,27.755085,27.755085,27.755085
200821W,2008100321,25.0,25.0,25.0,20.0,25.0,25.0,25.0,28.125036,28.125036,28.125036
200821W,2008100400,25.0,25.0,25.0,20.0,25.0,25.0,25.0,29.162674,29.162674,29.162674
200821W,2008100403,25.0,25.0,23.0,20.0,25.0,25.0,25.0,30.930458,30.930458,30.930458
200821W,2008100406,25.0,25.0,20.0,20.0,25.0,25.0,25.0,34.05312,34.05312,34.05312
200821W,2008100409,25.0,23.0,20.0,20.0,25.0,25.0,25.0,33.363567,33.363567,33.363567
200821W,2008100412,25.0,20.0,20.0,20.0,25.0,25.0,25.0,44.222683,44.222683,44.222683
200821W,2008100415,23.0,20.0,20.0,20.0,23.0,23.0,23.0,32.213455,32.213455,32.213455
200821W,2008100418,20.0,20.0,20.0,20.0,20.0,20.0,20.0,37.74158,37.74158,37.74158
200821W,2008100421,20.0,20.0,20.0,20.0,20.0,20.0,20.0,31.819153,31.819153,31.819153
200821W,2008100500,20.0,20.0,20.0,20.0,20.0,20.0,20.0,36.49593,36.49593,36.49593
200822W,2008101218,15.0,20.0,20.0,25.0,15.0,15.0,15.0,32.863373,32.863373,32.863373
200822W,2008101221,18.0,20.0,23.0,25.0,18.0,18.0,18.0,26.80615,26.80615,26.80615
200822W,2008101300,20.0,20.0,25.0,25.0,20.0,20.0,20.0,35.3744,35.3744,35.3744
200822W,2008101303,20.0,23.0,25.0,28.0,20.0,20.0,20.0,31.219557,31.219557,31.219557
200822W,2008101306,20.0,25.0,25.0,30.0,20.0,20.0,20.0,30.412172,30.412172,30.412172
200822W,2008101309,23.0,25.0,25.0,33.0,23.0,23.0,23.0,29.650951,29.650951,29.650951
200822W,2008101312,25.0,25.0,25.0,35.0,25.0,25.0,25.0,33.682735,33.682735,33.682735
200822W,2008101315,25.0,25.0,28.0,35.0,25.0,25.0,25.0,36.13946,36.13946,36.13946
200822W,2008101318,25.0,25.0,30.0,35.0,25.0,25.0,25.0,41.511295,41.511295,41.511295
200822W,2008101321,25.0,28.0,33.0,35.0,25.0,25.0,25.0,38.272396,38.272396,38.272396
200822W,2008101400,25.0,30.0,35.0,35.0,25.0,25.0,25.0,39.118008,39.118008,39.118008
200822W,2008101403,28.0,33.0,35.0,33.0,28.0,28.0,28.0,32.37963,32.37963,32.37963
200822W,2008101406,30.0,35.0,35.0,30.0,30.0,30.0,30.0,34.25644,34.25644,34.25644
200822W,2008101409,33.0,35.0,35.0,25.0,33.0,33.0,33.0,40.63423,40.63423,40.63423
200822W,2008101412,35.0,35.0,35.0,20.0,35.0,35.0,35.0,31.730522,31.730522,31.730522
200822W,2008101415,35.0,35.0,33.0,18.0,35.0,35.0,35.0,41.535263,41.535263,41.535263
200822W,2008101418,35.0,35.0,30.0,15.0,35.0,35.0,35.0,38.461864,38.461864,38.461864
200823W,2008101812,30.0,35.0,40.0,45.0,30.0,30.0,30.0,37.09941,37.09941,37.09941
200823W,2008101815,33.0,38.0,40.0,45.0,33.0,33.0,33.0,37.528683,37.528683,37.528683
200823W,2008101818,35.0,40.0,40.0,45.0,35.0,35.0,35.0,38.01518,38.01518,38.01518
200823W,2008101821,38.0,40.0,43.0,45.0,38.0,38.0,38.0,40.731148,40.731148,40.731148
200823W,2008101900,40.0,40.0,45.0,45.0,40.0,40.0,40.0,42.069225,42.069225,42.069225
200823W,2008101903,40.0,43.0,45.0,40.0,40.0,40.0,40.0,37.04664,37.04664,37.04664
200823W,2008101906,40.0,45.0,45.0,35.0,40.0,40.0,40.0,44.574654,44.574654,44.574654
200825S,2008032100,30.0,30.0,30.0,35.0,30.0,30.0,30.0,24.398365,24.398365,24.398365
200825S,2008032103,30.0,30.0,33.0,35.0,30.0,30.0,30.0,26.008379,26.008379,26.008379
200825S,2008032106,30.0,30.0,35.0,35.0,30.0,30.0,30.0,27.440563,27.440563,27.440563
200825S,2008032109,30.0,33.0,35.0,35.0,30.0,30.0,30.0,28.246426,28.246426,28.246426
200825S,2008032112,30.0,35.0,35.0,35.0,30.0,30.0,30.0,30.160624,30.160624,30.160624
200825S,2008032115,33.0,35.0,35.0,35.0,33.0,33.0,33.0,30.934704,30.934704,30.934704
200825S,2008032118,35.0,35.0,35.0,35.0,35.0,35.0,35.0,30.5989,30.5989,30.5989
200825S,2008032121,35.0,35.0,35.0,35.0,35.0,35.0,35.0,40.30614,40.30614,40.30614
200825S,2008032200,35.0,35.0,35.0,35.0,35.0,35.0,35.0,32.93778,32.93778,32.93778
200825S,2008032203,35.0,35.0,35.0,35.0,35.0,35.0,35.0,31.394093,31.394093,31.394093
200825S,2008032206,35.0,35.0,35.0,35.0,35.0,35.0,35.0,35.37592,35.37592,35.37592
200825S,2008032209,35.0,35.0,35.0,35.0,35.0,35.0,35.0,34.544857,34.544857,34.544857
200825S,2008032212,35.0,35.0,35.0,35.0,35.0,35.0,35.0,33.519867,33.519867,33.519867
200825S,2008032215,35.0,35.0,35.0,33.0,35.0,35.0,35.0,35.936153,35.936153,35.936153
200825S,2008032218,35.0,35.0,35.0,30.0,35.0,35.0,35.0,39.59246,39.59246,39.59246
200825S,2008032221,35.0,35.0,35.0,30.0,35.0,35.0,35.0,38.186687,38.186687,38.186687
200825S,2008032300,35.0,35.0,35.0,30.0,35.0,35.0,35.0,32.842007,32.842007,32.842007
200825S,2008032303,35.0,35.0,33.0,30.0,35.0,35.0,35.0,30.652931,30.652931,30.652931
200825S,2008032306,35.0,35.0,30.0,30.0,35.0,35.0,35.0,28.122519,28.122519,28.122519
200825S,2008032309,35.0,33.0,30.0,30.0,35.0,35.0,35.0,27.690825,27.690825,27.690825
200825S,2008032312,35.0,30.0,30.0,30.0,35.0,35.0,35.0,37.28294,37.28294,37.28294
200825S,2008032315,33.0,30.0,30.0,30.0,33.0,33.0,33.0,30.913862,30.913862,30.913862
200825S,2008032318,30.0,30.0,30.0,30.0,30.0,30.0,30.0,32.14211,32.14211,32.14211
200825S,2008032321,30.0,30.0,30.0,30.0,30.0,30.0,30.0,31.059753,31.059753,31.059753
200825S,2008032400,30.0,30.0,30.0,30.0,30.0,30.0,30.0,25.023275,25.023275,25.023275
200825S,2008032403,30.0,30.0,30.0,30.0,30.0,30.0,30.0,27.749178,27.749178,27.749178
200825S,2008032406,30.0,30.0,30.0,30.0,30.0,30.0,30.0,25.219728,25.219728,25.219728
200825S,2008032409,30.0,30.0,30.0,30.0,30.0,30.0,30.0,28.643574,28.643574,28.643574
200825S,2008032412,30.0,30.0,30.0,30.0,30.0,30.0,30.0,29.335371,29.335371,29.335371
200825S,2008032415,30.0,30.0,30.0,30.0,30.0,30.0,30.0,29.85148,29.85148,29.85148
200825S,2008032418,30.0,30.0,30.0,30.0,30.0,30.0,30.0,27.80904,27.80904,27.80904
200825S,2008032421,30.0,30.0,30.0,30.0,30.0,30.0,30.0,29.157637,29.157637,29.157637
200825S,2008032500,30.0,30.0,30.0,30.0,30.0,30.0,30.0,30.897713,30.897713,30.897713
200825S,2008032503,30.0,30.0,30.0,30.0,30.0,30.0,30.0,31.162075,31.162075,31.162075
200825S,2008032506,30.0,30.0,30.0,30.0,30.0,30.0,30.0,26.546211,26.546211,26.546211
200825S,2008032509,30.0,30.0,30.0,30.0,30.0,30.0,30.0,26.15912,26.15912,26.15912
200825S,2008032512,30.0,30.0,30.0,30.0,30.0,30.0,30.0,26.937317,26.937317,26.937317
200825S,2008032515,30.0,30.0,30.0,28.0,30.0,30.0,30.0,24.290514,24.290514,24.290514
200825S,2008032518,30.0,30.0,30.0,25.0,30.0,30.0,30.0,25.620638,25.620638,25.620638
200825S,2008032521,30.0,30.0,30.0,25.0,30.0,30.0,30.0,33.422787,33.422787,33.422787
200825S,2008032600,30.0,30.0,30.0,25.0,30.0,30.0,30.0,28.977077,28.977077,28.977077
200825S,2008032603,30.0,30.0,28.0,25.0,30.0,30.0,30.0,29.089428,29.089428,29.089428
200825S,2008032606,30.0,30.0,25.0,25.0,30.0,30.0,30.0,30.466564,30.466564,30.466564
200825S,2008032609,30.0,28.0,25.0,25.0,30.0,30.0,30.0,37.610996,37.610996,37.610996
200825S,2008032612,30.0,25.0,25.0,25.0,30.0,30.0,30.0,29.704206,29.704206,29.704206
200825S,2008032615,28.0,25.0,25.0,25.0,28.0,28.0,28.0,29.18148,29.18148,29.18148
200825S,2008032618,25.0,25.0,25.0,25.0,25.0,25.0,25.0,35.242466,35.242466,35.242466
200825S,2008032621,25.0,25.0,25.0,25.0,25.0,25.0,25.0,45.151627,45.151627,45.151627
200825S,2008032700,25.0,25.0,25.0,25.0,25.0,25.0,25.0,38.326633,38.326633,38.326633
200901I,2009041418,30.0,30.0,35.0,40.0,30.0,30.0,30.0,31.457354,31.457354,31.457354
200901I,2009041421,30.0,33.0,38.0,43.0,30.0,30.0,30.0,45.098244,45.098244,45.098244
200901I,2009041500,30.0,35.0,40.0,45.0,30.0,30.0,30.0,29.997465,29.997465,29.997465
200901I,2009041503,33.0,38.0,40.0,45.0,33.0,33.0,33.0,43.64634,43.64634,43.64634
200901I,2009041506,35.0,40.0,40.0,45.0,35.0,35.0,35.0,37.651684,37.651684,37.651684
200901I,2009041509,38.0,40.0,43.0,48.0,38.0,38.0,38.0,41.986794,41.986794,41.986794
200901I,2009041512,40.0,40.0,45.0,50.0,40.0,40.0,40.0,39.04524,39.04524,39.04524
200901I,2009041515,40.0,43.0,45.0,50.0,40.0,40.0,40.0,44.565365,44.565365,44.565365
200901I,2009041518,40.0,45.0,45.0,50.0,40.0,40.0,40.0,44.572773,44.572773,44.572773
200901I,2009041521,43.0,45.0,48.0,50.0,43.0,43.0,43.0,40.370667,40.370667,40.370667
200901I,2009041600,45.0,45.0,50.0,50.0,45.0,45.0,45.0,40.19606,40.19606,40.19606
200901I,2009041603,45.0,48.0,50.0,50.0,45.0,45.0,45.0,29.689388,29.689388,29.689388
200901I,2009041606,45.0,50.0,50.0,50.0,45.0,45.0,45.0,37.64259,37.64259,37.64259
200901I,2009041609,48.0,50.0,50.0,48.0,48.0,48.0,48.0,37.163296,37.163296,37.163296
200901I,2009041612,50.0,50.0,50.0,45.0,50.0,50.0,50.0,33.5761,33.5761,33.5761
200901I,2009041615,50.0,50.0,50.0,45.0,50.0,50.0,50.0,42.275932,42.275932,42.275932
200901I,2009041618,50.0,50.0,50.0,45.0,50.0,50.0,50.0,37.177917,37.177917,37.177917
200901I,2009041621,50.0,50.0,48.0,43.0,50.0,50.0,50.0,44.796604,44.796604,44.796604
200901I,2009041700,50.0,50.0,45.0,40.0,50.0,50.0,50.0,41.11835,41.11835,41.11835
200901S,2008101612,30.0,35.0,35.0,35.0,30.0,30.0,30.0,25.378347,25.378347,25.378347
200901S,2008101615,33.0,35.0,35.0,33.0,33.0,33.0,33.0,22.976793,22.976793,22.976793
200901S,2008101618,35.0,35.0,35.0,30.0,35.0,35.0,35.0,26.82095,26.82095,26.82095
200901S,2008101621,35.0,35.0,35.0,30.0,35.0,35.0,35.0,24.475023,24.475023,24.475023
200901S,2008101700,35.0,35.0,35.0,30.0,35.0,35.0,35.0,26.984985,26.984985,26.984985
200901S,2008101703,35.0,35.0,33.0,30.0,35.0,35.0,35.0,27.330465,27.330465,27.330465
200901S,2008101706,35.0,35.0,30.0,30.0,35.0,35.0,35.0,25.070127,25.070127,25.070127
200901S,2008101709,35.0,33.0,30.0,30.0,35.0,35.0,35.0,23.902086,23.902086,23.902086
200901S,2008101712,35.0,30.0,30.0,30.0,35.0,35.0,35.0,27.280922,27.280922,27.280922
200901S,2008101715,33.0,30.0,30.0,30.0,33.0,33.0,33.0,26.433105,26.433105,26.433105
200901S,2008101718,30.0,30.0,30.0,30.0,30.0,30.0,30.0,23.571043,23.571043,23.571043
200901S,2008101721,30.0,30.0,30.0,33.0,30.0,30.0,30.0,24.12003,24.12003,24.12003
200901S,2008101800,30.0,30.0,30.0,35.0,30.0,30.0,30.0,23.170553,23.170553,23.170553
200901S,2008101803,30.0,30.0,30.0,35.0,30.0,30.0,30.0,26.509571,26.509571,26.509571
200901S,2008101806,30.0,30.0,30.0,35.0,30.0,30.0,30.0,27.822327,27.822327,27.822327
200901S,2008101809,30.0,30.0,33.0,35.0,30.0,30.0,30.0,29.333162,29.333162,29.333162
200901S,2008101812,30.0,30.0,35.0,35.0,30.0,30.0,30.0,34.265812,34.265812,34.265812
200901S,2008101815,30.0,33.0,35.0,38.0,30.0,30.0,30.0,36.44308,36.44308,36.44308
200901S,2008101818,30.0,35.0,35.0,40.0,30.0,30.0,30.0,33.89819,33.89819,33.89819
200901S,2008101821,33.0,35.0,35.0,43.0,33.0,33.0,33.0,37.78517,37.78517,37.78517
200901S,2008101900,35.0,35.0,35.0,45.0,35.0,35.0,35.0,42.60141,42.60141,42.60141
200901S,2008101903,35.0,35.0,38.0,48.0,35.0,35.0,35.0,42.53629,42.53629,42.53629
200901S,2008101906,35.0,35.0,40.0,50.0,35.0,35.0,35.0,37.802357,37.802357,37.802357
200901S,2008101909,35.0,38.0,43.0,50.0,35.0,35.0,35.0,34.668175,34.668175,34.668175
200901S,2008101912,35.0,40.0,45.0,50.0,35.0,35.0,35.0,33.286503,33.286503,33.286503
200901S,2008101915,38.0,43.0,48.0,48.0,38.0,38.0,38.0,35.258694,35.258694,35.258694
200901S,2008101918,40.0,45.0,50.0,45.0,40.0,40.0,40.0,36.284748,36.284748,36.284748
200901S,2008101921,43.0,48.0,50.0,40.0,43.0,43.0,43.0,40.857357,40.857357,40.857357
200901S,2008102000,45.0,50.0,50.0,35.0,45.0,45.0,45.0,39.949905,39.949905,39.949905
200901S,2008102003,48.0,50.0,48.0,35.0,48.0,48.0,48.0,42.061806,42.061806,42.061806
200901S,2008102006,50.0,50.0,45.0,35.0,50.0,50.0,50.0,38.787148,38.787148,38.787148
200901S,2008102009,50.0,48.0,40.0,33.0,50.0,50.0,50.0,36.20575,36.20575,36.20575
200901S,2008102012,50.0,45.0,35.0,30.0,50.0,50.0,50.0,32.27827,32.27827,32.27827
200901S,2008102015,48.0,40.0,35.0,28.0,48.0,48.0,48.0,36.197845,36.197845,36.197845
200901S,2008102018,45.0,35.0,35.0,25.0,45.0,45.0,45.0,37.085945,37.085945,37.085945
200901S,2008102021,40.0,35.0,33.0,25.0,40.0,40.0,40.0,31.30839,31.30839,31.30839
200901S,2008102100,35.0,35.0,30.0,25.0,35.0,35.0,35.0,32.19725,32.19725,32.19725
200901S,2008102103,35.0,33.0,28.0,25.0,35.0,35.0,35.0,26.7485,26.7485,26.7485
200901S,2008102106,35.0,30.0,25.0,25.0,35.0,35.0,35.0,23.943802,23.943802,23.943802
200901S,2008102109,33.0,28.0,25.0,25.0,33.0,33.0,33.0,24.141384,24.141384,24.141384
200901S,2008102112,30.0,25.0,25.0,25.0,30.0,30.0,30.0,26.181396,26.181396,26.181396
200901S,2008102115,28.0,25.0,25.0,25.0,28.0,28.0,28.0,28.876352,28.876352,28.876352
200901S,2008102118,25.0,25.0,25.0,25.0,25.0,25.0,25.0,26.368723,26.368723,26.368723
200901S,2008102121,25.0,25.0,25.0,25.0,25.0,25.0,25.0,22.437582,22.437582,22.437582
200901S,2008102200,25.0,25.0,25.0,25.0,25.0,25.0,25.0,21.863522,21.863522,21.863522
200901S,2008102203,25.0,25.0,25.0,25.0,25.0,25.0,25.0,26.130894,26.130894,26.130894
200901S,2008102206,25.0,25.0,25.0,25.0,25.0,25.0,25.0,21.048103,21.048103,21.048103
200901S,2008102209,25.0,25.0,25.0,25.0,25.0,25.0,25.0,24.431679,24.431679,24.431679
200901S,2008102212,25.0,25.0,25.0,25.0,25.0,25.0,25.0,24.904982,24.904982,24.904982
200901S,2008102215,25.0,25.0,25.0,25.0,25.0,25.0,25.0,27.737343,27.737343,27.737343
200901S,2008102218,25.0,25.0,25.0,25.0,25.0,25.0,25.0,29.095787,29.095787,29.095787
200901S,2008102221,25.0,25.0,25.0,25.0,25.0,25.0,25.0,27.743805,27.743805,27.743805
200901S,2008102300,25.0,25.0,25.0,25.0,25.0,25.0,25.0,25.018753,25.018753,25.018753
200901S,2008102303,25.0,25.0,25.0,25.0,25.0,25.0,25.0,25.205126,25.205126,25.205126
200901S,2008102306,25.0,25.0,25.0,25.0,25.0,25.0,25.0,25.406807,25.406807,25.406807
200901S,2008102309,25.0,25.0,25.0,23.0,25.0,25.0,25.0,23.99364,23.99364,23.99364
200901S,2008102312,25.0,25.0,25.0,20.0,25.0,25.0,25.0,25.511372,25.511372,25.511372
200905I,2009121112,40.0,45.0,45.0,45.0,40.0,40.0,40.0,28.760279,28.760279,28.760279
200905I,2009121115,43.0,45.0,45.0,45.0,43.0,43.0,43.0,37.232563,37.232563,37.232563
200905I,2009121118,45.0,45.0,45.0,45.0,45.0,45.0,45.0,51.40854,51.40854,51.40854
200905I,2009121121,45.0,45.0,45.0,43.0,45.0,45.0,45.0,62.60554,62.60554,62.60554
200905I,2009121200,45.0,45.0,45.0,40.0,45.0,45.0,45.0,39.51776,39.51776,39.51776
200905I,2009121203,45.0,45.0,45.0,38.0,45.0,45.0,45.0,29.39443,29.39443,29.39443
200905I,2009121206,45.0,45.0,45.0,35.0,45.0,45.0,45.0,24.693138,24.693138,24.693138
200905I,2009121209,45.0,45.0,43.0,35.0,45.0,45.0,45.0,29.080267,29.080267,29.080267
200905I,2009121212,45.0,45.0,40.0,35.0,45.0,45.0,45.0,27.40263,27.40263,27.40263
200905I,2009121215,45.0,43.0,38.0,35.0,45.0,45.0,45.0,29.727041,29.727041,29.727041
200905I,2009121218,45.0,40.0,35.0,35.0,45.0,45.0,45.0,37.187073,37.187073,37.187073
200905I,2009121221,43.0,38.0,35.0,33.0,43.0,43.0,43.0,34.44988,34.44988,34.44988
200905I,2009121300,40.0,35.0,35.0,30.0,40.0,40.0,40.0,33.75115,33.75115,33.75115
200905I,2009121303,38.0,35.0,35.0,30.0,38.0,38.0,38.0,34.082283,34.082283,34.082283
200905I,2009121306,35.0,35.0,35.0,30.0,35.0,35.0,35.0,36.416996,36.416996,36.416996
200905I,2009121309,35.0,35.0,33.0,28.0,35.0,35.0,35.0,42.316856,42.316856,42.316856
200905I,2009121312,35.0,35.0,30.0,25.0,35.0,35.0,35.0,41.656605,41.656605,41.656605
200905I,2009121315,35.0,33.0,30.0,20.0,35.0,35.0,35.0,35.531082,35.531082,35.531082
200905I,2009121318,35.0,30.0,30.0,15.0,35.0,35.0,35.0,33.33687,33.33687,33.33687
200905L,2009082700,50.0,50.0,50.0,40.0,50.0,50.0,50.0,33.301735,33.301735,33.301735
200905L,2009082703,50.0,50.0,48.0,38.0,50.0,50.0,50.0,36.167988,36.167988,36.167988
200905L,2009082706,50.0,50.0,45.0,35.0,50.0,50.0,50.0,43.05026,43.05026,43.05026
200905L,2009082709,50.0,48.0,42.0,35.0,50.0,50.0,50.0,46.534203,46.534203,46.534203
200905L,2009082712,50.0,45.0,40.0,35.0,50.0,50.0,50.0,37.07083,37.07083,37.07083
200905L,2009082715,48.0,42.0,38.0,35.0,48.0,48.0,48.0,36.93381,36.93381,36.93381
200905L,2009082718,45.0,40.0,35.0,35.0,45.0,45.0,45.0,36.655785,36.655785,36.655785
200905L,2009082721,42.0,38.0,35.0,35.0,42.0,42.0,42.0,35.558174,35.558174,35.558174
200905L,2009082800,40.0,35.0,35.0,35.0,40.0,40.0,40.0,34.42257,34.42257,34.42257
200906E,2009073100,45.0,50.0,50.0,50.0,45.0,45.0,45.0,34.035824,34.035824,34.035824
200906E,2009073103,48.0,50.0,53.0,48.0,48.0,48.0,48.0,34.191868,34.191868,34.191868
200906E,2009073106,50.0,50.0,55.0,45.0,50.0,50.0,50.0,35.358746,35.358746,35.358746
200906E,2009073109,50.0,53.0,53.0,45.0,50.0,50.0,50.0,39.102432,39.102432,39.102432
200906E,2009073112,50.0,55.0,50.0,45.0,50.0,50.0,50.0,41.7872,41.7872,41.7872
200906E,2009073115,53.0,53.0,48.0,45.0,53.0,53.0,53.0,53.2311,53.2311,53.2311
200906E,2009073118,55.0,50.0,45.0,45.0,55.0,55.0,55.0,52.45278,52.45278,52.45278
200906E,2009073121,53.0,48.0,45.0,43.0,53.0,53.0,53.0,35.663353,35.663353,35.663353
200906E,2009080100,50.0,45.0,45.0,40.0,50.0,50.0,50.0,56.75561,56.75561,56.75561
200906E,2009080103,48.0,45.0,45.0,40.0,48.0,48.0,48.0,58.935352,58.935352,58.935352
200906E,2009080106,45.0,45.0,45.0,40.0,45.0,45.0,45.0,60.324425,60.324425,60.324425
200906E,2009080109,45.0,45.0,43.0,38.0,45.0,45.0,45.0,52.814457,52.814457,52.814457
200906E,2009080112,45.0,45.0,40.0,35.0,45.0,45.0,45.0,50.51922,50.51922,50.51922
200906E,2009080115,45.0,43.0,40.0,33.0,45.0,45.0,45.0,46.007847,46.007847,46.007847
200906E,2009080118,45.0,40.0,40.0,30.0,45.0,45.0,45.0,45.66116,45.66116,45.66116
200906E,2009080121,43.0,40.0,38.0,28.0,43.0,43.0,43.0,36.56479,36.56479,36.56479
200906E,2009080200,40.0,40.0,35.0,25.0,40.0,40.0,40.0,30.064285,30.064285,30.064285
200906E,2009080203,40.0,38.0,33.0,23.0,40.0,40.0,40.0,38.149185,38.149185,38.149185
200906E,2009080206,40.0,35.0,30.0,20.0,40.0,40.0,40.0,39.146873,39.146873,39.146873
200907W,2009071600,30.0,30.0,30.0,45.0,30.0,30.0,30.0,29.017233,29.017233,29.017233
200907W,2009071603,30.0,30.0,33.0,48.0,30.0,30.0,30.0,26.900572,26.900572,26.900572
200907W,2009071606,30.0,30.0,35.0,50.0,30.0,30.0,30.0,23.728996,23.728996,23.728996
200907W,2009071609,30.0,33.0,40.0,55.0,30.0,30.0,30.0,23.340109,23.340109,23.340109
200907W,2009071612,30.0,35.0,45.0,60.0,30.0,30.0,30.0,27.631794,27.631794,27.631794
200907W,2009071615,33.0,40.0,48.0,60.0,33.0,33.0,33.0,34.677616,34.677616,34.677616
200907W,2009071618,35.0,45.0,50.0,60.0,35.0,35.0,35.0,39.85404,39.85404,39.85404
200907W,2009071621,40.0,48.0,55.0,60.0,40.0,40.0,40.0,44.820404,44.820404,44.820404
200907W,2009071700,45.0,50.0,60.0,60.0,45.0,45.0,45.0,50.348873,50.348873,50.348873
200907W,2009071703,48.0,55.0,60.0,63.0,48.0,48.0,48.0,46.78318,46.78318,46.78318
200907W,2009071706,50.0,60.0,60.0,65.0,50.0,50.0,50.0,62.427353,62.427353,62.427353
200907W,2009071709,55.0,60.0,60.0,65.0,55.0,55.0,55.0,59.232082,59.232082,59.232082
200907W,2009071712,60.0,60.0,60.0,65.0,60.0,60.0,60.0,53.964973,53.964973,53.964973
200907W,2009071715,60.0,60.0,63.0,60.0,60.0,60.0,60.0,51.889027,51.889027,51.889027
200907W,2009071718,60.0,60.0,65.0,55.0,60.0,60.0,60.0,45.732426,45.732426,45.732426
200907W,2009071721,60.0,63.0,65.0,45.0,60.0,60.0,60.0,77.736,77.736,77.736
200907W,2009071800,60.0,65.0,65.0,35.0,60.0,60.0,60.0,60.065327,60.065327,60.065327
200908E,2009080406,45.0,55.0,65.0,85.0,45.0,45.0,45.0,29.399439,29.399439,29.399439
200908E,2009080409,50.0,60.0,70.0,93.0,50.0,50.0,50.0,35.634197,35.634197,35.634197
200908E,2009080412,55.0,65.0,75.0,100.0,55.0,55.0,55.0,40.266777,40.266777,40.266777
200908E,2009080415,60.0,70.0,80.0,108.0,60.0,60.0,60.0,44.60629,44.60629,44.60629
200908E,2009080418,65.0,75.0,85.0,115.0,65.0,65.0,65.0,38.603283,38.603283,38.603283
200908E,2009080421,70.0,80.0,93.0,120.0,70.0,70.0,70.0,38.556404,38.556404,38.556404
200908E,2009080500,75.0,85.0,100.0,125.0,75.0,75.0,75.0,50.24348,50.24348,50.24348
200908E,2009080503,80.0,93.0,108.0,125.0,80.0,80.0,80.0,46.030926,46.030926,46.030926
200908E,2009080506,85.0,100.0,115.0,125.0,85.0,85.0,85.0,50.27821,50.27821,50.27821
200908E,2009080509,93.0,108.0,120.0,123.0,93.0,93.0,93.0,61.07783,61.07783,61.07783
200908E,2009080512,100.0,115.0,125.0,120.0,100.0,100.0,100.0,88.570496,88.570496,88.570496
200908E,2009080515,108.0,120.0,125.0,118.0,108.0,108.0,108.0,100.19124,100.19124,100.19124
200908E,2009080518,115.0,125.0,125.0,115.0,115.0,115.0,115.0,105.4677,105.4677,105.4677
200908E,2009080521,120.0,125.0,123.0,115.0,120.0,120.0,120.0,95.73827,95.73827,95.73827
200908E,2009080600,125.0,125.0,120.0,115.0,125.0,125.0,125.0,100.73377,100.73377,100.73377
200908E,2009080603,125.0,123.0,118.0,110.0,125.0,125.0,125.0,111.38821,111.38821,111.38821
200908E,2009080606,125.0,120.0,115.0,105.0,125.0,125.0,125.0,96.24633,96.24633,96.24633
200908E,2009080609,123.0,118.0,115.0,103.0,123.0,123.0,123.0,100.08076,100.08076,100.08076
200908E,2009080612,120.0,115.0,115.0,100.0,120.0,120.0,120.0,95.23401,95.23401,95.23401
200908E,2009080615,118.0,115.0,110.0,98.0,118.0,118.0,118.0,100.6235,100.6235,100.6235
200908E,2009080618,115.0,115.0,105.0,95.0,115.0,115.0,115.0,100.287,100.287,100.287
200908E,2009080621,115.0,110.0,103.0,93.0,115.0,115.0,115.0,99.39491,99.39491,99.39491
200908E,2009080700,115.0,105.0,100.0,90.0,115.0,115.0,115.0,92.0521,92.0521,92.0521
200908E,2009080703,110.0,103.0,98.0,88.0,110.0,110.0,110.0,91.00907,91.00907,91.00907
200908E,2009080706,105.0,100.0,95.0,85.0,105.0,105.0,105.0,74.36509,74.36509,74.36509
200908E,2009080709,103.0,98.0,93.0,83.0,103.0,103.0,103.0,77.04398,77.04398,77.04398
200908E,2009080712,100.0,95.0,90.0,80.0,100.0,100.0,100.0,53.45122,53.45122,53.45122
200908E,2009080715,98.0,93.0,88.0,78.0,98.0,98.0,98.0,59.399395,59.399395,59.399395
200908E,2009080718,95.0,90.0,85.0,75.0,95.0,95.0,95.0,61.21511,61.21511,61.21511
200908E,2009080721,93.0,88.0,83.0,75.0,93.0,93.0,93.0,76.40838,76.40838,76.40838
200908E,2009080800,90.0,85.0,80.0,75.0,90.0,90.0,90.0,85.13027,85.13027,85.13027
200908E,2009080803,88.0,83.0,78.0,73.0,88.0,88.0,88.0,87.21891,87.21891,87.21891
200908E,2009080806,85.0,80.0,75.0,70.0,85.0,85.0,85.0,66.19022,66.19022,66.19022
200908E,2009080809,83.0,78.0,75.0,65.0,83.0,83.0,83.0,63.95091,63.95091,63.95091
200908E,2009080812,80.0,75.0,75.0,60.0,80.0,80.0,80.0,60.66533,60.66533,60.66533
200908E,2009080815,78.0,75.0,73.0,55.0,78.0,78.0,78.0,55.192036,55.192036,55.192036
200908E,2009080818,75.0,75.0,70.0,50.0,75.0,75.0,75.0,56.93372,56.93372,56.93372
200908E,2009080821,75.0,73.0,65.0,48.0,75.0,75.0,75.0,57.86395,57.86395,57.86395
200908E,2009080900,75.0,70.0,60.0,45.0,75.0,75.0,75.0,55.677017,55.677017,55.677017
200908E,2009080903,73.0,65.0,55.0,45.0,73.0,73.0,73.0,61.134407,61.134407,61.134407
200908E,2009080906,70.0,60.0,50.0,45.0,70.0,70.0,70.0,54.85038,54.85038,54.85038
200908E,2009080909,65.0,55.0,48.0,43.0,65.0,65.0,65.0,57.205173,57.205173,57.205173
200908E,2009080912,60.0,50.0,45.0,40.0,60.0,60.0,60.0,51.8596,51.8596,51.8596
200908E,2009080915,55.0,48.0,45.0,40.0,55.0,55.0,55.0,37.684525,37.684525,37.684525
200908E,2009080918,50.0,45.0,45.0,40.0,50.0,50.0,50.0,35.35822,35.35822,35.35822
200908E,2009080921,48.0,45.0,43.0,38.0,48.0,48.0,48.0,32.919754,32.919754,32.919754
200908E,2009081000,45.0,45.0,40.0,35.0,45.0,45.0,45.0,38.933956,38.933956,38.933956
200908E,2009081003,45.0,43.0,40.0,35.0,45.0,45.0,45.0,47.041027,47.041027,47.041027
200908E,2009081006,45.0,40.0,40.0,35.0,45.0,45.0,45.0,48.63261,48.63261,48.63261
200908E,2009081009,43.0,40.0,38.0,33.0,43.0,43.0,43.0,40.49024,40.49024,40.49024
200908E,2009081012,40.0,40.0,35.0,30.0,40.0,40.0,40.0,42.619663,42.619663,42.619663
200908E,2009081015,40.0,38.0,35.0,30.0,40.0,40.0,40.0,36.68071,36.68071,36.68071
200908E,2009081018,40.0,35.0,35.0,30.0,40.0,40.0,40.0,39.34098,39.34098,39.34098
200910E,2009081212,30.0,30.0,35.0,55.0,30.0,30.0,30.0,35.19888,35.19888,35.19888
200910E,2009081215,30.0,33.0,40.0,58.0,30.0,30.0,30.0,29.886019,29.886019,29.886019
200910E,2009081218,30.0,35.0,45.0,60.0,30.0,30.0,30.0,40.162838,40.162838,40.162838
200910E,2009081221,33.0,40.0,50.0,60.0,33.0,33.0,33.0,37.08756,37.08756,37.08756
200910E,2009081300,35.0,45.0,55.0,60.0,35.0,35.0,35.0,42.89361,42.89361,42.89361
200910E,2009081303,40.0,50.0,58.0,63.0,40.0,40.0,40.0,57.37234,57.37234,57.37234
200910E,2009081306,45.0,55.0,60.0,65.0,45.0,45.0,45.0,44.467155,44.467155,44.467155
200910E,2009081309,50.0,58.0,60.0,68.0,50.0,50.0,50.0,48.520874,48.520874,48.520874
200910E,2009081312,55.0,60.0,60.0,70.0,55.0,55.0,55.0,65.11287,65.11287,65.11287
200910E,2009081315,58.0,60.0,63.0,78.0,58.0,58.0,58.0,45.272026,45.272026,45.272026
200910E,2009081318,60.0,60.0,65.0,85.0,60.0,60.0,60.0,50.196354,50.196354,50.196354
200910E,2009081321,60.0,63.0,68.0,90.0,60.0,60.0,60.0,49.206955,49.206955,49.206955
200910E,2009081400,60.0,65.0,70.0,95.0,60.0,60.0,60.0,40.95386,40.95386,40.95386
200910E,2009081403,63.0,68.0,78.0,98.0,63.0,63.0,63.0,46.506863,46.506863,46.506863
200910E,2009081406,65.0,70.0,85.0,100.0,65.0,65.0,65.0,52.78658,52.78658,52.78658
200910E,2009081409,68.0,78.0,90.0,105.0,68.0,68.0,68.0,52.298714,52.298714,52.298714
200910E,2009081412,70.0,85.0,95.0,110.0,70.0,70.0,70.0,62.8212,62.8212,62.8212
200910E,2009081415,78.0,90.0,98.0,105.0,78.0,78.0,78.0,46.2634,46.2634,46.2634
200910E,2009081418,85.0,95.0,100.0,100.0,85.0,85.0,85.0,67.429214,67.429214,67.429214
200910E,2009081421,90.0,98.0,105.0,98.0,90.0,90.0,90.0,88.141235,88.141235,88.141235
200910E,2009081500,95.0,100.0,110.0,95.0,95.0,95.0,95.0,74.34375,74.34375,74.34375
200910E,2009081503,98.0,105.0,105.0,93.0,98.0,98.0,98.0,97.46121,97.46121,97.46121
200910E,2009081506,100.0,110.0,100.0,90.0,100.0,100.0,100.0,82.51092,82.51092,82.51092
200910E,2009081509,105.0,105.0,98.0,88.0,105.0,105.0,105.0,85.79019,85.79019,85.79019
200910E,2009081512,110.0,100.0,95.0,85.0,110.0,110.0,110.0,90.126915,90.126915,90.126915
200910E,2009081515,105.0,98.0,93.0,80.0,105.0,105.0,105.0,83.17542,83.17542,83.17542
200910E,2009081518,100.0,95.0,90.0,75.0,100.0,100.0,100.0,72.81465,72.81465,72.81465
200910E,2009081521,98.0,93.0,88.0,70.0,98.0,98.0,98.0,77.684685,77.684685,77.684685
200910E,2009081600,95.0,90.0,85.0,65.0,95.0,95.0,95.0,85.09263,85.09263,85.09263
200910E,2009081603,93.0,88.0,80.0,60.0,93.0,93.0,93.0,87.10591,87.10591,87.10591
200910E,2009081606,90.0,85.0,75.0,55.0,90.0,90.0,90.0,77.66151,77.66151,77.66151
200910E,2009081609,88.0,80.0,70.0,53.0,88.0,88.0,88.0,81.58893,81.58893,81.58893
200910E,2009081612,85.0,75.0,65.0,50.0,85.0,85.0,85.0,90.51532,90.51532,90.51532
200910E,2009081615,80.0,70.0,60.0,48.0,80.0,80.0,80.0,92.11741,92.11741,92.11741
200910E,2009081618,75.0,65.0,55.0,45.0,75.0,75.0,75.0,78.36484,78.36484,78.36484
200910E,2009081621,70.0,60.0,53.0,45.0,70.0,70.0,70.0,67.551216,67.551216,67.551216
200910E,2009081700,65.0,55.0,50.0,45.0,65.0,65.0,65.0,57.39908,57.39908,57.39908
200910E,2009081703,60.0,53.0,48.0,45.0,60.0,60.0,60.0,59.324078,59.324078,59.324078
200910E,2009081706,55.0,50.0,45.0,45.0,55.0,55.0,55.0,55.16616,55.16616,55.16616
200910E,2009081709,53.0,48.0,45.0,45.0,53.0,53.0,53.0,38.448063,38.448063,38.448063
200910E,2009081712,50.0,45.0,45.0,45.0,50.0,50.0,50.0,35.167336,35.167336,35.167336
200910E,2009081715,48.0,45.0,45.0,45.0,48.0,48.0,48.0,31.681316,31.681316,31.681316
200910E,2009081718,45.0,45.0,45.0,45.0,45.0,45.0,45.0,30.880928,30.880928,30.880928
200910E,2009081721,45.0,45.0,45.0,43.0,45.0,45.0,45.0,27.249723,27.249723,27.249723
200910E,2009081800,45.0,45.0,45.0,40.0,45.0,45.0,45.0,34.936153,34.936153,34.936153
200910E,2009081803,45.0,45.0,45.0,38.0,45.0,45.0,45.0,39.11146,39.11146,39.11146
200910E,2009081806,45.0,45.0,45.0,35.0,45.0,45.0,45.0,35.105606,35.105606,35.105606
200910E,2009081809,45.0,45.0,43.0,35.0,45.0,45.0,45.0,40.102005,40.102005,40.102005
200910E,2009081812,45.0,45.0,40.0,35.0,45.0,45.0,45.0,41.63133,41.63133,41.63133
200910E,2009081815,45.0,43.0,38.0,33.0,45.0,45.0,45.0,41.952374,41.952374,41.952374
200910E,2009081818,45.0,40.0,35.0,30.0,45.0,45.0,45.0,33.51508,33.51508,33.51508
200910E,2009081821,43.0,38.0,35.0,30.0,43.0,43.0,43.0,34.037,34.037,34.037
200910E,2009081900,40.0,35.0,35.0,30.0,40.0,40.0,40.0,35.983864,35.983864,35.983864
200910E,2009081903,38.0,35.0,33.0,30.0,38.0,38.0,38.0,30.185682,30.185682,30.185682
200910E,2009081906,35.0,35.0,30.0,30.0,35.0,35.0,35.0,29.20959,29.20959,29.20959
200910E,2009081909,35.0,33.0,30.0,35.0,35.0,35.0,35.0,32.43757,32.43757,32.43757
200910E,2009081912,35.0,30.0,30.0,40.0,35.0,35.0,35.0,27.78339,27.78339,27.78339
200910E,2009081915,33.0,30.0,30.0,40.0,33.0,33.0,33.0,27.82873,27.82873,27.82873
200910E,2009081918,30.0,30.0,30.0,40.0,30.0,30.0,30.0,27.945997,27.945997,27.945997
200910E,2009081921,30.0,30.0,35.0,40.0,30.0,30.0,30.0,28.604227,28.604227,28.604227
200910E,2009082000,30.0,30.0,40.0,40.0,30.0,30.0,30.0,28.93452,28.93452,28.93452
200910E,2009082003,30.0,35.0,40.0,38.0,30.0,30.0,30.0,26.923332,26.923332,26.923332
200910E,2009082006,30.0,40.0,40.0,35.0,30.0,30.0,30.0,26.169153,26.169153,26.169153
200910E,2009082009,35.0,40.0,40.0,33.0,35.0,35.0,35.0,29.503267,29.503267,29.503267
200910E,2009082012,40.0,40.0,40.0,30.0,40.0,40.0,40.0,26.095907,26.095907,26.095907
200910E,2009082015,40.0,40.0,38.0,30.0,40.0,40.0,40.0,35.148342,35.148342,35.148342
200910E,2009082018,40.0,40.0,35.0,30.0,40.0,40.0,40.0,36.296997,36.296997,36.296997
200910E,2009082021,40.0,38.0,33.0,30.0,40.0,40.0,40.0,35.781868,35.781868,35.781868
200910E,2009082100,40.0,35.0,30.0,30.0,40.0,40.0,40.0,40.875477,40.875477,40.875477
200910E,2009082103,38.0,33.0,30.0,30.0,38.0,38.0,38.0,39.065346,39.065346,39.065346
200910E,2009082106,35.0,30.0,30.0,30.0,35.0,35.0,35.0,37.30221,37.30221,37.30221
200910E,2009082109,33.0,30.0,30.0,30.0,33.0,33.0,33.0,33.62776,33.62776,33.62776
200910E,2009082112,30.0,30.0,30.0,30.0,30.0,30.0,30.0,36.354294,36.354294,36.354294
200910E,2009082115,30.0,30.0,30.0,30.0,30.0,30.0,30.0,36.096397,36.096397,36.096397
200910E,2009082118,30.0,30.0,30.0,30.0,30.0,30.0,30.0,34.79044,34.79044,34.79044
200910E,2009082121,30.0,30.0,30.0,30.0,30.0,30.0,30.0,39.722095,39.722095,39.722095
200910E,2009082200,30.0,30.0,30.0,30.0,30.0,30.0,30.0,40.399555,40.399555,40.399555
200910E,2009082203,30.0,30.0,30.0,30.0,30.0,30.0,30.0,27.203526,27.203526,27.203526
200910E,2009082206,30.0,30.0,30.0,30.0,30.0,30.0,30.0,29.072636,29.072636,29.072636
200910L,2009100612,35.0,35.0,40.0,45.0,35.0,35.0,35.0,29.155666,29.155666,29.155666
200910L,2009100615,35.0,38.0,42.0,42.0,35.0,35.0,35.0,32.64358,32.64358,32.64358
200910L,2009100618,35.0,40.0,45.0,40.0,35.0,35.0,35.0,36.40251,36.40251,36.40251
200910L,2009100621,38.0,42.0,45.0,38.0,38.0,38.0,38.0,31.094456,31.094456,31.094456
200910L,2009100700,40.0,45.0,45.0,35.0,40.0,40.0,40.0,38.9145,38.9145,38.9145
200910L,2009100703,42.0,45.0,42.0,32.0,42.0,42.0,42.0,41.75941,41.75941,41.75941
200910L,2009100706,45.0,45.0,40.0,30.0,45.0,45.0,45.0,40.650204,40.650204,40.650204
200910L,2009100709,45.0,42.0,38.0,30.0,45.0,45.0,45.0,41.97458,41.97458,41.97458
200910L,2009100712,45.0,40.0,35.0,30.0,45.0,45.0,45.0,37.97579,37.97579,37.97579
200910L,2009100715,42.0,38.0,32.0,28.0,42.0,42.0,42.0,37.84017,37.84017,37.84017
200910L,2009100718,40.0,35.0,30.0,25.0,40.0,40.0,40.0,34.217045,34.217045,34.217045
200910L,2009100721,38.0,32.0,30.0,25.0,38.0,38.0,38.0,31.711128,31.711128,31.711128
200910L,2009100800,35.0,30.0,30.0,25.0,35.0,35.0,35.0,34.021954,34.021954,34.021954
200910L,2009100803,32.0,30.0,28.0,22.0,32.0,32.0,32.0,35.873653,35.873653,35.873653
200910L,2009100806,30.0,30.0,25.0,20.0,30.0,30.0,30.0,33.20927,33.20927,33.20927
200910L,2009100809,30.0,28.0,25.0,20.0,30.0,30.0,30.0,29.255016,29.255016,29.255016
200910L,2009100812,30.0,25.0,25.0,20.0,30.0,30.0,30.0,24.244272,24.244272,24.244272
200910L,2009100815,28.0,25.0,22.0,20.0,28.0,28.0,28.0,26.119196,26.119196,26.119196
200910L,2009100818,25.0,25.0,20.0,20.0,25.0,25.0,25.0,23.434914,23.434914,23.434914
200910L,2009100821,25.0,22.0,20.0,20.0,25.0,25.0,25.0,25.793457,25.793457,25.793457
200910L,2009100900,25.0,20.0,20.0,20.0,25.0,25.0,25.0,26.120043,26.120043,26.120043
200910L,2009100903,22.0,20.0,20.0,20.0,22.0,22.0,22.0,26.593468,26.593468,26.593468
200910L,2009100906,20.0,20.0,20.0,20.0,20.0,20.0,20.0,20.71054,20.71054,20.71054
200910L,2009100909,20.0,20.0,20.0,20.0,20.0,20.0,20.0,34.462597,34.462597,34.462597
200910L,2009100912,20.0,20.0,20.0,20.0,20.0,20.0,20.0,24.300835,24.300835,24.300835
200910L,2009100915,20.0,20.0,20.0,20.0,20.0,20.0,20.0,25.267014,25.267014,25.267014
200910L,2009100918,20.0,20.0,20.0,20.0,20.0,20.0,20.0,30.770878,30.770878,30.770878
200910L,2009100921,20.0,20.0,20.0,20.0,20.0,20.0,20.0,24.267797,24.267797,24.267797
200910L,2009101000,20.0,20.0,20.0,20.0,20.0,20.0,20.0,25.488375,25.488375,25.488375
200910L,2009101003,20.0,20.0,20.0,20.0,20.0,20.0,20.0,25.900118,25.900118,25.900118
200910L,2009101006,20.0,20.0,20.0,20.0,20.0,20.0,20.0,24.37385,24.37385,24.37385
200910L,2009101009,20.0,20.0,20.0,20.0,20.0,20.0,20.0,23.656942,23.656942,23.656942
200910L,2009101012,20.0,20.0,20.0,20.0,20.0,20.0,20.0,21.417755,21.417755,21.417755
200922S,2009031712,30.0,35.0,40.0,55.0,30.0,30.0,30.0,29.739891,29.739891,29.739891
200922S,2009031715,33.0,38.0,45.0,60.0,33.0,33.0,33.0,27.213749,27.213749,27.213749
200922S,2009031718,35.0,40.0,50.0,65.0,35.0,35.0,35.0,28.483599,28.483599,28.483599
200922S,2009031721,38.0,45.0,53.0,68.0,38.0,38.0,38.0,40.28139,40.28139,40.28139
200922S,2009031800,40.0,50.0,55.0,70.0,40.0,40.0,40.0,30.946478,30.946478,30.946478
200922S,2009031803,45.0,53.0,60.0,78.0,45.0,45.0,45.0,31.09628,31.09628,31.09628
200922S,2009031806,50.0,55.0,65.0,85.0,50.0,50.0,50.0,27.799463,27.799463,27.799463
200922S,2009031809,53.0,60.0,68.0,93.0,53.0,53.0,53.0,38.68788,38.68788,38.68788
200922S,2009031812,55.0,65.0,70.0,100.0,55.0,55.0,55.0,46.37247,46.37247,46.37247
200922S,2009031815,60.0,68.0,78.0,100.0,60.0,60.0,60.0,56.246555,56.246555,56.246555
200922S,2009031818,65.0,70.0,85.0,100.0,65.0,65.0,65.0,69.985306,69.985306,69.985306
200922S,2009031821,68.0,78.0,93.0,98.0,68.0,68.0,68.0,44.71304,44.71304,44.71304
200922S,2009031900,70.0,85.0,100.0,95.0,70.0,70.0,70.0,58.403416,58.403416,58.403416
200922S,2009031903,78.0,93.0,100.0,95.0,78.0,78.0,78.0,80.01534,80.01534,80.01534
200922S,2009031906,85.0,100.0,100.0,95.0,85.0,85.0,85.0,87.52201,87.52201,87.52201
200922S,2009031909,93.0,100.0,98.0,93.0,93.0,93.0,93.0,103.615746,103.615746,103.615746
200922S,2009031912,100.0,100.0,95.0,90.0,100.0,100.0,100.0,101.15603,101.15603,101.15603
200922S,2009031915,100.0,98.0,95.0,90.0,100.0,100.0,100.0,84.57718,84.57718,84.57718
200922S,2009031918,100.0,95.0,95.0,90.0,100.0,100.0,100.0,44.179054,44.179054,44.179054
200922S,2009031921,98.0,95.0,93.0,90.0,98.0,98.0,98.0,45.305275,45.305275,45.305275
200922S,2009032000,95.0,95.0,90.0,90.0,95.0,95.0,95.0,44.546253,44.546253,44.546253
200922S,2009032003,95.0,93.0,90.0,88.0,95.0,95.0,95.0,40.963257,40.963257,40.963257
200922S,2009032006,95.0,90.0,90.0,85.0,95.0,95.0,95.0,37.052322,37.052322,37.052322
200922S,2009032009,93.0,90.0,90.0,83.0,93.0,93.0,93.0,43.328278,43.328278,43.328278
200922S,2009032012,90.0,90.0,90.0,80.0,90.0,90.0,90.0,85.96715,85.96715,85.96715
200922S,2009032015,90.0,90.0,88.0,78.0,90.0,90.0,90.0,84.45179,84.45179,84.45179
200922S,2009032018,90.0,90.0,85.0,75.0,90.0,90.0,90.0,78.85429,78.85429,78.85429
200922S,2009032021,90.0,88.0,83.0,73.0,90.0,90.0,90.0,90.96377,90.96377,90.96377
200922S,2009032100,90.0,85.0,80.0,70.0,90.0,90.0,90.0,57.025124,57.025124,57.025124
200922S,2009032103,88.0,83.0,78.0,70.0,88.0,88.0,88.0,51.1042,51.1042,51.1042
200922S,2009032106,85.0,80.0,75.0,70.0,85.0,85.0,85.0,41.008396,41.008396,41.008396
200922S,2009032109,83.0,78.0,73.0,68.0,83.0,83.0,83.0,46.0692,46.0692,46.0692
200922S,2009032112,80.0,75.0,70.0,65.0,80.0,80.0,80.0,52.61898,52.61898,52.61898
200922S,2009032115,78.0,73.0,70.0,60.0,78.0,78.0,78.0,55.270493,55.270493,55.270493
200922S,2009032118,75.0,70.0,70.0,55.0,75.0,75.0,75.0,52.181957,52.181957,52.181957
200922S,2009032121,73.0,70.0,68.0,50.0,73.0,73.0,73.0,58.54477,58.54477,58.54477
200922S,2009032200,70.0,70.0,65.0,45.0,70.0,70.0,70.0,50.568027,50.568027,50.568027
200922S,2009032203,70.0,68.0,60.0,43.0,70.0,70.0,70.0,48.58584,48.58584,48.58584
200922S,2009032206,70.0,65.0,55.0,40.0,70.0,70.0,70.0,45.46028,45.46028,45.46028
200922S,2009032209,68.0,60.0,50.0,38.0,68.0,68.0,68.0,49.007248,49.007248,49.007248
200922S,2009032212,65.0,55.0,45.0,35.0,65.0,65.0,65.0,51.415424,51.415424,51.415424
200922S,2009032215,60.0,50.0,43.0,35.0,60.0,60.0,60.0,48.41636,48.41636,48.41636
200922S,2009032218,55.0,45.0,40.0,35.0,55.0,55.0,55.0,40.946095,40.946095,40.946095
200922S,2009032221,50.0,43.0,38.0,33.0,50.0,50.0,50.0,46.74718,46.74718,46.74718
200922S,2009032300,45.0,40.0,35.0,30.0,45.0,45.0,45.0,53.652805,53.652805,53.652805
200922S,2009032303,43.0,38.0,35.0,30.0,43.0,43.0,43.0,49.854126,49.854126,49.854126
200922S,2009032306,40.0,35.0,35.0,30.0,40.0,40.0,40.0,44.40952,44.40952,44.40952
200922S,2009032309,38.0,35.0,33.0,30.0,38.0,38.0,38.0,38.48533,38.48533,38.48533
200922S,2009032312,35.0,35.0,30.0,30.0,35.0,35.0,35.0,40.61426,40.61426,40.61426
200922S,2009032315,35.0,33.0,30.0,28.0,35.0,35.0,35.0,35.665707,35.665707,35.665707
200922S,2009032318,35.0,30.0,30.0,25.0,35.0,35.0,35.0,40.806076,40.806076,40.806076
200922S,2009032321,33.0,30.0,30.0,25.0,33.0,33.0,33.0,28.971706,28.971706,28.971706
200922S,2009032400,30.0,30.0,30.0,25.0,30.0,30.0,30.0,23.191313,23.191313,23.191313
200922S,2009032403,30.0,30.0,28.0,25.0,30.0,30.0,30.0,22.837906,22.837906,22.837906
200922S,2009032406,30.0,30.0,25.0,25.0,30.0,30.0,30.0,21.604296,21.604296,21.604296
200922S,2009032409,30.0,28.0,25.0,23.0,30.0,30.0,30.0,23.06474,23.06474,23.06474
200922S,2009032412,30.0,25.0,25.0,20.0,30.0,30.0,30.0,22.040453,22.040453,22.040453
200922S,2009032415,28.0,25.0,25.0,20.0,28.0,28.0,28.0,24.09913,24.09913,24.09913
200922S,2009032418,25.0,25.0,25.0,20.0,25.0,25.0,25.0,25.586626,25.586626,25.586626
200922S,2009032421,25.0,25.0,23.0,20.0,25.0,25.0,25.0,27.489258,27.489258,27.489258
200922S,2009032500,25.0,25.0,20.0,20.0,25.0,25.0,25.0,25.84909,25.84909,25.84909
200922S,2009032503,25.0,23.0,20.0,20.0,25.0,25.0,25.0,24.680515,24.680515,24.680515
200922S,2009032506,25.0,20.0,20.0,20.0,25.0,25.0,25.0,30.322876,30.322876,30.322876
200922S,2009032509,23.0,20.0,20.0,18.0,23.0,23.0,23.0,26.14112,26.14112,26.14112
200922S,2009032512,20.0,20.0,20.0,15.0,20.0,20.0,20.0,29.540497,29.540497,29.540497
200922W,2009101412,30.0,30.0,35.0,50.0,30.0,30.0,30.0,38.111378,38.111378,38.111378
200922W,2009101415,30.0,33.0,38.0,53.0,30.0,30.0,30.0,43.694973,43.694973,43.694973
200922W,2009101418,30.0,35.0,40.0,55.0,30.0,30.0,30.0,32.18575,32.18575,32.18575
200922W,2009101421,33.0,38.0,45.0,58.0,33.0,33.0,33.0,33.9082,33.9082,33.9082
200922W,2009101500,35.0,40.0,50.0,60.0,35.0,35.0,35.0,30.684696,30.684696,30.684696
200922W,2009101503,38.0,45.0,53.0,63.0,38.0,38.0,38.0,41.629833,41.629833,41.629833
200922W,2009101506,40.0,50.0,55.0,65.0,40.0,40.0,40.0,45.85638,45.85638,45.85638
200922W,2009101509,45.0,53.0,58.0,70.0,45.0,45.0,45.0,41.490128,41.490128,41.490128
200922W,2009101512,50.0,55.0,60.0,75.0,50.0,50.0,50.0,50.025036,50.025036,50.025036
200922W,2009101515,53.0,58.0,63.0,78.0,53.0,53.0,53.0,44.889904,44.889904,44.889904
200922W,2009101518,55.0,60.0,65.0,80.0,55.0,55.0,55.0,46.757065,46.757065,46.757065
200922W,2009101521,58.0,63.0,70.0,83.0,58.0,58.0,58.0,51.74517,51.74517,51.74517
200922W,2009101600,60.0,65.0,75.0,85.0,60.0,60.0,60.0,67.19731,67.19731,67.19731
200922W,2009101603,63.0,70.0,78.0,90.0,63.0,63.0,63.0,40.238926,40.238926,40.238926
200922W,2009101606,65.0,75.0,80.0,95.0,65.0,65.0,65.0,50.520943,50.520943,50.520943
200922W,2009101609,70.0,78.0,83.0,100.0,70.0,70.0,70.0,44.24116,44.24116,44.24116
200922W,2009101612,75.0,80.0,85.0,105.0,75.0,75.0,75.0,43.84379,43.84379,43.84379
200922W,2009101615,78.0,83.0,90.0,110.0,78.0,78.0,78.0,51.1966,51.1966,51.1966
200922W,2009101618,80.0,85.0,95.0,115.0,80.0,80.0,80.0,67.37844,67.37844,67.37844
200922W,2009101621,83.0,90.0,100.0,118.0,83.0,83.0,83.0,59.706833,59.706833,59.706833
200922W,2009101700,85.0,95.0,105.0,120.0,85.0,85.0,85.0,91.3327,91.3327,91.3327
200922W,2009101703,90.0,100.0,110.0,123.0,90.0,90.0,90.0,102.39127,102.39127,102.39127
200922W,2009101706,95.0,105.0,115.0,125.0,95.0,95.0,95.0,71.83475,71.83475,71.83475
200922W,2009101709,100.0,110.0,118.0,128.0,100.0,100.0,100.0,100.22251,100.22251,100.22251
200922W,2009101712,105.0,115.0,120.0,130.0,105.0,105.0,105.0,113.69898,113.69898,113.69898
200922W,2009101715,110.0,118.0,123.0,133.0,110.0,110.0,110.0,115.365326,115.365326,115.365326
200922W,2009101718,115.0,120.0,125.0,135.0,115.0,115.0,115.0,113.95014,113.95014,113.95014
200922W,2009101721,118.0,123.0,128.0,138.0,118.0,118.0,118.0,105.42623,105.42623,105.42623
200922W,2009101800,120.0,125.0,130.0,140.0,120.0,120.0,120.0,105.010796,105.010796,105.010796
200922W,2009101803,123.0,128.0,133.0,135.0,123.0,123.0,123.0,95.971695,95.971695,95.971695
200922W,2009101806,125.0,130.0,135.0,130.0,125.0,125.0,125.0,96.41777,96.41777,96.41777
200922W,2009101809,128.0,133.0,138.0,125.0,128.0,128.0,128.0,115.51757,115.51757,115.51757
200922W,2009101812,130.0,135.0,140.0,120.0,130.0,130.0,130.0,104.64365,104.64365,104.64365
200922W,2009101815,133.0,138.0,135.0,115.0,133.0,133.0,133.0,118.30905,118.30905,118.30905
200922W,2009101818,135.0,140.0,130.0,110.0,135.0,135.0,135.0,117.90919,117.90919,117.90919
200922W,2009101821,138.0,135.0,125.0,105.0,138.0,138.0,138.0,116.568085,116.568085,116.568085
200922W,2009101900,140.0,130.0,120.0,100.0,140.0,140.0,140.0,120.0618,120.0618,120.0618
200922W,2009101903,135.0,125.0,115.0,95.0,135.0,135.0,135.0,54.71329,54.71329,54.71329
200922W,2009101906,130.0,120.0,110.0,90.0,130.0,130.0,130.0,117.73093,117.73093,117.73093
200922W,2009101909,125.0,115.0,105.0,90.0,125.0,125.0,125.0,116.17247,116.17247,116.17247
200922W,2009101912,120.0,110.0,100.0,90.0,120.0,120.0,120.0,100.59381,100.59381,100.59381
200922W,2009101915,115.0,105.0,95.0,88.0,115.0,115.0,115.0,99.41081,99.41081,99.41081
200922W,2009101918,110.0,100.0,90.0,85.0,110.0,110.0,110.0,78.92403,78.92403,78.92403
200922W,2009101921,105.0,95.0,90.0,85.0,105.0,105.0,105.0,85.479164,85.479164,85.479164
200922W,2009102000,100.0,90.0,90.0,85.0,100.0,100.0,100.0,88.16384,88.16384,88.16384
200922W,2009102003,95.0,90.0,88.0,80.0,95.0,95.0,95.0,103.857506,103.857506,103.857506
200922W,2009102006,90.0,90.0,85.0,75.0,90.0,90.0,90.0,86.81312,86.81312,86.81312
200922W,2009102009,90.0,88.0,85.0,75.0,90.0,90.0,90.0,110.26732,110.26732,110.26732
200922W,2009102012,90.0,85.0,85.0,75.0,90.0,90.0,90.0,94.112274,94.112274,94.112274
200922W,2009102015,88.0,85.0,80.0,75.0,88.0,88.0,88.0,97.60702,97.60702,97.60702
200922W,2009102018,85.0,85.0,75.0,75.0,85.0,85.0,85.0,76.16957,76.16957,76.16957
200922W,2009102021,85.0,80.0,75.0,75.0,85.0,85.0,85.0,95.20021,95.20021,95.20021
200922W,2009102100,85.0,75.0,75.0,75.0,85.0,85.0,85.0,96.097244,96.097244,96.097244
200922W,2009102103,80.0,75.0,75.0,75.0,80.0,80.0,80.0,84.36362,84.36362,84.36362
200922W,2009102106,75.0,75.0,75.0,75.0,75.0,75.0,75.0,72.69515,72.69515,72.69515
200922W,2009102109,75.0,75.0,75.0,75.0,75.0,75.0,75.0,83.641075,83.641075,83.641075
200922W,2009102112,75.0,75.0,75.0,75.0,75.0,75.0,75.0,80.197235,80.197235,80.197235
200922W,2009102115,75.0,75.0,75.0,75.0,75.0,75.0,75.0,68.9857,68.9857,68.9857
200922W,2009102118,75.0,75.0,75.0,75.0,75.0,75.0,75.0,76.66535,76.66535,76.66535
200922W,2009102121,75.0,75.0,75.0,70.0,75.0,75.0,75.0,92.649734,92.649734,92.649734
200922W,2009102200,75.0,75.0,75.0,65.0,75.0,75.0,75.0,69.29395,69.29395,69.29395
200922W,2009102203,75.0,75.0,75.0,60.0,75.0,75.0,75.0,73.11366,73.11366,73.11366
200922W,2009102206,75.0,75.0,75.0,55.0,75.0,75.0,75.0,58.92073,58.92073,58.92073
200922W,2009102209,75.0,75.0,70.0,55.0,75.0,75.0,75.0,62.217056,62.217056,62.217056
200922W,2009102212,75.0,75.0,65.0,55.0,75.0,75.0,75.0,59.535194,59.535194,59.535194
200922W,2009102215,75.0,70.0,60.0,55.0,75.0,75.0,75.0,68.04376,68.04376,68.04376
200922W,2009102218,75.0,65.0,55.0,55.0,75.0,75.0,75.0,71.92776,71.92776,71.92776
200922W,2009102221,70.0,60.0,55.0,55.0,70.0,70.0,70.0,65.03125,65.03125,65.03125
200922W,2009102300,65.0,55.0,55.0,55.0,65.0,65.0,65.0,53.294724,53.294724,53.294724
200922W,2009102303,60.0,55.0,55.0,55.0,60.0,60.0,60.0,53.390915,53.390915,53.390915
200922W,2009102306,55.0,55.0,55.0,55.0,55.0,55.0,55.0,58.51404,58.51404,58.51404
200922W,2009102309,55.0,55.0,55.0,55.0,55.0,55.0,55.0,53.28828,53.28828,53.28828
200922W,2009102312,55.0,55.0,55.0,55.0,55.0,55.0,55.0,56.299488,56.299488,56.299488
200922W,2009102315,55.0,55.0,55.0,55.0,55.0,55.0,55.0,48.59993,48.59993,48.59993
200922W,2009102318,55.0,55.0,55.0,55.0,55.0,55.0,55.0,56.54048,56.54048,56.54048
200922W,2009102321,55.0,55.0,55.0,55.0,55.0,55.0,55.0,73.14041,73.14041,73.14041
200922W,2009102400,55.0,55.0,55.0,55.0,55.0,55.0,55.0,47.660458,47.660458,47.660458
200922W,2009102403,55.0,55.0,55.0,53.0,55.0,55.0,55.0,69.33898,69.33898,69.33898
200922W,2009102406,55.0,55.0,55.0,50.0,55.0,55.0,55.0,59.4899,59.4899,59.4899
200922W,2009102409,55.0,55.0,55.0,50.0,55.0,55.0,55.0,64.89218,64.89218,64.89218
200922W,2009102412,55.0,55.0,55.0,50.0,55.0,55.0,55.0,64.81325,64.81325,64.81325
200922W,2009102415,55.0,55.0,53.0,48.0,55.0,55.0,55.0,75.59707,75.59707,75.59707
200922W,2009102418,55.0,55.0,50.0,45.0,55.0,55.0,55.0,60.45383,60.45383,60.45383
200922W,2009102421,55.0,53.0,50.0,45.0,55.0,55.0,55.0,55.664223,55.664223,55.664223
200922W,2009102500,55.0,50.0,50.0,45.0,55.0,55.0,55.0,64.632866,64.632866,64.632866
200922W,2009102503,53.0,50.0,48.0,43.0,53.0,53.0,53.0,40.24983,40.24983,40.24983
200922W,2009102506,50.0,50.0,45.0,40.0,50.0,50.0,50.0,40.131275,40.131275,40.131275
200922W,2009102509,50.0,48.0,45.0,38.0,50.0,50.0,50.0,47.77694,47.77694,47.77694
200922W,2009102512,50.0,45.0,45.0,35.0,50.0,50.0,50.0,47.493614,47.493614,47.493614
200922W,2009102515,48.0,45.0,43.0,35.0,48.0,48.0,48.0,43.481064,43.481064,43.481064
200922W,2009102518,45.0,45.0,40.0,35.0,45.0,45.0,45.0,44.10935,44.10935,44.10935
200922W,2009102521,45.0,43.0,38.0,35.0,45.0,45.0,45.0,42.889256,42.889256,42.889256
200922W,2009102600,45.0,40.0,35.0,35.0,45.0,45.0,45.0,36.716095,36.716095,36.716095
201003I,2010053106,30.0,30.0,35.0,55.0,30.0,30.0,30.0,25.713566,25.713566,25.713566
201003I,2010053109,30.0,33.0,40.0,58.0,30.0,30.0,30.0,28.258446,28.258446,28.258446
201003I,2010053112,30.0,35.0,45.0,60.0,30.0,30.0,30.0,25.737919,25.737919,25.737919
201003I,2010053115,33.0,40.0,50.0,68.0,33.0,33.0,33.0,35.296295,35.296295,35.296295
201003I,2010053118,35.0,45.0,55.0,75.0,35.0,35.0,35.0,31.887398,31.887398,31.887398
201003I,2010053121,40.0,50.0,58.0,83.0,40.0,40.0,40.0,33.313572,33.313572,33.313572
201003I,2010060100,45.0,55.0,60.0,90.0,45.0,45.0,45.0,35.812717,35.812717,35.812717
201003I,2010060103,50.0,58.0,68.0,103.0,50.0,50.0,50.0,41.954872,41.954872,41.954872
201003I,2010060106,55.0,60.0,75.0,115.0,55.0,55.0,55.0,42.88218,42.88218,42.88218
201003I,2010060109,58.0,68.0,83.0,120.0,58.0,58.0,58.0,42.32467,42.32467,42.32467
201003I,2010060112,60.0,75.0,90.0,125.0,60.0,60.0,60.0,51.978382,51.978382,51.978382
201003I,2010060115,68.0,83.0,103.0,123.0,68.0,68.0,68.0,46.2857,46.2857,46.2857
201003I,2010060118,75.0,90.0,115.0,120.0,75.0,75.0,75.0,53.95626,53.95626,53.95626
201003I,2010060121,83.0,103.0,120.0,120.0,83.0,83.0,83.0,77.49309,77.49309,77.49309
201003I,2010060200,90.0,115.0,125.0,120.0,90.0,90.0,90.0,99.033775,99.033775,99.033775
201003I,2010060203,103.0,120.0,123.0,118.0,103.0,103.0,103.0,97.99146,97.99146,97.99146
201003I,2010060206,115.0,125.0,120.0,115.0,115.0,115.0,115.0,54.31085,54.31085,54.31085
201003I,2010060209,120.0,123.0,120.0,113.0,120.0,120.0,120.0,104.250694,104.250694,104.250694
201003I,2010060212,125.0,120.0,120.0,110.0,125.0,125.0,125.0,106.75627,106.75627,106.75627
201003I,2010060215,123.0,120.0,118.0,108.0,123.0,123.0,123.0,53.887093,53.887093,53.887093
201003I,2010060218,120.0,120.0,115.0,105.0,120.0,120.0,120.0,41.515537,41.515537,41.515537
201003I,2010060221,120.0,118.0,113.0,98.0,120.0,120.0,120.0,43.513184,43.513184,43.513184
201003I,2010060300,120.0,115.0,110.0,90.0,120.0,120.0,120.0,44.614502,44.614502,44.614502
201003I,2010060303,118.0,113.0,108.0,83.0,118.0,118.0,118.0,48.35229,48.35229,48.35229
201003I,2010060306,115.0,110.0,105.0,75.0,115.0,115.0,115.0,59.652863,59.652863,59.652863
201003I,2010060309,113.0,108.0,98.0,70.0,113.0,113.0,113.0,47.73393,47.73393,47.73393
201003I,2010060312,110.0,105.0,90.0,65.0,110.0,110.0,110.0,48.212757,48.212757,48.212757
201003I,2010060315,108.0,98.0,83.0,60.0,108.0,108.0,108.0,57.690636,57.690636,57.690636
201003I,2010060318,105.0,90.0,75.0,55.0,105.0,105.0,105.0,73.55731,73.55731,73.55731
201003I,2010060321,98.0,83.0,70.0,50.0,98.0,98.0,98.0,78.89744,78.89744,78.89744
201003I,2010060400,90.0,75.0,65.0,45.0,90.0,90.0,90.0,57.339153,57.339153,57.339153
201003I,2010060403,83.0,70.0,60.0,43.0,83.0,83.0,83.0,54.92493,54.92493,54.92493
201003I,2010060406,75.0,65.0,55.0,40.0,75.0,75.0,75.0,54.07443,54.07443,54.07443
201003I,2010060409,70.0,60.0,50.0,40.0,70.0,70.0,70.0,49.76328,49.76328,49.76328
201003I,2010060412,65.0,55.0,45.0,40.0,65.0,65.0,65.0,48.311802,48.311802,48.311802
201003I,2010060415,60.0,50.0,43.0,38.0,60.0,60.0,60.0,43.3674,43.3674,43.3674
201003I,2010060418,55.0,45.0,40.0,35.0,55.0,55.0,55.0,41.241276,41.241276,41.241276
201003I,2010060421,50.0,43.0,40.0,35.0,50.0,50.0,50.0,36.53124,36.53124,36.53124
201003I,2010060500,45.0,40.0,40.0,35.0,45.0,45.0,45.0,30.509201,30.509201,30.509201
201003I,2010060503,43.0,40.0,38.0,35.0,43.0,43.0,43.0,30.976791,30.976791,30.976791
201003I,2010060506,40.0,40.0,35.0,35.0,40.0,40.0,40.0,27.444992,27.444992,27.444992
201003I,2010060509,40.0,38.0,35.0,33.0,40.0,40.0,40.0,33.4443,33.4443,33.4443
201003I,2010060512,40.0,35.0,35.0,30.0,40.0,40.0,40.0,30.05427,30.05427,30.05427
201003I,2010060515,38.0,35.0,35.0,30.0,38.0,38.0,38.0,30.776585,30.776585,30.776585
201003I,2010060518,35.0,35.0,35.0,30.0,35.0,35.0,35.0,29.805487,29.805487,29.805487
201003I,2010060521,35.0,35.0,33.0,28.0,35.0,35.0,35.0,27.721027,27.721027,27.721027
201003I,2010060600,35.0,35.0,30.0,25.0,35.0,35.0,35.0,26.909744,26.909744,26.909744
201003I,2010060603,35.0,33.0,30.0,28.0,35.0,35.0,35.0,28.625437,28.625437,28.625437
201003I,2010060606,35.0,30.0,30.0,30.0,35.0,35.0,35.0,33.880104,33.880104,33.880104
201008E,2010082018,30.0,30.0,25.0,25.0,30.0,30.0,30.0,26.265411,26.265411,26.265411
201008E,2010082021,30.0,28.0,25.0,25.0,30.0,30.0,30.0,25.538227,25.538227,25.538227
201008E,2010082100,30.0,25.0,25.0,25.0,30.0,30.0,30.0,26.644213,26.644213,26.644213
201008E,2010082103,28.0,25.0,25.0,25.0,28.0,28.0,28.0,26.362347,26.362347,26.362347
201008E,2010082106,25.0,25.0,25.0,25.0,25.0,25.0,25.0,38.875813,38.875813,38.875813
201008E,2010082109,25.0,25.0,25.0,23.0,25.0,25.0,25.0,28.629683,28.629683,28.629683
201008E,2010082112,25.0,25.0,25.0,20.0,25.0,25.0,25.0,31.471867,31.471867,31.471867
201008E,2010082115,25.0,25.0,25.0,20.0,25.0,25.0,25.0,27.373152,27.373152,27.373152
201008E,2010082118,25.0,25.0,25.0,20.0,25.0,25.0,25.0,27.642504,27.642504,27.642504
201008E,2010082121,25.0,25.0,23.0,20.0,25.0,25.0,25.0,28.728668,28.728668,28.728668
201008E,2010082200,25.0,25.0,20.0,20.0,25.0,25.0,25.0,29.796827,29.796827,29.796827
201008W,2010082812,30.0,35.0,40.0,45.0,30.0,30.0,30.0,37.415108,37.415108,37.415108
201008W,2010082815,33.0,38.0,43.0,50.0,33.0,33.0,33.0,38.515373,38.515373,38.515373
201008W,2010082818,35.0,40.0,45.0,55.0,35.0,35.0,35.0,30.132896,30.132896,30.132896
201008W,2010082821,38.0,43.0,45.0,58.0,38.0,38.0,38.0,32.957016,32.957016,32.957016
201008W,2010082900,40.0,45.0,45.0,60.0,40.0,40.0,40.0,31.308525,31.308525,31.308525
201008W,2010082903,43.0,45.0,50.0,65.0,43.0,43.0,43.0,33.722496,33.722496,33.722496
201008W,2010082906,45.0,45.0,55.0,70.0,45.0,45.0,45.0,32.61337,32.61337,32.61337
201008W,2010082909,45.0,50.0,58.0,75.0,45.0,45.0,45.0,38.60706,38.60706,38.60706
201008W,2010082912,45.0,55.0,60.0,80.0,45.0,45.0,45.0,40.297085,40.297085,40.297085
201008W,2010082915,50.0,58.0,65.0,85.0,50.0,50.0,50.0,34.64658,34.64658,34.64658
201008W,2010082918,55.0,60.0,70.0,90.0,55.0,55.0,55.0,37.253178,37.253178,37.253178
201008W,2010082921,58.0,65.0,75.0,93.0,58.0,58.0,58.0,34.382534,34.382534,34.382534
201008W,2010083000,60.0,70.0,80.0,95.0,60.0,60.0,60.0,35.816277,35.816277,35.816277
201008W,2010083003,65.0,75.0,85.0,95.0,65.0,65.0,65.0,35.298145,35.298145,35.298145
201008W,2010083006,70.0,80.0,90.0,95.0,70.0,70.0,70.0,46.15585,46.15585,46.15585
201008W,2010083009,75.0,85.0,93.0,98.0,75.0,75.0,75.0,43.729458,43.729458,43.729458
201008W,2010083012,80.0,90.0,95.0,100.0,80.0,80.0,80.0,40.232693,40.232693,40.232693
201008W,2010083015,85.0,93.0,95.0,100.0,85.0,85.0,85.0,40.421246,40.421246,40.421246
201008W,2010083018,90.0,95.0,95.0,100.0,90.0,90.0,90.0,43.459347,43.459347,43.459347
201008W,2010083021,93.0,95.0,98.0,103.0,93.0,93.0,93.0,35.13888,35.13888,35.13888
201008W,2010083100,95.0,95.0,100.0,105.0,95.0,95.0,95.0,77.39978,77.39978,77.39978
201008W,2010083103,95.0,98.0,100.0,103.0,95.0,95.0,95.0,32.898655,32.898655,32.898655
201008W,2010083106,95.0,100.0,100.0,100.0,95.0,95.0,95.0,41.827362,41.827362,41.827362
201008W,2010083109,98.0,100.0,103.0,98.0,98.0,98.0,98.0,34.370533,34.370533,34.370533
201008W,2010083112,100.0,100.0,105.0,95.0,100.0,100.0,100.0,38.593826,38.593826,38.593826
201008W,2010083115,100.0,103.0,103.0,88.0,100.0,100.0,100.0,63.532345,63.532345,63.532345
201008W,2010083118,100.0,105.0,100.0,80.0,100.0,100.0,100.0,42.131042,42.131042,42.131042
201008W,2010083121,103.0,103.0,98.0,73.0,103.0,103.0,103.0,63.022945,63.022945,63.022945
201008W,2010090100,105.0,100.0,95.0,65.0,105.0,105.0,105.0,79.66617,79.66617,79.66617
201008W,2010090103,103.0,98.0,88.0,63.0,103.0,103.0,103.0,107.59269,107.59269,107.59269
201008W,2010090106,100.0,95.0,80.0,60.0,100.0,100.0,100.0,108.01562,108.01562,108.01562
201008W,2010090109,98.0,88.0,73.0,55.0,98.0,98.0,98.0,89.92767,89.92767,89.92767
201008W,2010090112,95.0,80.0,65.0,50.0,95.0,95.0,95.0,59.46115,59.46115,59.46115
201008W,2010090115,88.0,73.0,63.0,48.0,88.0,88.0,88.0,49.493874,49.493874,49.493874
201008W,2010090118,80.0,65.0,60.0,45.0,80.0,80.0,80.0,51.824993,51.824993,51.824993
201008W,2010090121,73.0,63.0,55.0,43.0,73.0,73.0,73.0,48.798313,48.798313,48.798313
201008W,2010090200,65.0,60.0,50.0,40.0,65.0,65.0,65.0,42.37948,42.37948,42.37948
201008W,2010090203,63.0,55.0,48.0,38.0,63.0,63.0,63.0,33.050095,33.050095,33.050095
201008W,2010090206,60.0,50.0,45.0,35.0,60.0,60.0,60.0,26.382473,26.382473,26.382473
201009E,2010082206,30.0,40.0,50.0,50.0,30.0,30.0,30.0,25.663063,25.663063,25.663063
201009E,2010082209,35.0,45.0,50.0,48.0,35.0,35.0,35.0,25.00359,25.00359,25.00359
201009E,2010082212,40.0,50.0,50.0,45.0,40.0,40.0,40.0,28.706375,28.706375,28.706375
201009E,2010082215,45.0,50.0,50.0,45.0,45.0,45.0,45.0,30.193245,30.193245,30.193245
201009E,2010082218,50.0,50.0,50.0,45.0,50.0,50.0,50.0,35.83542,35.83542,35.83542
201009E,2010082221,50.0,50.0,48.0,45.0,50.0,50.0,50.0,28.353182,28.353182,28.353182
201009E,2010082300,50.0,50.0,45.0,45.0,50.0,50.0,50.0,28.458305,28.458305,28.458305
201009E,2010082303,50.0,48.0,45.0,48.0,50.0,50.0,50.0,30.075096,30.075096,30.075096
201009E,2010082306,50.0,45.0,45.0,50.0,50.0,50.0,50.0,31.74981,31.74981,31.74981
201009E,2010082309,48.0,45.0,45.0,53.0,48.0,48.0,48.0,30.844666,30.844666,30.844666
201009E,2010082312,45.0,45.0,45.0,55.0,45.0,45.0,45.0,31.395214,31.395214,31.395214
201009E,2010082315,45.0,45.0,48.0,55.0,45.0,45.0,45.0,30.100433,30.100433,30.100433
201009E,2010082318,45.0,45.0,50.0,55.0,45.0,45.0,45.0,34.39454,34.39454,34.39454
201009E,2010082321,45.0,48.0,53.0,58.0,45.0,45.0,45.0,29.491037,29.491037,29.491037
201009E,2010082400,45.0,50.0,55.0,60.0,45.0,45.0,45.0,28.724535,28.724535,28.724535
201009E,2010082403,48.0,53.0,55.0,60.0,48.0,48.0,48.0,27.127293,27.127293,27.127293
201009E,2010082406,50.0,55.0,55.0,60.0,50.0,50.0,50.0,29.713356,29.713356,29.713356
201009E,2010082409,53.0,55.0,58.0,63.0,53.0,53.0,53.0,28.97155,28.97155,28.97155
201009E,2010082412,55.0,55.0,60.0,65.0,55.0,55.0,55.0,31.16437,31.16437,31.16437
201009E,2010082415,55.0,58.0,60.0,65.0,55.0,55.0,55.0,31.067507,31.067507,31.067507
201009E,2010082418,55.0,60.0,60.0,65.0,55.0,55.0,55.0,34.608932,34.608932,34.608932
201009E,2010082421,58.0,60.0,63.0,68.0,58.0,58.0,58.0,39.928345,39.928345,39.928345
201009E,2010082500,60.0,60.0,65.0,70.0,60.0,60.0,60.0,34.729305,34.729305,34.729305
201009E,2010082503,60.0,63.0,65.0,70.0,60.0,60.0,60.0,25.774948,25.774948,25.774948
201009E,2010082506,60.0,65.0,65.0,70.0,60.0,60.0,60.0,36.04116,36.04116,36.04116
201009E,2010082509,63.0,65.0,68.0,73.0,63.0,63.0,63.0,39.832607,39.832607,39.832607
201009E,2010082512,65.0,65.0,70.0,75.0,65.0,65.0,65.0,40.06127,40.06127,40.06127
201009E,2010082515,65.0,68.0,70.0,78.0,65.0,65.0,65.0,45.75518,45.75518,45.75518
201009E,2010082518,65.0,70.0,70.0,80.0,65.0,65.0,65.0,44.857697,44.857697,44.857697
201009E,2010082521,68.0,70.0,73.0,78.0,68.0,68.0,68.0,37.590866,37.590866,37.590866
201009E,2010082600,70.0,70.0,75.0,75.0,70.0,70.0,70.0,44.959618,44.959618,44.959618
201009E,2010082603,70.0,73.0,78.0,73.0,70.0,70.0,70.0,33.162415,33.162415,33.162415
201009E,2010082606,70.0,75.0,80.0,70.0,70.0,70.0,70.0,35.186024,35.186024,35.186024
201009E,2010082609,73.0,78.0,78.0,68.0,73.0,73.0,73.0,37.833,37.833,37.833
201009E,2010082612,75.0,80.0,75.0,65.0,75.0,75.0,75.0,38.313404,38.313404,38.313404
201009E,2010082615,78.0,78.0,73.0,60.0,78.0,78.0,78.0,39.27345,39.27345,39.27345
201009E,2010082618,80.0,75.0,70.0,55.0,80.0,80.0,80.0,43.447323,43.447323,43.447323
201009E,2010082621,78.0,73.0,68.0,50.0,78.0,78.0,78.0,47.040768,47.040768,47.040768
201009E,2010082700,75.0,70.0,65.0,45.0,75.0,75.0,75.0,50.71024,50.71024,50.71024
201009E,2010082703,73.0,68.0,60.0,40.0,73.0,73.0,73.0,55.631172,55.631172,55.631172
201009E,2010082706,70.0,65.0,55.0,35.0,70.0,70.0,70.0,43.44054,43.44054,43.44054
201009E,2010082709,68.0,60.0,50.0,33.0,68.0,68.0,68.0,42.775536,42.775536,42.775536
201009E,2010082712,65.0,55.0,45.0,30.0,65.0,65.0,65.0,43.818607,43.818607,43.818607
201009E,2010082715,60.0,50.0,40.0,28.0,60.0,60.0,60.0,35.46129,35.46129,35.46129
201009E,2010082718,55.0,45.0,35.0,25.0,55.0,55.0,55.0,35.45217,35.45217,35.45217
201009E,2010082721,50.0,40.0,33.0,25.0,50.0,50.0,50.0,30.522173,30.522173,30.522173
201009E,2010082800,45.0,35.0,30.0,25.0,45.0,45.0,45.0,28.68841,28.68841,28.68841
201009S,2010012218,35.0,40.0,45.0,45.0,35.0,35.0,35.0,33.108253,33.108253,33.108253
201009S,2010012221,38.0,43.0,45.0,45.0,38.0,38.0,38.0,23.898327,23.898327,23.898327
201009S,2010012300,40.0,45.0,45.0,45.0,40.0,40.0,40.0,26.215801,26.215801,26.215801
201009S,2010012303,43.0,45.0,45.0,43.0,43.0,43.0,43.0,28.98084,28.98084,28.98084
201009S,2010012306,45.0,45.0,45.0,40.0,45.0,45.0,45.0,29.674002,29.674002,29.674002
201009S,2010012309,45.0,45.0,45.0,38.0,45.0,45.0,45.0,38.606537,38.606537,38.606537
201009S,2010012312,45.0,45.0,45.0,35.0,45.0,45.0,45.0,34.77617,34.77617,34.77617
201009S,2010012315,45.0,45.0,43.0,30.0,45.0,45.0,45.0,34.66596,34.66596,34.66596
201009S,2010012318,45.0,45.0,40.0,25.0,45.0,45.0,45.0,36.76826,36.76826,36.76826
201009S,2010012321,45.0,43.0,38.0,25.0,45.0,45.0,45.0,32.416584,32.416584,32.416584
201009S,2010012400,45.0,40.0,35.0,25.0,45.0,45.0,45.0,33.667698,33.667698,33.667698
201009S,2010012403,43.0,38.0,30.0,25.0,43.0,43.0,43.0,34.229553,34.229553,34.229553
201009S,2010012406,40.0,35.0,25.0,25.0,40.0,40.0,40.0,26.400265,26.400265,26.400265
201009S,2010012409,38.0,30.0,25.0,25.0,38.0,38.0,38.0,33.909733,33.909733,33.909733
201009S,2010012412,35.0,25.0,25.0,25.0,35.0,35.0,35.0,29.066217,29.066217,29.066217
201009S,2010012415,30.0,25.0,25.0,25.0,30.0,30.0,30.0,29.115425,29.115425,29.115425
201009S,2010012418,25.0,25.0,25.0,25.0,25.0,25.0,25.0,27.475204,27.475204,27.475204
201009S,2010012421,25.0,25.0,25.0,28.0,25.0,25.0,25.0,25.008919,25.008919,25.008919
201009S,2010012500,25.0,25.0,25.0,30.0,25.0,25.0,25.0,24.691927,24.691927,24.691927
201009S,2010012503,25.0,25.0,25.0,30.0,25.0,25.0,25.0,25.070889,25.070889,25.070889
201009S,2010012506,25.0,25.0,25.0,30.0,25.0,25.0,25.0,18.43871,18.43871,18.43871
201009S,2010012509,25.0,25.0,28.0,30.0,25.0,25.0,25.0,30.669909,30.669909,30.669909
201009S,2010012512,25.0,25.0,30.0,30.0,25.0,25.0,25.0,32.432087,32.432087,32.432087
201009S,2010012515,25.0,28.0,30.0,33.0,25.0,25.0,25.0,37.231064,37.231064,37.231064
201009S,2010012518,25.0,30.0,30.0,35.0,25.0,25.0,25.0,39.71812,39.71812,39.71812
201009S,2010012521,28.0,30.0,30.0,35.0,28.0,28.0,28.0,42.985973,42.985973,42.985973
201009S,2010012600,30.0,30.0,30.0,35.0,30.0,30.0,30.0,33.83678,33.83678,33.83678
201009S,2010012603,30.0,30.0,33.0,35.0,30.0,30.0,30.0,44.080624,44.080624,44.080624
201009S,2010012606,30.0,30.0,35.0,35.0,30.0,30.0,30.0,37.9698,37.9698,37.9698
201009S,2010012609,30.0,33.0,35.0,35.0,30.0,30.0,30.0,49.08514,49.08514,49.08514
201009S,2010012612,30.0,35.0,35.0,35.0,30.0,30.0,30.0,45.722836,45.722836,45.722836
201009S,2010012615,33.0,35.0,35.0,35.0,33.0,33.0,33.0,49.266384,49.266384,49.266384
201009S,2010012618,35.0,35.0,35.0,35.0,35.0,35.0,35.0,46.827034,46.827034,46.827034
201009S,2010012621,35.0,35.0,35.0,33.0,35.0,35.0,35.0,38.0956,38.0956,38.0956
201009S,2010012700,35.0,35.0,35.0,30.0,35.0,35.0,35.0,37.242813,37.242813,37.242813
201009S,2010012703,35.0,35.0,35.0,30.0,35.0,35.0,35.0,49.38448,49.38448,49.38448
201009S,2010012706,35.0,35.0,35.0,30.0,35.0,35.0,35.0,40.41245,40.41245,40.41245
201009S,2010012709,35.0,35.0,33.0,30.0,35.0,35.0,35.0,32.387352,32.387352,32.387352
201009S,2010012712,35.0,35.0,30.0,30.0,35.0,35.0,35.0,39.391247,39.391247,39.391247
201009S,2010012715,35.0,33.0,30.0,30.0,35.0,35.0,35.0,30.068981,30.068981,30.068981
201009S,2010012718,35.0,30.0,30.0,30.0,35.0,35.0,35.0,33.05818,33.05818,33.05818
201009S,2010012721,33.0,30.0,30.0,30.0,33.0,33.0,33.0,30.679852,30.679852,30.679852
201009S,2010012800,30.0,30.0,30.0,30.0,30.0,30.0,30.0,40.361565,40.361565,40.361565
201009S,2010012803,30.0,30.0,30.0,30.0,30.0,30.0,30.0,30.25484,30.25484,30.25484
201009S,2010012806,30.0,30.0,30.0,30.0,30.0,30.0,30.0,25.866001,25.866001,25.866001
201009S,2010012809,30.0,30.0,30.0,33.0,30.0,30.0,30.0,26.7721,26.7721,26.7721
201009S,2010012812,30.0,30.0,30.0,35.0,30.0,30.0,30.0,25.273247,25.273247,25.273247
201009S,2010012815,30.0,30.0,30.0,38.0,30.0,30.0,30.0,32.56907,32.56907,32.56907
201009S,2010012818,30.0,30.0,30.0,40.0,30.0,30.0,30.0,31.600307,31.600307,31.600307
201009S,2010012821,30.0,30.0,33.0,38.0,30.0,30.0,30.0,47.2204,47.2204,47.2204
201009S,2010012900,30.0,30.0,35.0,35.0,30.0,30.0,30.0,31.769663,31.769663,31.769663
201009S,2010012903,30.0,33.0,38.0,33.0,30.0,30.0,30.0,32.899803,32.899803,32.899803
201009S,2010012906,30.0,35.0,40.0,30.0,30.0,30.0,30.0,27.80436,27.80436,27.80436
201009S,2010012909,33.0,38.0,38.0,28.0,33.0,33.0,33.0,37.41028,37.41028,37.41028
201009S,2010012912,35.0,40.0,35.0,25.0,35.0,35.0,35.0,38.85627,38.85627,38.85627
201011L,2010090818,40.0,40.0,35.0,30.0,40.0,40.0,40.0,24.802015,24.802015,24.802015
201011L,2010090821,40.0,38.0,32.0,30.0,40.0,40.0,40.0,30.575968,30.575968,30.575968
201011L,2010090900,40.0,35.0,30.0,30.0,40.0,40.0,40.0,39.30399,39.30399,39.30399
201011L,2010090903,38.0,32.0,30.0,30.0,38.0,38.0,38.0,27.210852,27.210852,27.210852
201011L,2010090906,35.0,30.0,30.0,30.0,35.0,35.0,35.0,25.109,25.109,25.109
201011L,2010090909,32.0,30.0,30.0,32.0,32.0,32.0,32.0,22.795248,22.795248,22.795248
201011L,2010090912,30.0,30.0,30.0,35.0,30.0,30.0,30.0,26.879847,26.879847,26.879847
201011L,2010090915,30.0,30.0,30.0,38.0,30.0,30.0,30.0,33.140217,33.140217,33.140217
201011L,2010090918,30.0,30.0,30.0,40.0,30.0,30.0,30.0,25.191133,25.191133,25.191133
201011L,2010090921,30.0,30.0,32.0,45.0,30.0,30.0,30.0,36.671688,36.671688,36.671688
201011L,2010091000,30.0,30.0,35.0,50.0,30.0,30.0,30.0,36.52799,36.52799,36.52799
201011L,2010091003,30.0,32.0,38.0,55.0,30.0,30.0,30.0,37.387775,37.387775,37.387775
201011L,2010091006,30.0,35.0,40.0,60.0,30.0,30.0,30.0,36.535553,36.535553,36.535553
201011L,2010091009,32.0,38.0,45.0,60.0,32.0,32.0,32.0,34.908844,34.908844,34.908844
201011L,2010091012,35.0,40.0,50.0,60.0,35.0,35.0,35.0,36.761913,36.761913,36.761913
201011L,2010091015,38.0,45.0,55.0,60.0,38.0,38.0,38.0,46.08036,46.08036,46.08036
201011L,2010091018,40.0,50.0,60.0,60.0,40.0,40.0,40.0,47.347267,47.347267,47.347267
201011L,2010091021,45.0,55.0,60.0,62.0,45.0,45.0,45.0,47.737926,47.737926,47.737926
201011L,2010091100,50.0,60.0,60.0,65.0,50.0,50.0,50.0,53.023857,53.023857,53.023857
201011L,2010091103,55.0,60.0,60.0,68.0,55.0,55.0,55.0,40.853146,40.853146,40.853146
201011L,2010091106,60.0,60.0,60.0,70.0,60.0,60.0,60.0,56.615997,56.615997,56.615997
201011L,2010091109,60.0,60.0,62.0,80.0,60.0,60.0,60.0,47.855328,47.855328,47.855328
201011L,2010091112,60.0,60.0,65.0,90.0,60.0,60.0,60.0,56.37872,56.37872,56.37872
201011L,2010091115,60.0,62.0,68.0,102.0,60.0,60.0,60.0,50.17109,50.17109,50.17109
201011L,2010091118,60.0,65.0,70.0,115.0,60.0,60.0,60.0,43.3004,43.3004,43.3004
201011L,2010091121,62.0,68.0,80.0,122.0,62.0,62.0,62.0,56.4975,56.4975,56.4975
201011L,2010091200,65.0,70.0,90.0,130.0,65.0,65.0,65.0,48.019836,48.019836,48.019836
201011L,2010091203,68.0,80.0,102.0,130.0,68.0,68.0,68.0,66.56022,66.56022,66.56022
201011L,2010091206,70.0,90.0,115.0,130.0,70.0,70.0,70.0,73.237236,73.237236,73.237236
201011L,2010091209,80.0,102.0,122.0,130.0,80.0,80.0,80.0,75.897415,75.897415,75.897415
201011L,2010091212,90.0,115.0,130.0,130.0,90.0,90.0,90.0,90.180954,90.180954,90.180954
201011L,2010091215,102.0,122.0,130.0,128.0,102.0,102.0,102.0,100.18424,100.18424,100.18424
201011L,2010091218,115.0,130.0,130.0,125.0,115.0,115.0,115.0,118.47077,118.47077,118.47077
201011L,2010091221,122.0,130.0,130.0,125.0,122.0,122.0,122.0,117.636284,117.636284,117.636284
201011L,2010091300,130.0,130.0,130.0,125.0,130.0,130.0,130.0,120.71729,120.71729,120.71729
201011L,2010091303,130.0,130.0,128.0,120.0,130.0,130.0,130.0,118.84804,118.84804,118.84804
201011L,2010091306,130.0,130.0,125.0,115.0,130.0,130.0,130.0,107.83244,107.83244,107.83244
201011L,2010091309,130.0,128.0,125.0,115.0,130.0,130.0,130.0,122.51572,122.51572,122.51572
201011L,2010091312,130.0,125.0,125.0,115.0,130.0,130.0,130.0,118.78877,118.78877,118.78877
201011L,2010091315,128.0,125.0,120.0,120.0,128.0,128.0,128.0,114.58317,114.58317,114.58317
201011L,2010091318,125.0,125.0,115.0,125.0,125.0,125.0,125.0,114.40767,114.40767,114.40767
201011L,2010091321,125.0,120.0,115.0,130.0,125.0,125.0,125.0,122.82448,122.82448,122.82448
201011L,2010091400,125.0,115.0,115.0,135.0,125.0,125.0,125.0,118.23769,118.23769,118.23769
201011L,2010091403,120.0,115.0,120.0,130.0,120.0,120.0,120.0,114.991394,114.991394,114.991394
201011L,2010091406,115.0,115.0,125.0,125.0,115.0,115.0,115.0,109.34515,109.34515,109.34515
201011L,2010091409,115.0,120.0,130.0,120.0,115.0,115.0,115.0,118.57418,118.57418,118.57418
201011L,2010091412,115.0,125.0,135.0,115.0,115.0,115.0,115.0,115.752815,115.752815,115.752815
201011L,2010091415,120.0,130.0,130.0,115.0,120.0,120.0,120.0,106.251274,106.251274,106.251274
201011L,2010091418,125.0,135.0,125.0,115.0,125.0,125.0,125.0,113.08572,113.08572,113.08572
201011L,2010091421,130.0,130.0,120.0,118.0,130.0,130.0,130.0,121.7954,121.7954,121.7954
201011L,2010091500,135.0,125.0,115.0,120.0,135.0,135.0,135.0,121.631454,121.631454,121.631454
201011L,2010091503,130.0,120.0,115.0,122.0,130.0,130.0,130.0,117.91839,117.91839,117.91839
201011L,2010091506,125.0,115.0,115.0,125.0,125.0,125.0,125.0,120.85393,120.85393,120.85393
201011L,2010091509,120.0,115.0,118.0,122.0,120.0,120.0,120.0,109.01942,109.01942,109.01942
201011L,2010091512,115.0,115.0,120.0,120.0,115.0,115.0,115.0,97.73343,97.73343,97.73343
201011L,2010091515,115.0,118.0,122.0,118.0,115.0,115.0,115.0,108.45558,108.45558,108.45558
201011L,2010091518,115.0,120.0,125.0,115.0,115.0,115.0,115.0,105.50627,105.50627,105.50627
201011L,2010091521,118.0,122.0,122.0,115.0,118.0,118.0,118.0,99.81897,99.81897,99.81897
201011L,2010091600,120.0,125.0,120.0,115.0,120.0,120.0,120.0,92.5098,92.5098,92.5098
201011L,2010091603,122.0,122.0,118.0,112.0,122.0,122.0,122.0,107.83454,107.83454,107.83454
201011L,2010091606,125.0,120.0,115.0,110.0,125.0,125.0,125.0,106.033165,106.033165,106.033165
201011L,2010091609,122.0,118.0,115.0,105.0,122.0,122.0,122.0,115.017105,115.017105,115.017105
201011L,2010091612,120.0,115.0,115.0,100.0,120.0,120.0,120.0,94.44655,94.44655,94.44655
201011L,2010091615,118.0,115.0,112.0,95.0,118.0,118.0,118.0,100.63444,100.63444,100.63444
201011L,2010091618,115.0,115.0,110.0,90.0,115.0,115.0,115.0,92.12695,92.12695,92.12695
201011L,2010091621,115.0,112.0,105.0,90.0,115.0,115.0,115.0,87.619026,87.619026,87.619026
201011L,2010091700,115.0,110.0,100.0,90.0,115.0,115.0,115.0,86.14309,86.14309,86.14309
201011L,2010091703,112.0,105.0,95.0,88.0,112.0,112.0,112.0,107.214645,107.214645,107.214645
201011L,2010091706,110.0,100.0,90.0,85.0,110.0,110.0,110.0,88.44803,88.44803,88.44803
201011L,2010091709,105.0,95.0,90.0,85.0,105.0,105.0,105.0,61.775074,61.775074,61.775074
201011L,2010091712,100.0,90.0,90.0,85.0,100.0,100.0,100.0,72.93893,72.93893,72.93893
201011L,2010091715,95.0,90.0,88.0,82.0,95.0,95.0,95.0,83.33144,83.33144,83.33144
201011L,2010091718,90.0,90.0,85.0,80.0,90.0,90.0,90.0,96.6726,96.6726,96.6726
201011L,2010091721,90.0,88.0,85.0,80.0,90.0,90.0,90.0,94.23118,94.23118,94.23118
201011L,2010091800,90.0,85.0,85.0,80.0,90.0,90.0,90.0,107.029144,107.029144,107.029144
201011L,2010091803,88.0,85.0,82.0,78.0,88.0,88.0,88.0,104.38794,104.38794,104.38794
201011L,2010091806,85.0,85.0,80.0,75.0,85.0,85.0,85.0,98.61961,98.61961,98.61961
201011L,2010091809,85.0,82.0,80.0,75.0,85.0,85.0,85.0,97.554016,97.554016,97.554016
201011L,2010091812,85.0,80.0,80.0,75.0,85.0,85.0,85.0,83.891174,83.891174,83.891174
201011L,2010091815,82.0,80.0,78.0,72.0,82.0,82.0,82.0,72.17172,72.17172,72.17172
201011L,2010091818,80.0,80.0,75.0,70.0,80.0,80.0,80.0,85.404434,85.404434,85.404434
201011L,2010091821,80.0,78.0,75.0,68.0,80.0,80.0,80.0,73.98563,73.98563,73.98563
201011L,2010091900,80.0,75.0,75.0,65.0,80.0,80.0,80.0,85.26628,85.26628,85.26628
201011L,2010091903,78.0,75.0,72.0,65.0,78.0,78.0,78.0,78.12716,78.12716,78.12716
201011L,2010091906,75.0,75.0,70.0,65.0,75.0,75.0,75.0,81.5538,81.5538,81.5538
201011L,2010091909,75.0,72.0,68.0,65.0,75.0,75.0,75.0,72.65215,72.65215,72.65215
201011L,2010091912,75.0,70.0,65.0,65.0,75.0,75.0,75.0,79.06797,79.06797,79.06797
201011L,2010091915,72.0,68.0,65.0,65.0,72.0,72.0,72.0,65.69711,65.69711,65.69711
201011L,2010091918,70.0,65.0,65.0,65.0,70.0,70.0,70.0,59.59019,59.59019,59.59019
201011L,2010091921,68.0,65.0,65.0,65.0,68.0,68.0,68.0,62.534958,62.534958,62.534958
201011L,2010092000,65.0,65.0,65.0,65.0,65.0,65.0,65.0,57.98878,57.98878,57.98878
201011L,2010092003,65.0,65.0,65.0,65.0,65.0,65.0,65.0,59.117958,59.117958,59.117958
201011L,2010092006,65.0,65.0,65.0,65.0,65.0,65.0,65.0,58.877052,58.877052,58.877052
201011L,2010092009,65.0,65.0,65.0,65.0,65.0,65.0,65.0,66.39722,66.39722,66.39722
201011L,2010092012,65.0,65.0,65.0,65.0,65.0,65.0,65.0,67.86396,67.86396,67.86396
201011L,2010092015,65.0,65.0,65.0,70.0,65.0,65.0,65.0,57.818295,57.818295,57.818295
201011L,2010092018,65.0,65.0,65.0,75.0,65.0,65.0,65.0,58.150173,58.150173,58.150173
201011L,2010092021,65.0,65.0,65.0,75.0,65.0,65.0,65.0,68.05538,68.05538,68.05538
201011L,2010092100,65.0,65.0,65.0,75.0,65.0,65.0,65.0,69.88388,69.88388,69.88388
201011L,2010092103,65.0,65.0,70.0,72.0,65.0,65.0,65.0,59.99058,59.99058,59.99058
201011L,2010092106,65.0,65.0,75.0,70.0,65.0,65.0,65.0,48.001747,48.001747,48.001747
201011L,2010092109,65.0,70.0,75.0,70.0,65.0,65.0,65.0,41.68189,41.68189,41.68189
201011L,2010092112,65.0,75.0,75.0,70.0,65.0,65.0,65.0,45.382927,45.382927,45.382927
201011L,2010092115,70.0,75.0,72.0,68.0,70.0,70.0,70.0,52.83102,52.83102,52.83102
201011L,2010092118,75.0,75.0,70.0,65.0,75.0,75.0,75.0,52.1934,52.1934,52.1934
201011L,2010092121,75.0,72.0,70.0,62.0,75.0,75.0,75.0,64.22406,64.22406,64.22406
201011L,2010092200,75.0,70.0,70.0,60.0,75.0,75.0,75.0,64.22406,64.22406,64.22406
201012S,2010013100,30.0,30.0,30.0,35.0,30.0,30.0,30.0,22.218866,22.218866,22.218866
201012S,2010013103,30.0,30.0,30.0,40.0,30.0,30.0,30.0,31.628895,31.628895,31.628895
201012S,2010013106,30.0,30.0,30.0,45.0,30.0,30.0,30.0,42.714817,42.714817,42.714817
201012S,2010013109,30.0,30.0,33.0,48.0,30.0,30.0,30.0,25.12245,25.12245,25.12245
201012S,2010013112,30.0,30.0,35.0,50.0,30.0,30.0,30.0,28.181429,28.181429,28.181429
201012S,2010013115,30.0,33.0,40.0,50.0,30.0,30.0,30.0,35.23799,35.23799,35.23799
201012S,2010013118,30.0,35.0,45.0,50.0,30.0,30.0,30.0,31.272425,31.272425,31.272425
201012S,2010013121,33.0,40.0,48.0,50.0,33.0,33.0,33.0,26.689411,26.689411,26.689411
201012S,2010020100,35.0,45.0,50.0,50.0,35.0,35.0,35.0,29.590178,29.590178,29.590178
201012S,2010020103,40.0,48.0,50.0,50.0,40.0,40.0,40.0,27.228216,27.228216,27.228216
201012S,2010020106,45.0,50.0,50.0,50.0,45.0,45.0,45.0,28.204407,28.204407,28.204407
201012S,2010020109,48.0,50.0,50.0,50.0,48.0,48.0,48.0,39.4159,39.4159,39.4159
201012S,2010020112,50.0,50.0,50.0,50.0,50.0,50.0,50.0,31.261633,31.261633,31.261633
201012S,2010020115,50.0,50.0,50.0,50.0,50.0,50.0,50.0,40.367756,40.367756,40.367756
201012S,2010020118,50.0,50.0,50.0,50.0,50.0,50.0,50.0,37.687794,37.687794,37.687794
201012S,2010020121,50.0,50.0,50.0,53.0,50.0,50.0,50.0,40.648525,40.648525,40.648525
201012S,2010020200,50.0,50.0,50.0,55.0,50.0,50.0,50.0,24.782211,24.782211,24.782211
201012S,2010020203,50.0,50.0,50.0,58.0,50.0,50.0,50.0,26.734968,26.734968,26.734968
201012S,2010020206,50.0,50.0,50.0,60.0,50.0,50.0,50.0,26.258734,26.258734,26.258734
201012S,2010020209,50.0,50.0,53.0,63.0,50.0,50.0,50.0,32.720123,32.720123,32.720123
201012S,2010020212,50.0,50.0,55.0,65.0,50.0,50.0,50.0,38.062172,38.062172,38.062172
201012S,2010020215,50.0,53.0,58.0,70.0,50.0,50.0,50.0,36.013107,36.013107,36.013107
201012S,2010020218,50.0,55.0,60.0,75.0,50.0,50.0,50.0,37.574696,37.574696,37.574696
201012S,2010020221,53.0,58.0,63.0,80.0,53.0,53.0,53.0,33.52015,33.52015,33.52015
201012S,2010020300,55.0,60.0,65.0,85.0,55.0,55.0,55.0,39.61521,39.61521,39.61521
201012S,2010020303,58.0,63.0,70.0,90.0,58.0,58.0,58.0,34.34683,34.34683,34.34683
201012S,2010020306,60.0,65.0,75.0,95.0,60.0,60.0,60.0,47.491657,47.491657,47.491657
201012S,2010020309,63.0,70.0,80.0,105.0,63.0,63.0,63.0,43.369087,43.369087,43.369087
201012S,2010020312,65.0,75.0,85.0,115.0,65.0,65.0,65.0,53.088573,53.088573,53.088573
201012S,2010020315,70.0,80.0,90.0,115.0,70.0,70.0,70.0,66.2572,66.2572,66.2572
201012S,2010020318,75.0,85.0,95.0,115.0,75.0,75.0,75.0,64.106155,64.106155,64.106155
201012S,2010020321,80.0,90.0,105.0,115.0,80.0,80.0,80.0,70.31985,70.31985,70.31985
201012S,2010020400,85.0,95.0,115.0,115.0,85.0,85.0,85.0,66.38283,66.38283,66.38283
201012S,2010020403,90.0,105.0,115.0,113.0,90.0,90.0,90.0,94.52211,94.52211,94.52211
201012S,2010020406,95.0,115.0,115.0,110.0,95.0,95.0,95.0,94.36286,94.36286,94.36286
201012S,2010020409,105.0,115.0,115.0,108.0,105.0,105.0,105.0,104.731285,104.731285,104.731285
201012S,2010020412,115.0,115.0,115.0,105.0,115.0,115.0,115.0,94.438286,94.438286,94.438286
201012S,2010020415,115.0,115.0,113.0,98.0,115.0,115.0,115.0,106.72826,106.72826,106.72826
201012S,2010020418,115.0,115.0,110.0,90.0,115.0,115.0,115.0,92.68752,92.68752,92.68752
201012S,2010020421,115.0,113.0,108.0,85.0,115.0,115.0,115.0,83.043976,83.043976,83.043976
201012S,2010020500,115.0,110.0,105.0,80.0,115.0,115.0,115.0,97.57409,97.57409,97.57409
201012S,2010020503,113.0,108.0,98.0,73.0,113.0,113.0,113.0,101.71563,101.71563,101.71563
201012S,2010020506,110.0,105.0,90.0,65.0,110.0,110.0,110.0,93.64649,93.64649,93.64649
201012S,2010020509,108.0,98.0,85.0,60.0,108.0,108.0,108.0,96.035965,96.035965,96.035965
201012S,2010020512,105.0,90.0,80.0,55.0,105.0,105.0,105.0,84.50877,84.50877,84.50877
201012S,2010020515,98.0,85.0,73.0,53.0,98.0,98.0,98.0,76.98102,76.98102,76.98102
201012S,2010020518,90.0,80.0,65.0,50.0,90.0,90.0,90.0,67.71814,67.71814,67.71814
201012S,2010020521,85.0,73.0,60.0,45.0,85.0,85.0,85.0,47.303036,47.303036,47.303036
201012S,2010020600,80.0,65.0,55.0,40.0,80.0,80.0,80.0,60.39406,60.39406,60.39406
201015L,2010092400,40.0,45.0,45.0,50.0,40.0,40.0,40.0,28.541832,28.541832,28.541832
201015L,2010092403,42.0,45.0,48.0,48.0,42.0,42.0,42.0,27.265934,27.265934,27.265934
201015L,2010092406,45.0,45.0,50.0,45.0,45.0,45.0,45.0,28.574482,28.574482,28.574482
201015L,2010092409,45.0,48.0,50.0,40.0,45.0,45.0,45.0,30.628014,30.628014,30.628014
201015L,2010092412,45.0,50.0,50.0,35.0,45.0,45.0,45.0,31.074455,31.074455,31.074455
201015L,2010092415,48.0,50.0,48.0,32.0,48.0,48.0,48.0,36.391033,36.391033,36.391033
201015L,2010092418,50.0,50.0,45.0,30.0,50.0,50.0,50.0,41.693054,41.693054,41.693054
201015L,2010092421,50.0,48.0,40.0,30.0,50.0,50.0,50.0,50.707264,50.707264,50.707264
201015L,2010092500,50.0,45.0,35.0,30.0,50.0,50.0,50.0,32.437717,32.437717,32.437717
201015L,2010092503,48.0,40.0,32.0,28.0,48.0,48.0,48.0,34.66192,34.66192,34.66192
201015L,2010092506,45.0,35.0,30.0,25.0,45.0,45.0,45.0,36.833454,36.833454,36.833454
201015L,2010092509,40.0,32.0,30.0,22.0,40.0,40.0,40.0,36.87586,36.87586,36.87586
201015L,2010092512,35.0,30.0,30.0,20.0,35.0,35.0,35.0,34.82631,34.82631,34.82631
201015L,2010092515,32.0,30.0,28.0,20.0,32.0,32.0,32.0,32.564766,32.564766,32.564766
201015L,2010092518,30.0,30.0,25.0,20.0,30.0,30.0,30.0,35.69705,35.69705,35.69705
201015W,2010101206,20.0,20.0,25.0,35.0,20.0,20.0,20.0,22.807789,22.807789,22.807789
201015W,2010101209,20.0,23.0,28.0,40.0,20.0,20.0,20.0,38.15643,38.15643,38.15643
201015W,2010101212,20.0,25.0,30.0,45.0,20.0,20.0,20.0,36.43752,36.43752,36.43752
201015W,2010101215,23.0,28.0,33.0,48.0,23.0,23.0,23.0,41.260704,41.260704,41.260704
201015W,2010101218,25.0,30.0,35.0,50.0,25.0,25.0,25.0,34.41079,34.41079,34.41079
201015W,2010101221,28.0,33.0,40.0,53.0,28.0,28.0,28.0,37.356403,37.356403,37.356403
201015W,2010101300,30.0,35.0,45.0,55.0,30.0,30.0,30.0,32.417637,32.417637,32.417637
201015W,2010101303,33.0,40.0,48.0,58.0,33.0,33.0,33.0,39.39901,39.39901,39.39901
201015W,2010101306,35.0,45.0,50.0,60.0,35.0,35.0,35.0,37.309002,37.309002,37.309002
201015W,2010101309,40.0,48.0,53.0,65.0,40.0,40.0,40.0,46.722233,46.722233,46.722233
201015W,2010101312,45.0,50.0,55.0,70.0,45.0,45.0,45.0,46.975693,46.975693,46.975693
201015W,2010101315,48.0,53.0,58.0,75.0,48.0,48.0,48.0,42.80513,42.80513,42.80513
201015W,2010101318,50.0,55.0,60.0,80.0,50.0,50.0,50.0,40.510662,40.510662,40.510662
201015W,2010101321,53.0,58.0,65.0,85.0,53.0,53.0,53.0,54.782494,54.782494,54.782494
201015W,2010101400,55.0,60.0,70.0,90.0,55.0,55.0,55.0,43.372383,43.372383,43.372383
201015W,2010101403,58.0,65.0,75.0,90.0,58.0,58.0,58.0,41.281628,41.281628,41.281628
201015W,2010101406,60.0,70.0,80.0,90.0,60.0,60.0,60.0,44.432453,44.432453,44.432453
201015W,2010101409,65.0,75.0,85.0,90.0,65.0,65.0,65.0,51.211037,51.211037,51.211037
201015W,2010101412,70.0,80.0,90.0,90.0,70.0,70.0,70.0,42.455925,42.455925,42.455925
201015W,2010101415,75.0,85.0,90.0,90.0,75.0,75.0,75.0,49.68253,49.68253,49.68253
201015W,2010101418,80.0,90.0,90.0,90.0,80.0,80.0,80.0,53.767807,53.767807,53.767807
201015W,2010101421,85.0,90.0,90.0,90.0,85.0,85.0,85.0,50.525917,50.525917,50.525917
201015W,2010101500,90.0,90.0,90.0,90.0,90.0,90.0,90.0,46.18067,46.18067,46.18067
201015W,2010101503,90.0,90.0,90.0,95.0,90.0,90.0,90.0,55.94205,55.94205,55.94205
201015W,2010101506,90.0,90.0,90.0,100.0,90.0,90.0,90.0,76.18316,76.18316,76.18316
201015W,2010101509,90.0,90.0,90.0,105.0,90.0,90.0,90.0,55.394722,55.394722,55.394722
201015W,2010101512,90.0,90.0,90.0,110.0,90.0,90.0,90.0,50.315445,50.315445,50.315445
201015W,2010101515,90.0,90.0,95.0,118.0,90.0,90.0,90.0,53.92392,53.92392,53.92392
201015W,2010101518,90.0,90.0,100.0,125.0,90.0,90.0,90.0,53.356606,53.356606,53.356606
201015W,2010101521,90.0,95.0,105.0,133.0,90.0,90.0,90.0,51.766773,51.766773,51.766773
201015W,2010101600,90.0,100.0,110.0,140.0,90.0,90.0,90.0,58.715534,58.715534,58.715534
201015W,2010101603,95.0,105.0,118.0,143.0,95.0,95.0,95.0,45.648327,45.648327,45.648327
201015W,2010101606,100.0,110.0,125.0,145.0,100.0,100.0,100.0,44.321785,44.321785,44.321785
201015W,2010101609,105.0,118.0,133.0,153.0,105.0,105.0,105.0,44.290516,44.290516,44.290516
201015W,2010101612,110.0,125.0,140.0,160.0,110.0,110.0,110.0,51.43256,51.43256,51.43256
201015W,2010101615,118.0,133.0,143.0,158.0,118.0,118.0,118.0,74.186745,74.186745,74.186745
201015W,2010101618,125.0,140.0,145.0,155.0,125.0,125.0,125.0,68.305336,68.305336,68.305336
201015W,2010101621,133.0,143.0,153.0,153.0,133.0,133.0,133.0,82.82837,82.82837,82.82837
201015W,2010101700,140.0,145.0,160.0,150.0,140.0,140.0,140.0,119.4948,119.4948,119.4948
201015W,2010101703,143.0,153.0,158.0,135.0,143.0,143.0,143.0,126.480774,126.480774,126.480774
201015W,2010101706,145.0,160.0,155.0,120.0,145.0,145.0,145.0,122.85164,122.85164,122.85164
201015W,2010101709,153.0,158.0,153.0,105.0,153.0,153.0,153.0,127.74452,127.74452,127.74452
201015W,2010101712,160.0,155.0,150.0,90.0,160.0,160.0,160.0,134.66653,134.66653,134.66653
201015W,2010101715,158.0,153.0,135.0,93.0,158.0,158.0,158.0,133.05524,133.05524,133.05524
201015W,2010101718,155.0,150.0,120.0,95.0,155.0,155.0,155.0,140.83472,140.83472,140.83472
201015W,2010101721,153.0,135.0,105.0,95.0,153.0,153.0,153.0,133.75276,133.75276,133.75276
201015W,2010101800,150.0,120.0,90.0,95.0,150.0,150.0,150.0,139.07016,139.07016,139.07016
201015W,2010101803,135.0,105.0,93.0,98.0,135.0,135.0,135.0,142.30101,142.30101,142.30101
201015W,2010101806,120.0,90.0,95.0,100.0,120.0,120.0,120.0,116.75353,116.75353,116.75353
201015W,2010101809,105.0,93.0,95.0,103.0,105.0,105.0,105.0,82.88717,82.88717,82.88717
201015W,2010101812,90.0,95.0,95.0,105.0,90.0,90.0,90.0,58.7595,58.7595,58.7595
201015W,2010101815,93.0,95.0,98.0,108.0,93.0,93.0,93.0,54.44918,54.44918,54.44918
201015W,2010101818,95.0,95.0,100.0,110.0,95.0,95.0,95.0,61.329243,61.329243,61.329243
201015W,2010101821,95.0,98.0,103.0,113.0,95.0,95.0,95.0,59.144726,59.144726,59.144726
201015W,2010101900,95.0,100.0,105.0,115.0,95.0,95.0,95.0,74.377594,74.377594,74.377594
201015W,2010101903,98.0,103.0,108.0,115.0,98.0,98.0,98.0,77.92808,77.92808,77.92808
201015W,2010101906,100.0,105.0,110.0,115.0,100.0,100.0,100.0,73.461266,73.461266,73.461266
201015W,2010101909,103.0,108.0,113.0,113.0,103.0,103.0,103.0,69.475365,69.475365,69.475365
201015W,2010101912,105.0,110.0,115.0,110.0,105.0,105.0,105.0,77.78364,77.78364,77.78364
201015W,2010101915,108.0,113.0,115.0,108.0,108.0,108.0,108.0,84.90477,84.90477,84.90477
201015W,2010101918,110.0,115.0,115.0,105.0,110.0,110.0,110.0,86.83316,86.83316,86.83316
201015W,2010101921,113.0,115.0,113.0,103.0,113.0,113.0,113.0,84.64481,84.64481,84.64481
201015W,2010102000,115.0,115.0,110.0,100.0,115.0,115.0,115.0,84.16224,84.16224,84.16224
201015W,2010102003,115.0,113.0,108.0,100.0,115.0,115.0,115.0,73.19439,73.19439,73.19439
201015W,2010102006,115.0,110.0,105.0,100.0,115.0,115.0,115.0,88.16997,88.16997,88.16997
201015W,2010102009,113.0,108.0,103.0,100.0,113.0,113.0,113.0,95.94396,95.94396,95.94396
201015W,2010102012,110.0,105.0,100.0,100.0,110.0,110.0,110.0,97.77869,97.77869,97.77869
201015W,2010102015,108.0,103.0,100.0,100.0,108.0,108.0,108.0,85.644844,85.644844,85.644844
201015W,2010102018,105.0,100.0,100.0,100.0,105.0,105.0,105.0,95.521866,95.521866,95.521866
201015W,2010102021,103.0,100.0,100.0,100.0,103.0,103.0,103.0,84.911224,84.911224,84.911224
201015W,2010102100,100.0,100.0,100.0,100.0,100.0,100.0,100.0,93.17834,93.17834,93.17834
201015W,2010102103,100.0,100.0,100.0,98.0,100.0,100.0,100.0,105.35021,105.35021,105.35021
201015W,2010102106,100.0,100.0,100.0,95.0,100.0,100.0,100.0,100.61525,100.61525,100.61525
201015W,2010102109,100.0,100.0,100.0,93.0,100.0,100.0,100.0,99.89466,99.89466,99.89466
201015W,2010102112,100.0,100.0,100.0,90.0,100.0,100.0,100.0,93.996056,93.996056,93.996056
201015W,2010102115,100.0,100.0,98.0,85.0,100.0,100.0,100.0,96.65396,96.65396,96.65396
201015W,2010102118,100.0,100.0,95.0,80.0,100.0,100.0,100.0,68.62541,68.62541,68.62541
201015W,2010102121,100.0,98.0,93.0,75.0,100.0,100.0,100.0,73.891426,73.891426,73.891426
201015W,2010102200,100.0,95.0,90.0,70.0,100.0,100.0,100.0,59.197296,59.197296,59.197296
201015W,2010102203,98.0,93.0,85.0,63.0,98.0,98.0,98.0,67.02345,67.02345,67.02345
201015W,2010102206,95.0,90.0,80.0,55.0,95.0,95.0,95.0,51.137577,51.137577,51.137577
201015W,2010102209,93.0,85.0,75.0,50.0,93.0,93.0,93.0,54.175865,54.175865,54.175865
201015W,2010102212,90.0,80.0,70.0,45.0,90.0,90.0,90.0,49.102642,49.102642,49.102642
201015W,2010102215,85.0,75.0,63.0,40.0,85.0,85.0,85.0,87.647995,87.647995,87.647995
201015W,2010102218,80.0,70.0,55.0,35.0,80.0,80.0,80.0,61.547527,61.547527,61.547527
201015W,2010102221,75.0,63.0,50.0,33.0,75.0,75.0,75.0,63.42028,63.42028,63.42028
201015W,2010102300,70.0,55.0,45.0,30.0,70.0,70.0,70.0,55.17812,55.17812,55.17812
201015W,2010102303,63.0,50.0,40.0,30.0,63.0,63.0,63.0,52.185818,52.185818,52.185818
201015W,2010102306,55.0,45.0,35.0,30.0,55.0,55.0,55.0,47.137363,47.137363,47.137363
201017S,2010022118,35.0,30.0,25.0,20.0,35.0,35.0,35.0,27.984169,27.984169,27.984169
201017S,2010022121,33.0,28.0,25.0,20.0,33.0,33.0,33.0,37.50093,37.50093,37.50093
201017S,2010022200,30.0,25.0,25.0,20.0,30.0,30.0,30.0,34.496876,34.496876,34.496876
201017S,2010022203,28.0,25.0,23.0,20.0,28.0,28.0,28.0,34.214344,34.214344,34.214344
201017S,2010022206,25.0,25.0,20.0,20.0,25.0,25.0,25.0,32.406,32.406,32.406
201017S,2010022209,25.0,23.0,20.0,20.0,25.0,25.0,25.0,33.517616,33.517616,33.517616
201017S,2010022212,25.0,20.0,20.0,20.0,25.0,25.0,25.0,24.212175,24.212175,24.212175
201017S,2010022215,23.0,20.0,20.0,20.0,23.0,23.0,23.0,25.200668,25.200668,25.200668
201017S,2010022218,20.0,20.0,20.0,20.0,20.0,20.0,20.0,32.79122,32.79122,32.79122
201017S,2010022221,20.0,20.0,20.0,20.0,20.0,20.0,20.0,26.654837,26.654837,26.654837
201017S,2010022300,20.0,20.0,20.0,20.0,20.0,20.0,20.0,23.757221,23.757221,23.757221
201017S,2010022303,20.0,20.0,20.0,20.0,20.0,20.0,20.0,28.264725,28.264725,28.264725
201017S,2010022306,20.0,20.0,20.0,20.0,20.0,20.0,20.0,26.731796,26.731796,26.731796
201017S,2010022309,20.0,20.0,20.0,20.0,20.0,20.0,20.0,30.47172,30.47172,30.47172
201017S,2010022312,20.0,20.0,20.0,20.0,20.0,20.0,20.0,22.093975,22.093975,22.093975
201017S,2010022315,20.0,20.0,20.0,20.0,20.0,20.0,20.0,24.702183,24.702183,24.702183
201017S,2010022318,20.0,20.0,20.0,20.0,20.0,20.0,20.0,29.007338,29.007338,29.007338
201017S,2010022321,20.0,20.0,20.0,20.0,20.0,20.0,20.0,29.068243,29.068243,29.068243
201017S,2010022400,20.0,20.0,20.0,20.0,20.0,20.0,20.0,26.249336,26.249336,26.249336
201017S,2010022403,20.0,20.0,20.0,23.0,20.0,20.0,20.0,30.313177,30.313177,30.313177
201017S,2010022406,20.0,20.0,20.0,25.0,20.0,20.0,20.0,27.66164,27.66164,27.66164
201017S,2010022409,20.0,20.0,20.0,25.0,20.0,20.0,20.0,39.293777,39.293777,39.293777
201017S,2010022412,20.0,20.0,20.0,25.0,20.0,20.0,20.0,28.671005,28.671005,28.671005
201017S,2010022415,20.0,20.0,23.0,25.0,20.0,20.0,20.0,27.100367,27.100367,27.100367
201017S,2010022418,20.0,20.0,25.0,25.0,20.0,20.0,20.0,28.582184,28.582184,28.582184
201017S,2010022421,20.0,23.0,25.0,28.0,20.0,20.0,20.0,30.561745,30.561745,30.561745
201017S,2010022500,20.0,25.0,25.0,30.0,20.0,20.0,20.0,29.314035,29.314035,29.314035
201017S,2010022503,23.0,25.0,25.0,30.0,23.0,23.0,23.0,31.462463,31.462463,31.462463
201017S,2010022506,25.0,25.0,25.0,30.0,25.0,25.0,25.0,32.909683,32.909683,32.909683
201017S,2010022509,25.0,25.0,28.0,30.0,25.0,25.0,25.0,39.396446,39.396446,39.396446
201017S,2010022512,25.0,25.0,30.0,30.0,25.0,25.0,25.0,36.143745,36.143745,36.143745
201017S,2010022515,25.0,28.0,30.0,30.0,25.0,25.0,25.0,37.899124,37.899124,37.899124
201017S,2010022518,25.0,30.0,30.0,30.0,25.0,25.0,25.0,34.238205,34.238205,34.238205
201017S,2010022521,28.0,30.0,30.0,30.0,28.0,28.0,28.0,38.944046,38.944046,38.944046
201017S,2010022600,30.0,30.0,30.0,30.0,30.0,30.0,30.0,37.172188,37.172188,37.172188
201017S,2010022603,30.0,30.0,30.0,30.0,30.0,30.0,30.0,43.01169,43.01169,43.01169
201017S,2010022606,30.0,30.0,30.0,30.0,30.0,30.0,30.0,36.005825,36.005825,36.005825
201017S,2010022609,30.0,30.0,30.0,30.0,30.0,30.0,30.0,41.709404,41.709404,41.709404
201017S,2010022612,30.0,30.0,30.0,30.0,30.0,30.0,30.0,36.590782,36.590782,36.590782
201017S,2010022615,30.0,30.0,30.0,33.0,30.0,30.0,30.0,47.82473,47.82473,47.82473
201017S,2010022618,30.0,30.0,30.0,35.0,30.0,30.0,30.0,40.283474,40.283474,40.283474
201017S,2010022621,30.0,30.0,30.0,35.0,30.0,30.0,30.0,25.310915,25.310915,25.310915
201017S,2010022700,30.0,30.0,30.0,35.0,30.0,30.0,30.0,32.296047,32.296047,32.296047
201017S,2010022703,30.0,30.0,33.0,35.0,30.0,30.0,30.0,32.47754,32.47754,32.47754
201017S,2010022706,30.0,30.0,35.0,35.0,30.0,30.0,30.0,41.4103,41.4103,41.4103
201017S,2010022709,30.0,33.0,35.0,33.0,30.0,30.0,30.0,47.461536,47.461536,47.461536
201017S,2010022712,30.0,35.0,35.0,30.0,30.0,30.0,30.0,39.470325,39.470325,39.470325
201017S,2010022715,33.0,35.0,35.0,28.0,33.0,33.0,33.0,33.613976,33.613976,33.613976
201017S,2010022718,35.0,35.0,35.0,25.0,35.0,35.0,35.0,31.797527,31.797527,31.797527
201017S,2010022721,35.0,35.0,33.0,25.0,35.0,35.0,35.0,35.205677,35.205677,35.205677
201017S,2010022800,35.0,35.0,30.0,25.0,35.0,35.0,35.0,29.737085,29.737085,29.737085
201017S,2010022803,35.0,33.0,28.0,25.0,35.0,35.0,35.0,37.86666,37.86666,37.86666
201017S,2010022806,35.0,30.0,25.0,25.0,35.0,35.0,35.0,41.2468,41.2468,41.2468
201017S,2010022809,33.0,28.0,25.0,25.0,33.0,33.0,33.0,33.29058,33.29058,33.29058
201017S,2010022812,30.0,25.0,25.0,25.0,30.0,30.0,30.0,27.04266,27.04266,27.04266
201017S,2010022815,28.0,25.0,25.0,25.0,28.0,28.0,28.0,27.851685,27.851685,27.851685
201017S,2010022818,25.0,25.0,25.0,25.0,25.0,25.0,25.0,28.76742,28.76742,28.76742
201017S,2010022821,25.0,25.0,25.0,25.0,25.0,25.0,25.0,20.861057,20.861057,20.861057
201017S,2010030100,25.0,25.0,25.0,25.0,25.0,25.0,25.0,24.592346,24.592346,24.592346
201017S,2010030103,25.0,25.0,25.0,25.0,25.0,25.0,25.0,28.429502,28.429502,28.429502
201017S,2010030106,25.0,25.0,25.0,25.0,25.0,25.0,25.0,29.843616,29.843616,29.843616
201017S,2010030109,25.0,25.0,25.0,25.0,25.0,25.0,25.0,34.405487,34.405487,34.405487
201017S,2010030112,25.0,25.0,25.0,25.0,25.0,25.0,25.0,25.888004,25.888004,25.888004
201017S,2010030115,25.0,25.0,25.0,25.0,25.0,25.0,25.0,26.23553,26.23553,26.23553
201017S,2010030118,25.0,25.0,25.0,25.0,25.0,25.0,25.0,26.32175,26.32175,26.32175
201017S,2010030121,25.0,25.0,25.0,25.0,25.0,25.0,25.0,26.241133,26.241133,26.241133
201017S,2010030200,25.0,25.0,25.0,25.0,25.0,25.0,25.0,29.117002,29.117002,29.117002
201017S,2010030203,25.0,25.0,25.0,25.0,25.0,25.0,25.0,29.983286,29.983286,29.983286
201017S,2010030206,25.0,25.0,25.0,25.0,25.0,25.0,25.0,28.439625,28.439625,28.439625
201017S,2010030209,25.0,25.0,25.0,25.0,25.0,25.0,25.0,27.684029,27.684029,27.684029
201017S,2010030212,25.0,25.0,25.0,25.0,25.0,25.0,25.0,28.748985,28.748985,28.748985
201017S,2010030215,25.0,25.0,25.0,25.0,25.0,25.0,25.0,25.574448,25.574448,25.574448
201017S,2010030218,25.0,25.0,25.0,25.0,25.0,25.0,25.0,25.810287,25.810287,25.810287
201017S,2010030221,25.0,25.0,25.0,25.0,25.0,25.0,25.0,18.41979,18.41979,18.41979
201017S,2010030300,25.0,25.0,25.0,25.0,25.0,25.0,25.0,26.077227,26.077227,26.077227
201017S,2010030303,25.0,25.0,25.0,25.0,25.0,25.0,25.0,28.0678,28.0678,28.0678
201017S,2010030306,25.0,25.0,25.0,25.0,25.0,25.0,25.0,35.33448,35.33448,35.33448
201017S,2010030309,25.0,25.0,25.0,25.0,25.0,25.0,25.0,28.513676,28.513676,28.513676
201017S,2010030312,25.0,25.0,25.0,25.0,25.0,25.0,25.0,25.792252,25.792252,25.792252
201018L,2010101112,45.0,60.0,65.0,75.0,45.0,45.0,45.0,30.129335,30.129335,30.129335
201018L,2010101115,52.0,62.0,65.0,82.0,52.0,52.0,52.0,33.388218,33.388218,33.388218
201018L,2010101118,60.0,65.0,65.0,90.0,60.0,60.0,60.0,39.576138,39.576138,39.576138
201018L,2010101121,62.0,65.0,70.0,90.0,62.0,62.0,62.0,36.784607,36.784607,36.784607
201018L,2010101200,65.0,65.0,75.0,90.0,65.0,65.0,65.0,42.516945,42.516945,42.516945
201018L,2010101203,65.0,70.0,82.0,88.0,65.0,65.0,65.0,47.636772,47.636772,47.636772
201018L,2010101206,65.0,75.0,90.0,85.0,65.0,65.0,65.0,65.822784,65.822784,65.822784
201018L,2010101209,70.0,82.0,90.0,85.0,70.0,70.0,70.0,46.07478,46.07478,46.07478
201018L,2010101212,75.0,90.0,90.0,85.0,75.0,75.0,75.0,43.01421,43.01421,43.01421
201018L,2010101215,82.0,90.0,88.0,80.0,82.0,82.0,82.0,44.08838,44.08838,44.08838
201018L,2010101218,90.0,90.0,85.0,75.0,90.0,90.0,90.0,40.706417,40.706417,40.706417
201018L,2010101221,90.0,88.0,85.0,75.0,90.0,90.0,90.0,36.011707,36.011707,36.011707
201018L,2010101300,90.0,85.0,85.0,75.0,90.0,90.0,90.0,35.807602,35.807602,35.807602
201018L,2010101303,88.0,85.0,80.0,72.0,88.0,88.0,88.0,35.297512,35.297512,35.297512
201018L,2010101306,85.0,85.0,75.0,70.0,85.0,85.0,85.0,47.135708,47.135708,47.135708
201018L,2010101309,85.0,80.0,75.0,65.0,85.0,85.0,85.0,35.25858,35.25858,35.25858
201018L,2010101312,85.0,75.0,75.0,60.0,85.0,85.0,85.0,39.093136,39.093136,39.093136
201018L,2010101315,80.0,75.0,72.0,55.0,80.0,80.0,80.0,46.144356,46.144356,46.144356
201018L,2010101318,75.0,75.0,70.0,50.0,75.0,75.0,75.0,41.89886,41.89886,41.89886
201018L,2010101321,75.0,72.0,65.0,45.0,75.0,75.0,75.0,39.7967,39.7967,39.7967
201018L,2010101400,75.0,70.0,60.0,40.0,75.0,75.0,75.0,40.48051,40.48051,40.48051
201018L,2010101403,72.0,65.0,55.0,35.0,72.0,72.0,72.0,40.357033,40.357033,40.357033
201018L,2010101406,70.0,60.0,50.0,30.0,70.0,70.0,70.0,35.73622,35.73622,35.73622
201018L,2010101409,65.0,55.0,45.0,28.0,65.0,65.0,65.0,39.991886,39.991886,39.991886
201018L,2010101412,60.0,50.0,40.0,25.0,60.0,60.0,60.0,45.560253,45.560253,45.560253
201018L,2010101415,55.0,45.0,35.0,22.0,55.0,55.0,55.0,42.379925,42.379925,42.379925
201018L,2010101418,50.0,40.0,30.0,20.0,50.0,50.0,50.0,43.101784,43.101784,43.101784
201023S,2010040200,30.0,35.0,35.0,45.0,30.0,30.0,30.0,23.466866,23.466866,23.466866
201023S,2010040203,33.0,35.0,38.0,48.0,33.0,33.0,33.0,24.167803,24.167803,24.167803
201023S,2010040206,35.0,35.0,40.0,50.0,35.0,35.0,35.0,26.074263,26.074263,26.074263
201023S,2010040209,35.0,38.0,43.0,50.0,35.0,35.0,35.0,25.224514,25.224514,25.224514
201023S,2010040212,35.0,40.0,45.0,50.0,35.0,35.0,35.0,24.549793,24.549793,24.549793
201023S,2010040215,38.0,43.0,48.0,50.0,38.0,38.0,38.0,24.242569,24.242569,24.242569
201023S,2010040218,40.0,45.0,50.0,50.0,40.0,40.0,40.0,29.682125,29.682125,29.682125
201023S,2010040221,43.0,48.0,50.0,50.0,43.0,43.0,43.0,29.35138,29.35138,29.35138
201023S,2010040300,45.0,50.0,50.0,50.0,45.0,45.0,45.0,30.742645,30.742645,30.742645
201023S,2010040303,48.0,50.0,50.0,53.0,48.0,48.0,48.0,38.338245,38.338245,38.338245
201023S,2010040306,50.0,50.0,50.0,55.0,50.0,50.0,50.0,37.561974,37.561974,37.561974
201023S,2010040309,50.0,50.0,50.0,55.0,50.0,50.0,50.0,39.93366,39.93366,39.93366
201023S,2010040312,50.0,50.0,50.0,55.0,50.0,50.0,50.0,41.82611,41.82611,41.82611
201023S,2010040315,50.0,50.0,53.0,58.0,50.0,50.0,50.0,40.042175,40.042175,40.042175
201023S,2010040318,50.0,50.0,55.0,60.0,50.0,50.0,50.0,42.4642,42.4642,42.4642
201023S,2010040321,50.0,53.0,55.0,63.0,50.0,50.0,50.0,38.51235,38.51235,38.51235
201023S,2010040400,50.0,55.0,55.0,65.0,50.0,50.0,50.0,43.329876,43.329876,43.329876
201023S,2010040403,53.0,55.0,58.0,63.0,53.0,53.0,53.0,40.519947,40.519947,40.519947
201023S,2010040406,55.0,55.0,60.0,60.0,55.0,55.0,55.0,42.684166,42.684166,42.684166
201023S,2010040409,55.0,58.0,63.0,58.0,55.0,55.0,55.0,47.916534,47.916534,47.916534
201023S,2010040412,55.0,60.0,65.0,55.0,55.0,55.0,55.0,53.68217,53.68217,53.68217
201023S,2010040415,58.0,63.0,63.0,53.0,58.0,58.0,58.0,47.733295,47.733295,47.733295
201023S,2010040418,60.0,65.0,60.0,50.0,60.0,60.0,60.0,47.68983,47.68983,47.68983
201023S,2010040421,63.0,63.0,58.0,48.0,63.0,63.0,63.0,58.86683,58.86683,58.86683
201023S,2010040500,65.0,60.0,55.0,45.0,65.0,65.0,65.0,58.319714,58.319714,58.319714
201023S,2010040503,63.0,58.0,53.0,40.0,63.0,63.0,63.0,50.977154,50.977154,50.977154
201023S,2010040506,60.0,55.0,50.0,35.0,60.0,60.0,60.0,56.364746,56.364746,56.364746
201023S,2010040509,58.0,53.0,48.0,33.0,58.0,58.0,58.0,53.259464,53.259464,53.259464
201023S,2010040512,55.0,50.0,45.0,30.0,55.0,55.0,55.0,53.384182,53.384182,53.384182
201023S,2010040515,53.0,48.0,40.0,30.0,53.0,53.0,53.0,48.086475,48.086475,48.086475
201023S,2010040518,50.0,45.0,35.0,30.0,50.0,50.0,50.0,58.624165,58.624165,58.624165
201023S,2010040521,48.0,40.0,33.0,30.0,48.0,48.0,48.0,48.562214,48.562214,48.562214
201023S,2010040600,45.0,35.0,30.0,30.0,45.0,45.0,45.0,39.83814,39.83814,39.83814
201023S,2010040603,40.0,33.0,30.0,30.0,40.0,40.0,40.0,31.437033,31.437033,31.437033
201023S,2010040606,35.0,30.0,30.0,30.0,35.0,35.0,35.0,29.566584,29.566584,29.566584
201023S,2010040609,33.0,30.0,30.0,28.0,33.0,33.0,33.0,27.45057,27.45057,27.45057
201023S,2010040612,30.0,30.0,30.0,25.0,30.0,30.0,30.0,33.82467,33.82467,33.82467
201023S,2010040615,30.0,30.0,30.0,25.0,30.0,30.0,30.0,37.97685,37.97685,37.97685
201023S,2010040618,30.0,30.0,30.0,25.0,30.0,30.0,30.0,28.201057,28.201057,28.201057
201023S,2010040621,30.0,30.0,28.0,25.0,30.0,30.0,30.0,23.752283,23.752283,23.752283
201023S,2010040700,30.0,30.0,25.0,25.0,30.0,30.0,30.0,25.189152,25.189152,25.189152
201023S,2010040703,30.0,28.0,25.0,25.0,30.0,30.0,30.0,21.83071,21.83071,21.83071
201023S,2010040706,30.0,25.0,25.0,25.0,30.0,30.0,30.0,24.891264,24.891264,24.891264
201023S,2010040709,28.0,25.0,25.0,25.0,28.0,28.0,28.0,25.022663,25.022663,25.022663
201023S,2010040712,25.0,25.0,25.0,25.0,25.0,25.0,25.0,26.240324,26.240324,26.240324
201023S,2010040715,25.0,25.0,25.0,25.0,25.0,25.0,25.0,25.094578,25.094578,25.094578
201023S,2010040718,25.0,25.0,25.0,25.0,25.0,25.0,25.0,35.7851,35.7851,35.7851
201023S,2010040721,25.0,25.0,25.0,23.0,25.0,25.0,25.0,29.63416,29.63416,29.63416
201023S,2010040800,25.0,25.0,25.0,20.0,25.0,25.0,25.0,35.005886,35.005886,35.005886
201023S,2010040803,25.0,25.0,25.0,20.0,25.0,25.0,25.0,26.86998,26.86998,26.86998
201023S,2010040806,25.0,25.0,25.0,20.0,25.0,25.0,25.0,24.709469,24.709469,24.709469
201023S,2010040809,25.0,25.0,23.0,20.0,25.0,25.0,25.0,25.123056,25.123056,25.123056
201023S,2010040812,25.0,25.0,20.0,20.0,25.0,25.0,25.0,27.443916,27.443916,27.443916
201023S,2010040815,25.0,23.0,20.0,18.0,25.0,25.0,25.0,27.410385,27.410385,27.410385
201023S,2010040818,25.0,20.0,20.0,15.0,25.0,25.0,25.0,37.398994,37.398994,37.398994
201023S,2010040821,23.0,20.0,20.0,15.0,23.0,23.0,23.0,32.16541,32.16541,32.16541
201023S,2010040900,20.0,20.0,20.0,15.0,20.0,20.0,20.0,36.842113,36.842113,36.842113
201101S,2010102518,30.0,30.0,30.0,35.0,30.0,30.0,30.0,28.445782,28.445782,28.445782
201101S,2010102521,30.0,30.0,33.0,35.0,30.0,30.0,30.0,29.72338,29.72338,29.72338
201101S,2010102600,30.0,30.0,35.0,35.0,30.0,30.0,30.0,29.25764,29.25764,29.25764
201101S,2010102603,30.0,33.0,35.0,35.0,30.0,30.0,30.0,26.292995,26.292995,26.292995
201101S,2010102606,30.0,35.0,35.0,35.0,30.0,30.0,30.0,27.125273,27.125273,27.125273
201101S,2010102609,33.0,35.0,35.0,35.0,33.0,33.0,33.0,28.198576,28.198576,28.198576
201101S,2010102612,35.0,35.0,35.0,35.0,35.0,35.0,35.0,31.478315,31.478315,31.478315
201101S,2010102615,35.0,35.0,35.0,33.0,35.0,35.0,35.0,27.15971,27.15971,27.15971
201101S,2010102618,35.0,35.0,35.0,30.0,35.0,35.0,35.0,32.706123,32.706123,32.706123
201101S,2010102621,35.0,35.0,35.0,30.0,35.0,35.0,35.0,37.397957,37.397957,37.397957
201101S,2010102700,35.0,35.0,35.0,30.0,35.0,35.0,35.0,35.60165,35.60165,35.60165
201101S,2010102703,35.0,35.0,33.0,28.0,35.0,35.0,35.0,32.22297,32.22297,32.22297
201101S,2010102706,35.0,35.0,30.0,25.0,35.0,35.0,35.0,35.158382,35.158382,35.158382
201101S,2010102709,35.0,33.0,30.0,25.0,35.0,35.0,35.0,38.039314,38.039314,38.039314
201101S,2010102712,35.0,30.0,30.0,25.0,35.0,35.0,35.0,37.505108,37.505108,37.505108
201101S,2010102715,33.0,30.0,28.0,25.0,33.0,33.0,33.0,44.775627,44.775627,44.775627
201101S,2010102718,30.0,30.0,25.0,25.0,30.0,30.0,30.0,43.349525,43.349525,43.349525
201101S,2010102721,30.0,28.0,25.0,25.0,30.0,30.0,30.0,41.405346,41.405346,41.405346
201101S,2010102800,30.0,25.0,25.0,25.0,30.0,30.0,30.0,29.11749,29.11749,29.11749
201101S,2010102803,28.0,25.0,25.0,25.0,28.0,28.0,28.0,37.04941,37.04941,37.04941
201101S,2010102806,25.0,25.0,25.0,25.0,25.0,25.0,25.0,28.596489,28.596489,28.596489
201101S,2010102809,25.0,25.0,25.0,25.0,25.0,25.0,25.0,31.303598,31.303598,31.303598
201101S,2010102812,25.0,25.0,25.0,25.0,25.0,25.0,25.0,29.978151,29.978151,29.978151
201101S,2010102815,25.0,25.0,25.0,23.0,25.0,25.0,25.0,27.824402,27.824402,27.824402
201101S,2010102818,25.0,25.0,25.0,20.0,25.0,25.0,25.0,32.513977,32.513977,32.513977
201101S,2010102821,25.0,25.0,25.0,20.0,25.0,25.0,25.0,25.603119,25.603119,25.603119
201101S,2010102900,25.0,25.0,25.0,20.0,25.0,25.0,25.0,23.816511,23.816511,23.816511
201101S,2010102903,25.0,25.0,23.0,20.0,25.0,25.0,25.0,26.600508,26.600508,26.600508
201101S,2010102906,25.0,25.0,20.0,20.0,25.0,25.0,25.0,31.460648,31.460648,31.460648
201101S,2010102909,25.0,23.0,20.0,18.0,25.0,25.0,25.0,28.528448,28.528448,28.528448
201101S,2010102912,25.0,20.0,20.0,15.0,25.0,25.0,25.0,27.558844,27.558844,27.558844
201101S,2010102915,23.0,20.0,20.0,15.0,23.0,23.0,23.0,28.487421,28.487421,28.487421
201101S,2010102918,20.0,20.0,20.0,15.0,20.0,20.0,20.0,29.03453,29.03453,29.03453
201101S,2010102921,20.0,20.0,18.0,15.0,20.0,20.0,20.0,25.537128,25.537128,25.537128
201101S,2010103000,20.0,20.0,15.0,15.0,20.0,20.0,20.0,23.580795,23.580795,23.580795
201101S,2010103003,20.0,18.0,15.0,15.0,20.0,20.0,20.0,22.41907,22.41907,22.41907
201101S,2010103006,20.0,15.0,15.0,15.0,20.0,20.0,20.0,21.353477,21.353477,21.353477
201104S,2010122406,30.0,35.0,40.0,30.0,30.0,30.0,30.0,25.462965,25.462965,25.462965
201104S,2010122409,33.0,38.0,40.0,25.0,33.0,33.0,33.0,34.578476,34.578476,34.578476
201104S,2010122412,35.0,40.0,40.0,20.0,35.0,35.0,35.0,24.8339,24.8339,24.8339
201104S,2010122415,38.0,40.0,35.0,20.0,38.0,38.0,38.0,25.745708,25.745708,25.745708
201104S,2010122418,40.0,40.0,30.0,20.0,40.0,40.0,40.0,27.958395,27.958395,27.958395
201104S,2010122421,40.0,35.0,25.0,20.0,40.0,40.0,40.0,30.634962,30.634962,30.634962
201104S,2010122500,40.0,30.0,20.0,20.0,40.0,40.0,40.0,26.925282,26.925282,26.925282
201104W,2011052018,30.0,30.0,30.0,40.0,30.0,30.0,30.0,26.036669,26.036669,26.036669
201104W,2011052021,30.0,30.0,33.0,43.0,30.0,30.0,30.0,30.013588,30.013588,30.013588
201104W,2011052100,30.0,30.0,35.0,45.0,30.0,30.0,30.0,24.812622,24.812622,24.812622
201104W,2011052103,30.0,33.0,38.0,48.0,30.0,30.0,30.0,31.671694,31.671694,31.671694
201104W,2011052106,30.0,35.0,40.0,50.0,30.0,30.0,30.0,29.948412,29.948412,29.948412
201104W,2011052109,33.0,38.0,43.0,53.0,33.0,33.0,33.0,39.53297,39.53297,39.53297
201104W,2011052112,35.0,40.0,45.0,55.0,35.0,35.0,35.0,43.991962,43.991962,43.991962
201104W,2011052115,38.0,43.0,48.0,55.0,38.0,38.0,38.0,46.540615,46.540615,46.540615
201104W,2011052118,40.0,45.0,50.0,55.0,40.0,40.0,40.0,55.243664,55.243664,55.243664
201104W,2011052121,43.0,48.0,53.0,58.0,43.0,43.0,43.0,46.195038,46.195038,46.195038
201104W,2011052200,45.0,50.0,55.0,60.0,45.0,45.0,45.0,49.569527,49.569527,49.569527
201104W,2011052203,48.0,53.0,55.0,60.0,48.0,48.0,48.0,45.613144,45.613144,45.613144
201104W,2011052206,50.0,55.0,55.0,60.0,50.0,50.0,50.0,50.988438,50.988438,50.988438
201104W,2011052209,53.0,55.0,58.0,60.0,53.0,53.0,53.0,81.80945,81.80945,81.80945
201104W,2011052212,55.0,55.0,60.0,60.0,55.0,55.0,55.0,44.02666,44.02666,44.02666
201104W,2011052215,55.0,58.0,60.0,63.0,55.0,55.0,55.0,43.92761,43.92761,43.92761
201104W,2011052218,55.0,60.0,60.0,65.0,55.0,55.0,55.0,44.6232,44.6232,44.6232
201104W,2011052221,58.0,60.0,60.0,65.0,58.0,58.0,58.0,47.771786,47.771786,47.771786
201104W,2011052300,60.0,60.0,60.0,65.0,60.0,60.0,60.0,52.994537,52.994537,52.994537
201104W,2011052303,60.0,60.0,63.0,65.0,60.0,60.0,60.0,71.46425,71.46425,71.46425
201104W,2011052306,60.0,60.0,65.0,65.0,60.0,60.0,60.0,36.640816,36.640816,36.640816
201104W,2011052309,60.0,63.0,65.0,68.0,60.0,60.0,60.0,44.343582,44.343582,44.343582
201104W,2011052312,60.0,65.0,65.0,70.0,60.0,60.0,60.0,43.35933,43.35933,43.35933
201104W,2011052315,63.0,65.0,65.0,75.0,63.0,63.0,63.0,44.791954,44.791954,44.791954
201104W,2011052318,65.0,65.0,65.0,80.0,65.0,65.0,65.0,52.191547,52.191547,52.191547
201104W,2011052321,65.0,65.0,68.0,85.0,65.0,65.0,65.0,42.373665,42.373665,42.373665
201104W,2011052400,65.0,65.0,70.0,90.0,65.0,65.0,65.0,39.148125,39.148125,39.148125
201104W,2011052403,65.0,68.0,75.0,98.0,65.0,65.0,65.0,51.507786,51.507786,51.507786
201104W,2011052406,65.0,70.0,80.0,105.0,65.0,65.0,65.0,48.670914,48.670914,48.670914
201104W,2011052409,68.0,75.0,85.0,110.0,68.0,68.0,68.0,52.276405,52.276405,52.276405
201104W,2011052412,70.0,80.0,90.0,115.0,70.0,70.0,70.0,63.812424,63.812424,63.812424
201104W,2011052415,75.0,85.0,98.0,118.0,75.0,75.0,75.0,47.46203,47.46203,47.46203
201104W,2011052418,80.0,90.0,105.0,120.0,80.0,80.0,80.0,72.230125,72.230125,72.230125
201104W,2011052421,85.0,98.0,110.0,123.0,85.0,85.0,85.0,67.19391,67.19391,67.19391
201104W,2011052500,90.0,105.0,115.0,125.0,90.0,90.0,90.0,60.162666,60.162666,60.162666
201104W,2011052503,98.0,110.0,118.0,133.0,98.0,98.0,98.0,58.17979,58.17979,58.17979
201104W,2011052506,105.0,115.0,120.0,140.0,105.0,105.0,105.0,86.328575,86.328575,86.328575
201104W,2011052509,110.0,118.0,123.0,140.0,110.0,110.0,110.0,50.809086,50.809086,50.809086
201104W,2011052512,115.0,120.0,125.0,140.0,115.0,115.0,115.0,100.69421,100.69421,100.69421
201104W,2011052515,118.0,123.0,133.0,140.0,118.0,118.0,118.0,113.5746,113.5746,113.5746
201104W,2011052518,120.0,125.0,140.0,140.0,120.0,120.0,120.0,73.51353,73.51353,73.51353
201104W,2011052521,123.0,133.0,140.0,140.0,123.0,123.0,123.0,115.81052,115.81052,115.81052
201104W,2011052600,125.0,140.0,140.0,140.0,125.0,125.0,125.0,134.78026,134.78026,134.78026
201104W,2011052603,133.0,140.0,140.0,138.0,133.0,133.0,133.0,129.30795,129.30795,129.30795
201104W,2011052606,140.0,140.0,140.0,135.0,140.0,140.0,140.0,138.75044,138.75044,138.75044
201104W,2011052609,140.0,140.0,140.0,130.0,140.0,140.0,140.0,126.36416,126.36416,126.36416
201104W,2011052612,140.0,140.0,140.0,125.0,140.0,140.0,140.0,125.06444,125.06444,125.06444
201104W,2011052615,140.0,140.0,138.0,120.0,140.0,140.0,140.0,120.7051,120.7051,120.7051
201104W,2011052618,140.0,140.0,135.0,115.0,140.0,140.0,140.0,125.64364,125.64364,125.64364
201104W,2011052621,140.0,138.0,130.0,108.0,140.0,140.0,140.0,119.00877,119.00877,119.00877
201104W,2011052700,140.0,135.0,125.0,100.0,140.0,140.0,140.0,123.95303,123.95303,123.95303
201104W,2011052703,138.0,130.0,120.0,95.0,138.0,138.0,138.0,115.0976,115.0976,115.0976
201104W,2011052706,135.0,125.0,115.0,90.0,135.0,135.0,135.0,117.45423,117.45423,117.45423
201104W,2011052709,130.0,120.0,108.0,85.0,130.0,130.0,130.0,110.1266,110.1266,110.1266
201104W,2011052712,125.0,115.0,100.0,80.0,125.0,125.0,125.0,107.849785,107.849785,107.849785
201104W,2011052715,120.0,108.0,95.0,73.0,120.0,120.0,120.0,104.096466,104.096466,104.096466
201104W,2011052718,115.0,100.0,90.0,65.0,115.0,115.0,115.0,90.363556,90.363556,90.363556
201104W,2011052721,108.0,95.0,85.0,60.0,108.0,108.0,108.0,91.502975,91.502975,91.502975
201104W,2011052800,100.0,90.0,80.0,55.0,100.0,100.0,100.0,75.28371,75.28371,75.28371
201104W,2011052803,95.0,85.0,73.0,53.0,95.0,95.0,95.0,88.98898,88.98898,88.98898
201104W,2011052806,90.0,80.0,65.0,50.0,90.0,90.0,90.0,78.36068,78.36068,78.36068
201104W,2011052809,85.0,73.0,60.0,40.0,85.0,85.0,85.0,71.186035,71.186035,71.186035
201104W,2011052812,80.0,65.0,55.0,30.0,80.0,80.0,80.0,73.24886,73.24886,73.24886
201105E,2011073100,30.0,30.0,35.0,45.0,30.0,30.0,30.0,35.00617,35.00617,35.00617
201105E,2011073103,30.0,33.0,38.0,48.0,30.0,30.0,30.0,32.961468,32.961468,32.961468
201105E,2011073106,30.0,35.0,40.0,50.0,30.0,30.0,30.0,30.45916,30.45916,30.45916
201105E,2011073109,33.0,38.0,43.0,53.0,33.0,33.0,33.0,31.777658,31.777658,31.777658
201105E,2011073112,35.0,40.0,45.0,55.0,35.0,35.0,35.0,32.520386,32.520386,32.520386
201105E,2011073115,38.0,43.0,48.0,60.0,38.0,38.0,38.0,36.649704,36.649704,36.649704
201105E,2011073118,40.0,45.0,50.0,65.0,40.0,40.0,40.0,39.568394,39.568394,39.568394
201105E,2011073121,43.0,48.0,53.0,68.0,43.0,43.0,43.0,42.406704,42.406704,42.406704
201105E,2011080100,45.0,50.0,55.0,70.0,45.0,45.0,45.0,41.53931,41.53931,41.53931
201105E,2011080103,48.0,53.0,60.0,73.0,48.0,48.0,48.0,40.048088,40.048088,40.048088
201105E,2011080106,50.0,55.0,65.0,75.0,50.0,50.0,50.0,40.754646,40.754646,40.754646
201105E,2011080109,53.0,60.0,68.0,78.0,53.0,53.0,53.0,43.501286,43.501286,43.501286
201105E,2011080112,55.0,65.0,70.0,80.0,55.0,55.0,55.0,46.353558,46.353558,46.353558
201105E,2011080115,60.0,68.0,73.0,85.0,60.0,60.0,60.0,46.851803,46.851803,46.851803
201105E,2011080118,65.0,70.0,75.0,90.0,65.0,65.0,65.0,45.326687,45.326687,45.326687
201105E,2011080121,68.0,73.0,78.0,93.0,68.0,68.0,68.0,52.418213,52.418213,52.418213
201105E,2011080200,70.0,75.0,80.0,95.0,70.0,70.0,70.0,56.912724,56.912724,56.912724
201105E,2011080203,73.0,78.0,85.0,98.0,73.0,73.0,73.0,53.444366,53.444366,53.444366
201105E,2011080206,75.0,80.0,90.0,100.0,75.0,75.0,75.0,46.060566,46.060566,46.060566
201105E,2011080209,78.0,85.0,93.0,103.0,78.0,78.0,78.0,78.33753,78.33753,78.33753
201105E,2011080212,80.0,90.0,95.0,105.0,80.0,80.0,80.0,43.081375,43.081375,43.081375
201105E,2011080215,85.0,93.0,98.0,110.0,85.0,85.0,85.0,63.887478,63.887478,63.887478
201105E,2011080218,90.0,95.0,100.0,115.0,90.0,90.0,90.0,58.348366,58.348366,58.348366
201105E,2011080221,93.0,98.0,103.0,115.0,93.0,93.0,93.0,58.66132,58.66132,58.66132
201105E,2011080300,95.0,100.0,105.0,115.0,95.0,95.0,95.0,76.053185,76.053185,76.053185
201105E,2011080303,98.0,103.0,110.0,110.0,98.0,98.0,98.0,78.206375,78.206375,78.206375
201105E,2011080306,100.0,105.0,115.0,105.0,100.0,100.0,100.0,73.38743,73.38743,73.38743
201105E,2011080309,103.0,110.0,115.0,103.0,103.0,103.0,103.0,83.14268,83.14268,83.14268
201105E,2011080312,105.0,115.0,115.0,100.0,105.0,105.0,105.0,101.87292,101.87292,101.87292
201105E,2011080315,110.0,115.0,110.0,95.0,110.0,110.0,110.0,97.4853,97.4853,97.4853
201105E,2011080318,115.0,115.0,105.0,90.0,115.0,115.0,115.0,107.13299,107.13299,107.13299
201105E,2011080321,115.0,110.0,103.0,85.0,115.0,115.0,115.0,115.80836,115.80836,115.80836
201105E,2011080400,115.0,105.0,100.0,80.0,115.0,115.0,115.0,104.932304,104.932304,104.932304
201105E,2011080403,110.0,103.0,95.0,75.0,110.0,110.0,110.0,102.6405,102.6405,102.6405
201105E,2011080406,105.0,100.0,90.0,70.0,105.0,105.0,105.0,96.38139,96.38139,96.38139
201105E,2011080409,103.0,95.0,85.0,65.0,103.0,103.0,103.0,96.91966,96.91966,96.91966
201105E,2011080412,100.0,90.0,80.0,60.0,100.0,100.0,100.0,105.0317,105.0317,105.0317
201105E,2011080415,95.0,85.0,75.0,55.0,95.0,95.0,95.0,84.045586,84.045586,84.045586
201105E,2011080418,90.0,80.0,70.0,50.0,90.0,90.0,90.0,73.11073,73.11073,73.11073
201105E,2011080421,85.0,75.0,65.0,48.0,85.0,85.0,85.0,64.417885,64.417885,64.417885
201105E,2011080500,80.0,70.0,60.0,45.0,80.0,80.0,80.0,76.43311,76.43311,76.43311
201105E,2011080503,75.0,65.0,55.0,45.0,75.0,75.0,75.0,81.52231,81.52231,81.52231
201105E,2011080506,70.0,60.0,50.0,45.0,70.0,70.0,70.0,69.32798,69.32798,69.32798
201105E,2011080509,65.0,55.0,48.0,43.0,65.0,65.0,65.0,59.615685,59.615685,59.615685
201105E,2011080512,60.0,50.0,45.0,40.0,60.0,60.0,60.0,58.32357,58.32357,58.32357
201105E,2011080515,55.0,48.0,45.0,40.0,55.0,55.0,55.0,47.106346,47.106346,47.106346
201105E,2011080518,50.0,45.0,45.0,40.0,50.0,50.0,50.0,39.88034,39.88034,39.88034
201105E,2011080521,48.0,45.0,43.0,40.0,48.0,48.0,48.0,38.429264,38.429264,38.429264
201105E,2011080600,45.0,45.0,40.0,40.0,45.0,45.0,45.0,41.027695,41.027695,41.027695
201105E,2011080603,45.0,43.0,40.0,38.0,45.0,45.0,45.0,40.93341,40.93341,40.93341
201105E,2011080606,45.0,40.0,40.0,35.0,45.0,45.0,45.0,46.548847,46.548847,46.548847
201105E,2011080609,43.0,40.0,40.0,35.0,43.0,43.0,43.0,45.774494,45.774494,45.774494
201105E,2011080612,40.0,40.0,40.0,35.0,40.0,40.0,40.0,41.44221,41.44221,41.44221
201105E,2011080615,40.0,40.0,38.0,33.0,40.0,40.0,40.0,33.010746,33.010746,33.010746
201105E,2011080618,40.0,40.0,35.0,30.0,40.0,40.0,40.0,38.3906,38.3906,38.3906
201105E,2011080621,40.0,38.0,35.0,30.0,40.0,40.0,40.0,34.864864,34.864864,34.864864
201105E,2011080700,40.0,35.0,35.0,30.0,40.0,40.0,40.0,42.28188,42.28188,42.28188
201105E,2011080703,38.0,35.0,33.0,30.0,38.0,38.0,38.0,47.659817,47.659817,47.659817
201105E,2011080706,35.0,35.0,30.0,30.0,35.0,35.0,35.0,42.17612,42.17612,42.17612
201105E,2011080709,35.0,33.0,30.0,28.0,35.0,35.0,35.0,39.75214,39.75214,39.75214
201105E,2011080712,35.0,30.0,30.0,25.0,35.0,35.0,35.0,37.97851,37.97851,37.97851
201105E,2011080715,33.0,30.0,30.0,25.0,33.0,33.0,33.0,28.839981,28.839981,28.839981
201105E,2011080718,30.0,30.0,30.0,25.0,30.0,30.0,30.0,31.8614,31.8614,31.8614
201105E,2011080721,30.0,30.0,28.0,25.0,30.0,30.0,30.0,33.419296,33.419296,33.419296
201105E,2011080800,30.0,30.0,25.0,25.0,30.0,30.0,30.0,28.72353,28.72353,28.72353
201105E,2011080803,30.0,28.0,25.0,25.0,30.0,30.0,30.0,28.889126,28.889126,28.889126
201105E,2011080806,30.0,25.0,25.0,25.0,30.0,30.0,30.0,26.235083,26.235083,26.235083
201105E,2011080809,28.0,25.0,25.0,25.0,28.0,28.0,28.0,25.804562,25.804562,25.804562
201105E,2011080812,25.0,25.0,25.0,25.0,25.0,25.0,25.0,24.739475,24.739475,24.739475
201105E,2011080815,25.0,25.0,25.0,25.0,25.0,25.0,25.0,22.224504,22.224504,22.224504
201105E,2011080818,25.0,25.0,25.0,25.0,25.0,25.0,25.0,22.295849,22.295849,22.295849
201105E,2011080821,25.0,25.0,25.0,25.0,25.0,25.0,25.0,23.779972,23.779972,23.779972
201105E,2011080900,25.0,25.0,25.0,25.0,25.0,25.0,25.0,23.387566,23.387566,23.387566
201105I,2011112606,30.0,30.0,30.0,30.0,30.0,30.0,30.0,28.934107,28.934107,28.934107
201105I,2011112609,30.0,30.0,30.0,30.0,30.0,30.0,30.0,22.350737,22.350737,22.350737
201105I,2011112612,30.0,30.0,30.0,30.0,30.0,30.0,30.0,25.354372,25.354372,25.354372
201105I,2011112615,30.0,30.0,30.0,30.0,30.0,30.0,30.0,25.426466,25.426466,25.426466
201105I,2011112618,30.0,30.0,30.0,30.0,30.0,30.0,30.0,26.592281,26.592281,26.592281
201105I,2011112621,30.0,30.0,30.0,30.0,30.0,30.0,30.0,24.653406,24.653406,24.653406
201105I,2011112700,30.0,30.0,30.0,30.0,30.0,30.0,30.0,26.373768,26.373768,26.373768
201105I,2011112703,30.0,30.0,30.0,33.0,30.0,30.0,30.0,28.659044,28.659044,28.659044
201105I,2011112706,30.0,30.0,30.0,35.0,30.0,30.0,30.0,28.9573,28.9573,28.9573
201105I,2011112709,30.0,30.0,30.0,35.0,30.0,30.0,30.0,34.863064,34.863064,34.863064
201105I,2011112712,30.0,30.0,30.0,35.0,30.0,30.0,30.0,37.14581,37.14581,37.14581
201105I,2011112715,30.0,30.0,33.0,35.0,30.0,30.0,30.0,34.848515,34.848515,34.848515
201105I,2011112718,30.0,30.0,35.0,35.0,30.0,30.0,30.0,46.76241,46.76241,46.76241
201105I,2011112721,30.0,33.0,35.0,33.0,30.0,30.0,30.0,40.246098,40.246098,40.246098
201105I,2011112800,30.0,35.0,35.0,30.0,30.0,30.0,30.0,37.713177,37.713177,37.713177
201105I,2011112803,33.0,35.0,35.0,30.0,33.0,33.0,33.0,37.780777,37.780777,37.780777
201105I,2011112806,35.0,35.0,35.0,30.0,35.0,35.0,35.0,41.839386,41.839386,41.839386
201105I,2011112809,35.0,35.0,33.0,30.0,35.0,35.0,35.0,47.02975,47.02975,47.02975
201105I,2011112812,35.0,35.0,30.0,30.0,35.0,35.0,35.0,41.422306,41.422306,41.422306
201105I,2011112815,35.0,33.0,30.0,28.0,35.0,35.0,35.0,40.446568,40.446568,40.446568
201105I,2011112818,35.0,30.0,30.0,25.0,35.0,35.0,35.0,38.15897,38.15897,38.15897
201105I,2011112821,33.0,30.0,30.0,25.0,33.0,33.0,33.0,41.637352,41.637352,41.637352
201105I,2011112900,30.0,30.0,30.0,25.0,30.0,30.0,30.0,37.58547,37.58547,37.58547
201105I,2011112903,30.0,30.0,28.0,25.0,30.0,30.0,30.0,32.09575,32.09575,32.09575
201105I,2011112906,30.0,30.0,25.0,25.0,30.0,30.0,30.0,34.054962,34.054962,34.054962
201105I,2011112909,30.0,28.0,25.0,25.0,30.0,30.0,30.0,32.440933,32.440933,32.440933
201105I,2011112912,30.0,25.0,25.0,25.0,30.0,30.0,30.0,23.533958,23.533958,23.533958
201105I,2011112915,28.0,25.0,25.0,25.0,28.0,28.0,28.0,25.511179,25.511179,25.511179
201105I,2011112918,25.0,25.0,25.0,25.0,25.0,25.0,25.0,26.757938,26.757938,26.757938
201105I,2011112921,25.0,25.0,25.0,25.0,25.0,25.0,25.0,31.537643,31.537643,31.537643
201105I,2011113000,25.0,25.0,25.0,25.0,25.0,25.0,25.0,29.839376,29.839376,29.839376
201105I,2011113003,25.0,25.0,25.0,23.0,25.0,25.0,25.0,26.178194,26.178194,26.178194
201105I,2011113006,25.0,25.0,25.0,20.0,25.0,25.0,25.0,31.9855,31.9855,31.9855
201107E,2011081706,35.0,45.0,55.0,70.0,35.0,35.0,35.0,33.225376,33.225376,33.225376
201107E,2011081709,40.0,50.0,60.0,73.0,40.0,40.0,40.0,36.344715,36.344715,36.344715
201107E,2011081712,45.0,55.0,65.0,75.0,45.0,45.0,45.0,32.481133,32.481133,32.481133
201107E,2011081715,50.0,60.0,68.0,75.0,50.0,50.0,50.0,49.866894,49.866894,49.866894
201107E,2011081718,55.0,65.0,70.0,75.0,55.0,55.0,55.0,45.189594,45.189594,45.189594
201107E,2011081721,60.0,68.0,73.0,73.0,60.0,60.0,60.0,43.842777,43.842777,43.842777
201107E,2011081800,65.0,70.0,75.0,70.0,65.0,65.0,65.0,45.259655,45.259655,45.259655
201107E,2011081803,68.0,73.0,75.0,68.0,68.0,68.0,68.0,36.83115,36.83115,36.83115
201107E,2011081806,70.0,75.0,75.0,65.0,70.0,70.0,70.0,38.81984,38.81984,38.81984
201107E,2011081809,73.0,75.0,73.0,63.0,73.0,73.0,73.0,39.266983,39.266983,39.266983
201107E,2011081812,75.0,75.0,70.0,60.0,75.0,75.0,75.0,44.677753,44.677753,44.677753
201107E,2011081815,75.0,73.0,68.0,55.0,75.0,75.0,75.0,44.177628,44.177628,44.177628
201107E,2011081818,75.0,70.0,65.0,50.0,75.0,75.0,75.0,45.82292,45.82292,45.82292
201107E,2011081821,73.0,68.0,63.0,48.0,73.0,73.0,73.0,47.534695,47.534695,47.534695
201107E,2011081900,70.0,65.0,60.0,45.0,70.0,70.0,70.0,42.424686,42.424686,42.424686
201107E,2011081903,68.0,63.0,55.0,43.0,68.0,68.0,68.0,40.658066,40.658066,40.658066
201107E,2011081906,65.0,60.0,50.0,40.0,65.0,65.0,65.0,45.413837,45.413837,45.413837
201107E,2011081909,63.0,55.0,48.0,38.0,63.0,63.0,63.0,44.754368,44.754368,44.754368
201107E,2011081912,60.0,50.0,45.0,35.0,60.0,60.0,60.0,42.002575,42.002575,42.002575
201107E,2011081915,55.0,48.0,43.0,33.0,55.0,55.0,55.0,38.843887,38.843887,38.843887
201107E,2011081918,50.0,45.0,40.0,30.0,50.0,50.0,50.0,40.172672,40.172672,40.172672
201107E,2011081921,48.0,43.0,38.0,30.0,48.0,48.0,48.0,40.860405,40.860405,40.860405
201107E,2011082000,45.0,40.0,35.0,30.0,45.0,45.0,45.0,42.615314,42.615314,42.615314
201107E,2011082003,43.0,38.0,33.0,30.0,43.0,43.0,43.0,38.760162,38.760162,38.760162
201107E,2011082006,40.0,35.0,30.0,30.0,40.0,40.0,40.0,32.138332,32.138332,32.138332
201107E,2011082009,38.0,33.0,30.0,30.0,38.0,38.0,38.0,29.862183,29.862183,29.862183
201107E,2011082012,35.0,30.0,30.0,30.0,35.0,35.0,35.0,39.069912,39.069912,39.069912
201107E,2011082015,33.0,30.0,30.0,28.0,33.0,33.0,33.0,41.85885,41.85885,41.85885
201107E,2011082018,30.0,30.0,30.0,25.0,30.0,30.0,30.0,42.201225,42.201225,42.201225
201107E,2011082021,30.0,30.0,30.0,23.0,30.0,30.0,30.0,38.333584,38.333584,38.333584
201107E,2011082100,30.0,30.0,30.0,20.0,30.0,30.0,30.0,33.94577,33.94577,33.94577
201107E,2011082103,30.0,30.0,28.0,20.0,30.0,30.0,30.0,35.466183,35.466183,35.466183
201107E,2011082106,30.0,30.0,25.0,20.0,30.0,30.0,30.0,30.328472,30.328472,30.328472
201107E,2011082109,30.0,28.0,23.0,20.0,30.0,30.0,30.0,30.779373,30.779373,30.779373
201107E,2011082112,30.0,25.0,20.0,20.0,30.0,30.0,30.0,26.312809,26.312809,26.312809
201107E,2011082115,28.0,23.0,20.0,20.0,28.0,28.0,28.0,23.498638,23.498638,23.498638
201107E,2011082118,25.0,20.0,20.0,20.0,25.0,25.0,25.0,24.344357,24.344357,24.344357
201107E,2011082121,23.0,20.0,20.0,20.0,23.0,23.0,23.0,23.452906,23.452906,23.452906
201107E,2011082200,20.0,20.0,20.0,20.0,20.0,20.0,20.0,22.481752,22.481752,22.481752
201108E,2011083112,30.0,25.0,25.0,25.0,30.0,30.0,30.0,35.834705,35.834705,35.834705
201108E,2011083115,28.0,25.0,25.0,23.0,28.0,28.0,28.0,26.59826,26.59826,26.59826
201108E,2011083118,25.0,25.0,25.0,20.0,25.0,25.0,25.0,28.385874,28.385874,28.385874
201108E,2011083121,25.0,25.0,25.0,20.0,25.0,25.0,25.0,31.044771,31.044771,31.044771
201108E,2011090100,25.0,25.0,25.0,20.0,25.0,25.0,25.0,25.04818,25.04818,25.04818
201110W,2011072418,25.0,25.0,30.0,30.0,25.0,25.0,25.0,24.947096,24.947096,24.947096
201110W,2011072421,25.0,28.0,30.0,33.0,25.0,25.0,25.0,25.05595,25.05595,25.05595
201110W,2011072500,25.0,30.0,30.0,35.0,25.0,25.0,25.0,29.950523,29.950523,29.950523
201110W,2011072503,28.0,30.0,30.0,38.0,28.0,28.0,28.0,23.221548,23.221548,23.221548
201110W,2011072506,30.0,30.0,30.0,40.0,30.0,30.0,30.0,26.854502,26.854502,26.854502
201110W,2011072509,30.0,30.0,33.0,43.0,30.0,30.0,30.0,26.92296,26.92296,26.92296
201110W,2011072512,30.0,30.0,35.0,45.0,30.0,30.0,30.0,25.533401,25.533401,25.533401
201110W,2011072515,30.0,33.0,38.0,48.0,30.0,30.0,30.0,27.644148,27.644148,27.644148
201110W,2011072518,30.0,35.0,40.0,50.0,30.0,30.0,30.0,30.903503,30.903503,30.903503
201110W,2011072521,33.0,38.0,43.0,58.0,33.0,33.0,33.0,27.497887,27.497887,27.497887
201110W,2011072600,35.0,40.0,45.0,65.0,35.0,35.0,35.0,27.913849,27.913849,27.913849
201110W,2011072603,38.0,43.0,48.0,60.0,38.0,38.0,38.0,33.191162,33.191162,33.191162
201110W,2011072606,40.0,45.0,50.0,55.0,40.0,40.0,40.0,54.612217,54.612217,54.612217
201110W,2011072609,43.0,48.0,58.0,53.0,43.0,43.0,43.0,44.598995,44.598995,44.598995
201110W,2011072612,45.0,50.0,65.0,50.0,45.0,45.0,45.0,40.306137,40.306137,40.306137
201110W,2011072615,48.0,58.0,60.0,50.0,48.0,48.0,48.0,37.39967,37.39967,37.39967
201110W,2011072618,50.0,65.0,55.0,50.0,50.0,50.0,50.0,40.396343,40.396343,40.396343
201110W,2011072621,58.0,60.0,53.0,50.0,58.0,58.0,58.0,40.487293,40.487293,40.487293
201110W,2011072700,65.0,55.0,50.0,50.0,65.0,65.0,65.0,29.593597,29.593597,29.593597
201110W,2011072703,60.0,53.0,50.0,53.0,60.0,60.0,60.0,38.36596,38.36596,38.36596
201110W,2011072706,55.0,50.0,50.0,55.0,55.0,55.0,55.0,29.087912,29.087912,29.087912
201110W,2011072709,53.0,50.0,50.0,55.0,53.0,53.0,53.0,37.032917,37.032917,37.032917
201110W,2011072712,50.0,50.0,50.0,55.0,50.0,50.0,50.0,33.851856,33.851856,33.851856
201110W,2011072715,50.0,50.0,53.0,55.0,50.0,50.0,50.0,29.798075,29.798075,29.798075
201110W,2011072718,50.0,50.0,55.0,55.0,50.0,50.0,50.0,27.16489,27.16489,27.16489
201110W,2011072721,50.0,53.0,55.0,53.0,50.0,50.0,50.0,29.360777,29.360777,29.360777
201110W,2011072800,50.0,55.0,55.0,50.0,50.0,50.0,50.0,32.535736,32.535736,32.535736
201110W,2011072803,53.0,55.0,55.0,48.0,53.0,53.0,53.0,35.565662,35.565662,35.565662
201110W,2011072806,55.0,55.0,55.0,45.0,55.0,55.0,55.0,41.392464,41.392464,41.392464
201110W,2011072809,55.0,55.0,53.0,43.0,55.0,55.0,55.0,45.055275,45.055275,45.055275
201110W,2011072812,55.0,55.0,50.0,40.0,55.0,55.0,55.0,40.02304,40.02304,40.02304
201110W,2011072815,55.0,53.0,48.0,40.0,55.0,55.0,55.0,35.29527,35.29527,35.29527
201110W,2011072818,55.0,50.0,45.0,40.0,55.0,55.0,55.0,34.312126,34.312126,34.312126
201110W,2011072821,53.0,48.0,43.0,43.0,53.0,53.0,53.0,34.252155,34.252155,34.252155
201110W,2011072900,50.0,45.0,40.0,45.0,50.0,50.0,50.0,41.312496,41.312496,41.312496
201110W,2011072903,48.0,43.0,40.0,43.0,48.0,48.0,48.0,41.994556,41.994556,41.994556
201110W,2011072906,45.0,40.0,40.0,40.0,45.0,45.0,45.0,47.05439,47.05439,47.05439
201110W,2011072909,43.0,40.0,43.0,38.0,43.0,43.0,43.0,44.411423,44.411423,44.411423
201110W,2011072912,40.0,40.0,45.0,35.0,40.0,40.0,40.0,37.87163,37.87163,37.87163
201111L,2011082700,30.0,30.0,35.0,35.0,30.0,30.0,30.0,29.034653,29.034653,29.034653
201111L,2011082703,30.0,32.0,35.0,38.0,30.0,30.0,30.0,29.77436,29.77436,29.77436
201111L,2011082706,30.0,35.0,35.0,40.0,30.0,30.0,30.0,28.882961,28.882961,28.882961
201111L,2011082709,32.0,35.0,35.0,40.0,32.0,32.0,32.0,34.78207,34.78207,34.78207
201111L,2011082712,35.0,35.0,35.0,40.0,35.0,35.0,35.0,27.986906,27.986906,27.986906
201111L,2011082715,35.0,35.0,38.0,40.0,35.0,35.0,35.0,26.678646,26.678646,26.678646
201111L,2011082718,35.0,35.0,40.0,40.0,35.0,35.0,35.0,29.855114,29.855114,29.855114
201111L,2011082721,35.0,38.0,40.0,40.0,35.0,35.0,35.0,26.569399,26.569399,26.569399
201111L,2011082800,35.0,40.0,40.0,40.0,35.0,35.0,35.0,30.316082,30.316082,30.316082
201111L,2011082803,38.0,40.0,40.0,38.0,38.0,38.0,38.0,22.830433,22.830433,22.830433
201111L,2011082806,40.0,40.0,40.0,35.0,40.0,40.0,40.0,28.46688,28.46688,28.46688
201111L,2011082809,40.0,40.0,40.0,32.0,40.0,40.0,40.0,25.082767,25.082767,25.082767
201111L,2011082812,40.0,40.0,40.0,30.0,40.0,40.0,40.0,21.670197,21.670197,21.670197
201113L,2011090212,35.0,40.0,40.0,50.0,35.0,35.0,35.0,48.546013,48.546013,48.546013
201113L,2011090215,38.0,40.0,42.0,48.0,38.0,38.0,38.0,53.10385,53.10385,53.10385
201113L,2011090218,40.0,40.0,45.0,45.0,40.0,40.0,40.0,33.131683,33.131683,33.131683
201113L,2011090221,40.0,42.0,48.0,42.0,40.0,40.0,40.0,41.50109,41.50109,41.50109
201113L,2011090300,40.0,45.0,50.0,40.0,40.0,40.0,40.0,48.78885,48.78885,48.78885
201113L,2011090303,42.0,48.0,48.0,40.0,42.0,42.0,42.0,42.64014,42.64014,42.64014
201113L,2011090306,45.0,50.0,45.0,40.0,45.0,45.0,45.0,42.67507,42.67507,42.67507
201113L,2011090309,48.0,48.0,42.0,38.0,48.0,48.0,48.0,45.77863,45.77863,45.77863
201113L,2011090312,50.0,45.0,40.0,35.0,50.0,50.0,50.0,41.975918,41.975918,41.975918
201113L,2011090315,48.0,42.0,40.0,35.0,48.0,48.0,48.0,35.607788,35.607788,35.607788
201113L,2011090318,45.0,40.0,40.0,35.0,45.0,45.0,45.0,32.54539,32.54539,32.54539
201113L,2011090321,42.0,40.0,38.0,35.0,42.0,42.0,42.0,44.394188,44.394188,44.394188
201113L,2011090400,40.0,40.0,35.0,35.0,40.0,40.0,40.0,42.061176,42.061176,42.061176
201113L,2011090403,40.0,38.0,35.0,35.0,40.0,40.0,40.0,39.699398,39.699398,39.699398
201113L,2011090406,40.0,35.0,35.0,35.0,40.0,40.0,40.0,39.71347,39.71347,39.71347
201113L,2011090409,38.0,35.0,35.0,38.0,38.0,38.0,38.0,41.70234,41.70234,41.70234
201113L,2011090412,35.0,35.0,35.0,40.0,35.0,35.0,35.0,48.10308,48.10308,48.10308
201113L,2011090415,35.0,35.0,35.0,40.0,35.0,35.0,35.0,49.730064,49.730064,49.730064
201113L,2011090418,35.0,35.0,35.0,40.0,35.0,35.0,35.0,56.473125,56.473125,56.473125
201113L,2011090421,35.0,35.0,38.0,35.0,35.0,35.0,35.0,50.062344,50.062344,50.062344
201113L,2011090500,35.0,35.0,40.0,30.0,35.0,35.0,35.0,47.200592,47.200592,47.200592
201113L,2011090503,35.0,38.0,40.0,25.0,35.0,35.0,35.0,33.734848,33.734848,33.734848
201113L,2011090506,35.0,40.0,40.0,20.0,35.0,35.0,35.0,35.03185,35.03185,35.03185
201113L,2011090509,38.0,40.0,35.0,18.0,38.0,38.0,38.0,36.822124,36.822124,36.822124
201113L,2011090512,40.0,40.0,30.0,15.0,40.0,40.0,40.0,35.320038,35.320038,35.320038
201113L,2011090515,40.0,35.0,25.0,15.0,40.0,40.0,40.0,34.686096,34.686096,34.686096
201113L,2011090518,40.0,30.0,20.0,15.0,40.0,40.0,40.0,41.40698,41.40698,41.40698
201113W,2011080906,20.0,20.0,25.0,30.0,20.0,20.0,20.0,24.564978,24.564978,24.564978
201113W,2011080909,20.0,23.0,25.0,30.0,20.0,20.0,20.0,36.061283,36.061283,36.061283
201113W,2011080912,20.0,25.0,25.0,30.0,20.0,20.0,20.0,41.936268,41.936268,41.936268
201113W,2011080915,23.0,25.0,28.0,30.0,23.0,23.0,23.0,38.8847,38.8847,38.8847
201113W,2011080918,25.0,25.0,30.0,30.0,25.0,25.0,25.0,40.458755,40.458755,40.458755
201113W,2011080921,25.0,28.0,30.0,30.0,25.0,25.0,25.0,36.156536,36.156536,36.156536
201113W,2011081000,25.0,30.0,30.0,30.0,25.0,25.0,25.0,32.269173,32.269173,32.269173
201113W,2011081003,28.0,30.0,30.0,30.0,28.0,28.0,28.0,32.83415,32.83415,32.83415
201113W,2011081006,30.0,30.0,30.0,30.0,30.0,30.0,30.0,33.753315,33.753315,33.753315
201113W,2011081009,30.0,30.0,30.0,30.0,30.0,30.0,30.0,41.074615,41.074615,41.074615
201113W,2011081012,30.0,30.0,30.0,30.0,30.0,30.0,30.0,48.43034,48.43034,48.43034
201113W,2011081015,30.0,30.0,30.0,28.0,30.0,30.0,30.0,35.30688,35.30688,35.30688
201113W,2011081018,30.0,30.0,30.0,25.0,30.0,30.0,30.0,34.496807,34.496807,34.496807
201113W,2011081021,30.0,30.0,30.0,25.0,30.0,30.0,30.0,35.314354,35.314354,35.314354
201113W,2011081100,30.0,30.0,30.0,25.0,30.0,30.0,30.0,32.22942,32.22942,32.22942
201113W,2011081103,30.0,30.0,28.0,25.0,30.0,30.0,30.0,28.50433,28.50433,28.50433
201113W,2011081106,30.0,30.0,25.0,25.0,30.0,30.0,30.0,29.587526,29.587526,29.587526
201113W,2011081109,30.0,28.0,25.0,23.0,30.0,30.0,30.0,34.01766,34.01766,34.01766
201113W,2011081112,30.0,25.0,25.0,20.0,30.0,30.0,30.0,42.521633,42.521633,42.521633
201113W,2011081115,28.0,25.0,25.0,20.0,28.0,28.0,28.0,39.86203,39.86203,39.86203
201113W,2011081118,25.0,25.0,25.0,20.0,25.0,25.0,25.0,24.800638,24.800638,24.800638
201113W,2011081121,25.0,25.0,23.0,23.0,25.0,25.0,25.0,35.830482,35.830482,35.830482
201113W,2011081200,25.0,25.0,20.0,25.0,25.0,25.0,25.0,20.635727,20.635727,20.635727
201113W,2011081203,25.0,23.0,20.0,25.0,25.0,25.0,25.0,17.737886,17.737886,17.737886
201113W,2011081206,25.0,20.0,20.0,25.0,25.0,25.0,25.0,20.796892,20.796892,20.796892
201113W,2011081209,23.0,20.0,23.0,23.0,23.0,23.0,23.0,25.183847,25.183847,25.183847
201113W,2011081212,20.0,20.0,25.0,20.0,20.0,20.0,20.0,26.79268,26.79268,26.79268
201113W,2011081215,20.0,23.0,25.0,20.0,20.0,20.0,20.0,33.12106,33.12106,33.12106
201113W,2011081218,20.0,25.0,25.0,20.0,20.0,20.0,20.0,30.603931,30.603931,30.603931
201113W,2011081221,23.0,25.0,23.0,20.0,23.0,23.0,23.0,28.38233,28.38233,28.38233
201113W,2011081300,25.0,25.0,20.0,20.0,25.0,25.0,25.0,25.500492,25.500492,25.500492
201113W,2011081303,25.0,23.0,20.0,20.0,25.0,25.0,25.0,31.925898,31.925898,31.925898
201113W,2011081306,25.0,20.0,20.0,20.0,25.0,25.0,25.0,30.65848,30.65848,30.65848
201113W,2011081309,23.0,20.0,20.0,20.0,23.0,23.0,23.0,45.20606,45.20606,45.20606
201113W,2011081312,20.0,20.0,20.0,20.0,20.0,20.0,20.0,34.765907,34.765907,34.765907
201113W,2011081315,20.0,20.0,20.0,18.0,20.0,20.0,20.0,28.80098,28.80098,28.80098
201113W,2011081318,20.0,20.0,20.0,15.0,20.0,20.0,20.0,37.353245,37.353245,37.353245
201113W,2011081321,20.0,20.0,20.0,15.0,20.0,20.0,20.0,24.268246,24.268246,24.268246
201113W,2011081400,20.0,20.0,20.0,15.0,20.0,20.0,20.0,28.987505,28.987505,28.987505
201119W,2011091406,25.0,25.0,30.0,30.0,25.0,25.0,25.0,29.424606,29.424606,29.424606
201119W,2011091409,25.0,28.0,30.0,30.0,25.0,25.0,25.0,28.476028,28.476028,28.476028
201119W,2011091412,25.0,30.0,30.0,30.0,25.0,25.0,25.0,28.55268,28.55268,28.55268
201119W,2011091415,28.0,30.0,30.0,30.0,28.0,28.0,28.0,30.243668,30.243668,30.243668
201119W,2011091418,30.0,30.0,30.0,30.0,30.0,30.0,30.0,34.360302,34.360302,34.360302
201119W,2011091421,30.0,30.0,30.0,30.0,30.0,30.0,30.0,33.827415,33.827415,33.827415
201119W,2011091500,30.0,30.0,30.0,30.0,30.0,30.0,30.0,39.84193,39.84193,39.84193
201119W,2011091503,30.0,30.0,30.0,33.0,30.0,30.0,30.0,53.85555,53.85555,53.85555
201119W,2011091506,30.0,30.0,30.0,35.0,30.0,30.0,30.0,34.13797,34.13797,34.13797
201119W,2011091509,30.0,30.0,30.0,35.0,30.0,30.0,30.0,47.401653,47.401653,47.401653
201119W,2011091512,30.0,30.0,30.0,35.0,30.0,30.0,30.0,30.007675,30.007675,30.007675
201119W,2011091515,30.0,30.0,33.0,40.0,30.0,30.0,30.0,44.238163,44.238163,44.238163
201119W,2011091518,30.0,30.0,35.0,45.0,30.0,30.0,30.0,34.38816,34.38816,34.38816
201119W,2011091521,30.0,33.0,35.0,45.0,30.0,30.0,30.0,36.199173,36.199173,36.199173
201119W,2011091600,30.0,35.0,35.0,45.0,30.0,30.0,30.0,38.42517,38.42517,38.42517
201119W,2011091603,33.0,35.0,40.0,53.0,33.0,33.0,33.0,44.343243,44.343243,44.343243
201119W,2011091606,35.0,35.0,45.0,60.0,35.0,35.0,35.0,36.777588,36.777588,36.777588
201119W,2011091609,35.0,40.0,45.0,63.0,35.0,35.0,35.0,38.40968,38.40968,38.40968
201119W,2011091612,35.0,45.0,45.0,65.0,35.0,35.0,35.0,39.37072,39.37072,39.37072
201119W,2011091615,40.0,45.0,53.0,65.0,40.0,40.0,40.0,45.307945,45.307945,45.307945
201119W,2011091618,45.0,45.0,60.0,65.0,45.0,45.0,45.0,41.952606,41.952606,41.952606
201119W,2011091621,45.0,53.0,63.0,68.0,45.0,45.0,45.0,42.76605,42.76605,42.76605
201119W,2011091700,45.0,60.0,65.0,70.0,45.0,45.0,45.0,62.66065,62.66065,62.66065
201119W,2011091703,53.0,63.0,65.0,75.0,53.0,53.0,53.0,48.19569,48.19569,48.19569
201119W,2011091706,60.0,65.0,65.0,80.0,60.0,60.0,60.0,47.24065,47.24065,47.24065
201119W,2011091709,63.0,65.0,68.0,85.0,63.0,63.0,63.0,49.49536,49.49536,49.49536
201119W,2011091712,65.0,65.0,70.0,90.0,65.0,65.0,65.0,50.66418,50.66418,50.66418
201119W,2011091715,65.0,68.0,75.0,90.0,65.0,65.0,65.0,47.38361,47.38361,47.38361
201119W,2011091718,65.0,70.0,80.0,90.0,65.0,65.0,65.0,37.572636,37.572636,37.572636
201119W,2011091721,68.0,75.0,85.0,90.0,68.0,68.0,68.0,41.193573,41.193573,41.193573
201119W,2011091800,70.0,80.0,90.0,90.0,70.0,70.0,70.0,35.960716,35.960716,35.960716
201119W,2011091803,75.0,85.0,90.0,88.0,75.0,75.0,75.0,44.842083,44.842083,44.842083
201119W,2011091806,80.0,90.0,90.0,85.0,80.0,80.0,80.0,48.376663,48.376663,48.376663
201119W,2011091809,85.0,90.0,90.0,85.0,85.0,85.0,85.0,62.17728,62.17728,62.17728
201119W,2011091812,90.0,90.0,90.0,85.0,90.0,90.0,90.0,55.428192,55.428192,55.428192
201119W,2011091815,90.0,90.0,88.0,78.0,90.0,90.0,90.0,61.42987,61.42987,61.42987
201119W,2011091818,90.0,90.0,85.0,70.0,90.0,90.0,90.0,55.485268,55.485268,55.485268
201119W,2011091821,90.0,88.0,85.0,68.0,90.0,90.0,90.0,72.883156,72.883156,72.883156
201119W,2011091900,90.0,85.0,85.0,65.0,90.0,90.0,90.0,63.57259,63.57259,63.57259
201119W,2011091903,88.0,85.0,78.0,63.0,88.0,88.0,88.0,66.78689,66.78689,66.78689
201119W,2011091906,85.0,85.0,70.0,60.0,85.0,85.0,85.0,94.64651,94.64651,94.64651
201119W,2011091909,85.0,78.0,68.0,58.0,85.0,85.0,85.0,86.21224,86.21224,86.21224
201119W,2011091912,85.0,70.0,65.0,55.0,85.0,85.0,85.0,79.54491,79.54491,79.54491
201119W,2011091915,78.0,68.0,63.0,50.0,78.0,78.0,78.0,54.59394,54.59394,54.59394
201119W,2011091918,70.0,65.0,60.0,45.0,70.0,70.0,70.0,53.994442,53.994442,53.994442
201122W,2011092706,30.0,30.0,35.0,45.0,30.0,30.0,30.0,39.736782,39.736782,39.736782
201122W,2011092709,30.0,33.0,38.0,48.0,30.0,30.0,30.0,45.16176,45.16176,45.16176
201122W,2011092712,30.0,35.0,40.0,50.0,30.0,30.0,30.0,42.881218,42.881218,42.881218
201122W,2011092715,33.0,38.0,43.0,53.0,33.0,33.0,33.0,41.851086,41.851086,41.851086
201122W,2011092718,35.0,40.0,45.0,55.0,35.0,35.0,35.0,49.425274,49.425274,49.425274
201122W,2011092721,38.0,43.0,48.0,60.0,38.0,38.0,38.0,41.83505,41.83505,41.83505
201122W,2011092800,40.0,45.0,50.0,65.0,40.0,40.0,40.0,42.20459,42.20459,42.20459
201122W,2011092803,43.0,48.0,53.0,65.0,43.0,43.0,43.0,36.471134,36.471134,36.471134
201122W,2011092806,45.0,50.0,55.0,65.0,45.0,45.0,45.0,31.066133,31.066133,31.066133
201122W,2011092809,48.0,53.0,60.0,70.0,48.0,48.0,48.0,36.790443,36.790443,36.790443
201122W,2011092812,50.0,55.0,65.0,75.0,50.0,50.0,50.0,42.591957,42.591957,42.591957
201122W,2011092815,53.0,60.0,65.0,78.0,53.0,53.0,53.0,56.99753,56.99753,56.99753
201122W,2011092818,55.0,65.0,65.0,80.0,55.0,55.0,55.0,47.5565,47.5565,47.5565
201122W,2011092821,60.0,65.0,70.0,85.0,60.0,60.0,60.0,54.045204,54.045204,54.045204
201122W,2011092900,65.0,65.0,75.0,90.0,65.0,65.0,65.0,43.884655,43.884655,43.884655
201122W,2011092903,65.0,70.0,78.0,95.0,65.0,65.0,65.0,40.89515,40.89515,40.89515
201122W,2011092906,65.0,75.0,80.0,100.0,65.0,65.0,65.0,34.991013,34.991013,34.991013
201122W,2011092909,70.0,78.0,85.0,108.0,70.0,70.0,70.0,42.604637,42.604637,42.604637
201122W,2011092912,75.0,80.0,90.0,115.0,75.0,75.0,75.0,35.19972,35.19972,35.19972
201122W,2011092915,78.0,85.0,95.0,115.0,78.0,78.0,78.0,42.10347,42.10347,42.10347
201122W,2011092918,80.0,90.0,100.0,115.0,80.0,80.0,80.0,49.4478,49.4478,49.4478
201122W,2011092921,85.0,95.0,108.0,123.0,85.0,85.0,85.0,48.36244,48.36244,48.36244
201122W,2011093000,90.0,100.0,115.0,130.0,90.0,90.0,90.0,33.26306,33.26306,33.26306
201122W,2011093003,95.0,108.0,115.0,115.0,95.0,95.0,95.0,51.10628,51.10628,51.10628
201122W,2011093006,100.0,115.0,115.0,100.0,100.0,100.0,100.0,63.941658,63.941658,63.941658
201122W,2011093009,108.0,115.0,123.0,90.0,108.0,108.0,108.0,77.30697,77.30697,77.30697
201122W,2011093012,115.0,115.0,130.0,80.0,115.0,115.0,115.0,62.569126,62.569126,62.569126
201122W,2011093015,115.0,123.0,115.0,73.0,115.0,115.0,115.0,43.77177,43.77177,43.77177
201122W,2011093018,115.0,130.0,100.0,65.0,115.0,115.0,115.0,73.39825,73.39825,73.39825
201122W,2011093021,123.0,115.0,90.0,60.0,123.0,123.0,123.0,98.054855,98.054855,98.054855
201122W,2011100100,130.0,100.0,80.0,55.0,130.0,130.0,130.0,106.6122,106.6122,106.6122
201122W,2011100103,115.0,90.0,73.0,53.0,115.0,115.0,115.0,58.346348,58.346348,58.346348
201122W,2011100106,100.0,80.0,65.0,50.0,100.0,100.0,100.0,59.469543,59.469543,59.469543
201122W,2011100109,90.0,73.0,60.0,50.0,90.0,90.0,90.0,62.59555,62.59555,62.59555
201122W,2011100112,80.0,65.0,55.0,50.0,80.0,80.0,80.0,59.829456,59.829456,59.829456
201122W,2011100115,73.0,60.0,53.0,50.0,73.0,73.0,73.0,42.442486,42.442486,42.442486
201122W,2011100118,65.0,55.0,50.0,50.0,65.0,65.0,65.0,37.19377,37.19377,37.19377
201122W,2011100121,60.0,53.0,50.0,50.0,60.0,60.0,60.0,33.804726,33.804726,33.804726
201122W,2011100200,55.0,50.0,50.0,50.0,55.0,55.0,55.0,31.368378,31.368378,31.368378
201122W,2011100203,53.0,50.0,50.0,50.0,53.0,53.0,53.0,35.46798,35.46798,35.46798
201122W,2011100206,50.0,50.0,50.0,50.0,50.0,50.0,50.0,35.845264,35.845264,35.845264
201122W,2011100209,50.0,50.0,50.0,48.0,50.0,50.0,50.0,42.46582,42.46582,42.46582
201122W,2011100212,50.0,50.0,50.0,45.0,50.0,50.0,50.0,39.060802,39.060802,39.060802
201122W,2011100215,50.0,50.0,50.0,45.0,50.0,50.0,50.0,37.366222,37.366222,37.366222
201122W,2011100218,50.0,50.0,50.0,45.0,50.0,50.0,50.0,43.9571,43.9571,43.9571
201122W,2011100221,50.0,50.0,48.0,43.0,50.0,50.0,50.0,44.378586,44.378586,44.378586
201122W,2011100300,50.0,50.0,45.0,40.0,50.0,50.0,50.0,38.4556,38.4556,38.4556
201122W,2011100303,50.0,48.0,45.0,38.0,50.0,50.0,50.0,35.294666,35.294666,35.294666
201122W,2011100306,50.0,45.0,45.0,35.0,50.0,50.0,50.0,35.66324,35.66324,35.66324
201122W,2011100309,48.0,45.0,43.0,33.0,48.0,48.0,48.0,35.711147,35.711147,35.711147
201122W,2011100312,45.0,45.0,40.0,30.0,45.0,45.0,45.0,34.461605,34.461605,34.461605
201122W,2011100315,45.0,43.0,38.0,30.0,45.0,45.0,45.0,31.678474,31.678474,31.678474
201122W,2011100318,45.0,40.0,35.0,30.0,45.0,45.0,45.0,33.623573,33.623573,33.623573
201122W,2011100321,43.0,38.0,33.0,30.0,43.0,43.0,43.0,33.335106,33.335106,33.335106
201122W,2011100400,40.0,35.0,30.0,30.0,40.0,40.0,40.0,34.652534,34.652534,34.652534
201122W,2011100403,38.0,33.0,30.0,25.0,38.0,38.0,38.0,31.784115,31.784115,31.784115
201122W,2011100406,35.0,30.0,30.0,20.0,35.0,35.0,35.0,35.581562,35.581562,35.581562
201203W,2012052100,20.0,25.0,30.0,40.0,20.0,20.0,20.0,30.770124,30.770124,30.770124
201203W,2012052103,23.0,28.0,33.0,40.0,23.0,23.0,23.0,30.273903,30.273903,30.273903
201203W,2012052106,25.0,30.0,35.0,40.0,25.0,25.0,25.0,30.020739,30.020739,30.020739
201203W,2012052109,28.0,33.0,38.0,43.0,28.0,28.0,28.0,40.824215,40.824215,40.824215
201203W,2012052112,30.0,35.0,40.0,45.0,30.0,30.0,30.0,30.364637,30.364637,30.364637
201203W,2012052115,33.0,38.0,40.0,45.0,33.0,33.0,33.0,36.0574,36.0574,36.0574
201203W,2012052118,35.0,40.0,40.0,45.0,35.0,35.0,35.0,37.220795,37.220795,37.220795
201203W,2012052121,38.0,40.0,43.0,48.0,38.0,38.0,38.0,37.021282,37.021282,37.021282
201203W,2012052200,40.0,40.0,45.0,50.0,40.0,40.0,40.0,42.459435,42.459435,42.459435
201203W,2012052203,40.0,43.0,45.0,53.0,40.0,40.0,40.0,39.440956,39.440956,39.440956
201203W,2012052206,40.0,45.0,45.0,55.0,40.0,40.0,40.0,44.236095,44.236095,44.236095
201203W,2012052209,43.0,45.0,48.0,58.0,43.0,43.0,43.0,42.6423,42.6423,42.6423
201203W,2012052212,45.0,45.0,50.0,60.0,45.0,45.0,45.0,39.73778,39.73778,39.73778
201203W,2012052215,45.0,48.0,53.0,60.0,45.0,45.0,45.0,43.0106,43.0106,43.0106
201203W,2012052218,45.0,50.0,55.0,60.0,45.0,45.0,45.0,43.423008,43.423008,43.423008
201203W,2012052221,48.0,53.0,58.0,60.0,48.0,48.0,48.0,28.663809,28.663809,28.663809
201203W,2012052300,50.0,55.0,60.0,60.0,50.0,50.0,50.0,32.9798,32.9798,32.9798
201203W,2012052303,53.0,58.0,60.0,60.0,53.0,53.0,53.0,39.45915,39.45915,39.45915
201203W,2012052306,55.0,60.0,60.0,60.0,55.0,55.0,55.0,42.00411,42.00411,42.00411
201203W,2012052309,58.0,60.0,60.0,63.0,58.0,58.0,58.0,40.653778,40.653778,40.653778
201203W,2012052312,60.0,60.0,60.0,65.0,60.0,60.0,60.0,49.64488,49.64488,49.64488
201203W,2012052315,60.0,60.0,60.0,68.0,60.0,60.0,60.0,48.85628,48.85628,48.85628
201203W,2012052318,60.0,60.0,60.0,70.0,60.0,60.0,60.0,43.927666,43.927666,43.927666
201203W,2012052321,60.0,60.0,63.0,73.0,60.0,60.0,60.0,44.557728,44.557728,44.557728
201203W,2012052400,60.0,60.0,65.0,75.0,60.0,60.0,60.0,43.345966,43.345966,43.345966
201203W,2012052403,60.0,63.0,68.0,75.0,60.0,60.0,60.0,48.796654,48.796654,48.796654
201203W,2012052406,60.0,65.0,70.0,75.0,60.0,60.0,60.0,60.970905,60.970905,60.970905
201203W,2012052409,63.0,68.0,73.0,78.0,63.0,63.0,63.0,56.693207,56.693207,56.693207
201203W,2012052412,65.0,70.0,75.0,80.0,65.0,65.0,65.0,64.73955,64.73955,64.73955
201203W,2012052415,68.0,73.0,75.0,78.0,68.0,68.0,68.0,65.75376,65.75376,65.75376
201203W,2012052418,70.0,75.0,75.0,75.0,70.0,70.0,70.0,55.660793,55.660793,55.660793
201203W,2012052421,73.0,75.0,78.0,75.0,73.0,73.0,73.0,56.340153,56.340153,56.340153
201203W,2012052500,75.0,75.0,80.0,75.0,75.0,75.0,75.0,66.482346,66.482346,66.482346
201203W,2012052503,75.0,78.0,78.0,73.0,75.0,75.0,75.0,65.501274,65.501274,65.501274
201203W,2012052506,75.0,80.0,75.0,70.0,75.0,75.0,75.0,76.88077,76.88077,76.88077
201203W,2012052509,78.0,78.0,75.0,68.0,78.0,78.0,78.0,84.02258,84.02258,84.02258
201203W,2012052512,80.0,75.0,75.0,65.0,80.0,80.0,80.0,58.08173,58.08173,58.08173
201203W,2012052515,78.0,75.0,73.0,63.0,78.0,78.0,78.0,66.69247,66.69247,66.69247
201203W,2012052518,75.0,75.0,70.0,60.0,75.0,75.0,75.0,74.341385,74.341385,74.341385
201203W,2012052521,75.0,73.0,68.0,55.0,75.0,75.0,75.0,67.927864,67.927864,67.927864
201203W,2012052600,75.0,70.0,65.0,50.0,75.0,75.0,75.0,70.38613,70.38613,70.38613
201203W,2012052603,73.0,68.0,63.0,48.0,73.0,73.0,73.0,53.684345,53.684345,53.684345
201203W,2012052606,70.0,65.0,60.0,45.0,70.0,70.0,70.0,53.733624,53.733624,53.733624
201203W,2012052609,68.0,63.0,55.0,43.0,68.0,68.0,68.0,52.355003,52.355003,52.355003
201203W,2012052612,65.0,60.0,50.0,40.0,65.0,65.0,65.0,61.18768,61.18768,61.18768
201203W,2012052615,63.0,55.0,48.0,38.0,63.0,63.0,63.0,55.845543,55.845543,55.845543
201203W,2012052618,60.0,50.0,45.0,35.0,60.0,60.0,60.0,47.39268,47.39268,47.39268
201204I,2012122300,35.0,35.0,35.0,35.0,35.0,35.0,35.0,35.249725,35.249725,35.249725
201204I,2012122303,35.0,35.0,35.0,35.0,35.0,35.0,35.0,35.184307,35.184307,35.184307
201204I,2012122306,35.0,35.0,35.0,35.0,35.0,35.0,35.0,28.632298,28.632298,28.632298
201204I,2012122309,35.0,35.0,35.0,33.0,35.0,35.0,35.0,29.75714,29.75714,29.75714
201204I,2012122312,35.0,35.0,35.0,30.0,35.0,35.0,35.0,31.653141,31.653141,31.653141
201204I,2012122315,35.0,35.0,35.0,28.0,35.0,35.0,35.0,29.777464,29.777464,29.777464
201204I,2012122318,35.0,35.0,35.0,25.0,35.0,35.0,35.0,29.696783,29.696783,29.696783
201204I,2012122321,35.0,35.0,33.0,23.0,35.0,35.0,35.0,32.19033,32.19033,32.19033
201204I,2012122400,35.0,35.0,30.0,20.0,35.0,35.0,35.0,32.042942,32.042942,32.042942
201204L,2012062400,45.0,50.0,55.0,50.0,45.0,45.0,45.0,32.755466,32.755466,32.755466
201204L,2012062403,48.0,52.0,55.0,48.0,48.0,48.0,48.0,39.796764,39.796764,39.796764
201204L,2012062406,50.0,55.0,55.0,45.0,50.0,50.0,50.0,42.511353,42.511353,42.511353
201204L,2012062409,52.0,55.0,52.0,42.0,52.0,52.0,52.0,38.92805,38.92805,38.92805
201204L,2012062412,55.0,55.0,50.0,40.0,55.0,55.0,55.0,41.87173,41.87173,41.87173
201204L,2012062415,55.0,52.0,48.0,40.0,55.0,55.0,55.0,38.813263,38.813263,38.813263
201204L,2012062418,55.0,50.0,45.0,40.0,55.0,55.0,55.0,44.109226,44.109226,44.109226
201204L,2012062421,52.0,48.0,42.0,42.0,52.0,52.0,52.0,44.873566,44.873566,44.873566
201204L,2012062500,50.0,45.0,40.0,45.0,50.0,50.0,50.0,48.65119,48.65119,48.65119
201204L,2012062503,48.0,42.0,40.0,42.0,48.0,48.0,48.0,38.74925,38.74925,38.74925
201204L,2012062506,45.0,40.0,40.0,40.0,45.0,45.0,45.0,41.64311,41.64311,41.64311
201204L,2012062509,42.0,40.0,42.0,40.0,42.0,42.0,42.0,30.886242,30.886242,30.886242
201204L,2012062512,40.0,40.0,45.0,40.0,40.0,40.0,40.0,26.54564,26.54564,26.54564
201204L,2012062515,40.0,42.0,42.0,38.0,40.0,40.0,40.0,28.254189,28.254189,28.254189
201204L,2012062518,40.0,45.0,40.0,35.0,40.0,40.0,40.0,39.57855,39.57855,39.57855
201204L,2012062521,42.0,42.0,40.0,32.0,42.0,42.0,42.0,52.48471,52.48471,52.48471
201204L,2012062600,45.0,40.0,40.0,30.0,45.0,45.0,45.0,59.40263,59.40263,59.40263
201204L,2012062603,42.0,40.0,38.0,30.0,42.0,42.0,42.0,45.258614,45.258614,45.258614
201204L,2012062606,40.0,40.0,35.0,30.0,40.0,40.0,40.0,44.248188,44.248188,44.248188
201204L,2012062609,40.0,38.0,32.0,30.0,40.0,40.0,40.0,44.73888,44.73888,44.73888
201204L,2012062612,40.0,35.0,30.0,30.0,40.0,40.0,40.0,28.714922,28.714922,28.714922
201204W,2012053118,25.0,30.0,35.0,45.0,25.0,25.0,25.0,21.990103,21.990103,21.990103
201204W,2012053121,28.0,33.0,38.0,50.0,28.0,28.0,28.0,23.789522,23.789522,23.789522
201204W,2012060100,30.0,35.0,40.0,55.0,30.0,30.0,30.0,28.299088,28.299088,28.299088
201204W,2012060103,33.0,38.0,43.0,58.0,33.0,33.0,33.0,32.548626,32.548626,32.548626
201204W,2012060106,35.0,40.0,45.0,60.0,35.0,35.0,35.0,25.16192,25.16192,25.16192
201204W,2012060109,38.0,43.0,50.0,63.0,38.0,38.0,38.0,30.775534,30.775534,30.775534
201204W,2012060112,40.0,45.0,55.0,65.0,40.0,40.0,40.0,32.610607,32.610607,32.610607
201204W,2012060115,43.0,50.0,58.0,70.0,43.0,43.0,43.0,33.973145,33.973145,33.973145
201204W,2012060118,45.0,55.0,60.0,75.0,45.0,45.0,45.0,27.318905,27.318905,27.318905
201204W,2012060121,50.0,58.0,63.0,83.0,50.0,50.0,50.0,32.49957,32.49957,32.49957
201204W,2012060200,55.0,60.0,65.0,90.0,55.0,55.0,55.0,36.938446,36.938446,36.938446
201204W,2012060203,58.0,63.0,70.0,90.0,58.0,58.0,58.0,37.78499,37.78499,37.78499
201204W,2012060206,60.0,65.0,75.0,90.0,60.0,60.0,60.0,66.53869,66.53869,66.53869
201204W,2012060209,63.0,70.0,83.0,90.0,63.0,63.0,63.0,62.019066,62.019066,62.019066
201204W,2012060212,65.0,75.0,90.0,90.0,65.0,65.0,65.0,51.86851,51.86851,51.86851
201204W,2012060215,70.0,83.0,90.0,93.0,70.0,70.0,70.0,72.59232,72.59232,72.59232
201204W,2012060218,75.0,90.0,90.0,95.0,75.0,75.0,75.0,60.571293,60.571293,60.571293
201204W,2012060221,83.0,90.0,90.0,100.0,83.0,83.0,83.0,62.895657,62.895657,62.895657
201204W,2012060300,90.0,90.0,90.0,105.0,90.0,90.0,90.0,49.469204,49.469204,49.469204
201204W,2012060303,90.0,90.0,93.0,105.0,90.0,90.0,90.0,60.3702,60.3702,60.3702
201204W,2012060306,90.0,90.0,95.0,105.0,90.0,90.0,90.0,78.80925,78.80925,78.80925
201204W,2012060309,90.0,93.0,100.0,100.0,90.0,90.0,90.0,72.88225,72.88225,72.88225
201204W,2012060312,90.0,95.0,105.0,95.0,90.0,90.0,90.0,75.31538,75.31538,75.31538
201204W,2012060315,93.0,100.0,105.0,88.0,93.0,93.0,93.0,77.03498,77.03498,77.03498
201204W,2012060318,95.0,105.0,105.0,80.0,95.0,95.0,95.0,85.973145,85.973145,85.973145
201204W,2012060321,100.0,105.0,100.0,78.0,100.0,100.0,100.0,84.87533,84.87533,84.87533
201204W,2012060400,105.0,105.0,95.0,75.0,105.0,105.0,105.0,57.82429,57.82429,57.82429
201204W,2012060403,105.0,100.0,88.0,70.0,105.0,105.0,105.0,78.56664,78.56664,78.56664
201204W,2012060406,105.0,95.0,80.0,65.0,105.0,105.0,105.0,60.524906,60.524906,60.524906
201204W,2012060409,100.0,88.0,78.0,63.0,100.0,100.0,100.0,49.840878,49.840878,49.840878
201204W,2012060412,95.0,80.0,75.0,60.0,95.0,95.0,95.0,44.967247,44.967247,44.967247
201204W,2012060415,88.0,78.0,70.0,58.0,88.0,88.0,88.0,48.39312,48.39312,48.39312
201204W,2012060418,80.0,75.0,65.0,55.0,80.0,80.0,80.0,53.133354,53.133354,53.133354
201204W,2012060421,78.0,70.0,63.0,50.0,78.0,78.0,78.0,61.38909,61.38909,61.38909
201204W,2012060500,75.0,65.0,60.0,45.0,75.0,75.0,75.0,58.11619,58.11619,58.11619
201204W,2012060503,70.0,63.0,58.0,45.0,70.0,70.0,70.0,62.075542,62.075542,62.075542
201204W,2012060506,65.0,60.0,55.0,45.0,65.0,65.0,65.0,52.441643,52.441643,52.441643
201207E,2012080612,25.0,25.0,25.0,30.0,25.0,25.0,25.0,24.512894,24.512894,24.512894
201207E,2012080615,25.0,25.0,28.0,35.0,25.0,25.0,25.0,33.641964,33.641964,33.641964
201207E,2012080618,25.0,25.0,30.0,40.0,25.0,25.0,25.0,32.73929,32.73929,32.73929
201207E,2012080621,25.0,28.0,30.0,45.0,25.0,25.0,25.0,29.236326,29.236326,29.236326
201207E,2012080700,25.0,30.0,30.0,50.0,25.0,25.0,25.0,25.315962,25.315962,25.315962
201207E,2012080703,28.0,30.0,35.0,53.0,28.0,28.0,28.0,25.082972,25.082972,25.082972
201207E,2012080706,30.0,30.0,40.0,55.0,30.0,30.0,30.0,23.661251,23.661251,23.661251
201207E,2012080709,30.0,35.0,45.0,58.0,30.0,30.0,30.0,25.245232,25.245232,25.245232
201207E,2012080712,30.0,40.0,50.0,60.0,30.0,30.0,30.0,31.187563,31.187563,31.187563
201207E,2012080715,35.0,45.0,53.0,63.0,35.0,35.0,35.0,27.638748,27.638748,27.638748
201207E,2012080718,40.0,50.0,55.0,65.0,40.0,40.0,40.0,36.476852,36.476852,36.476852
201207E,2012080721,45.0,53.0,58.0,65.0,45.0,45.0,45.0,35.93218,35.93218,35.93218
201207E,2012080800,50.0,55.0,60.0,65.0,50.0,50.0,50.0,41.9587,41.9587,41.9587
201207E,2012080803,53.0,58.0,63.0,68.0,53.0,53.0,53.0,35.365013,35.365013,35.365013
201207E,2012080806,55.0,60.0,65.0,70.0,55.0,55.0,55.0,43.110527,43.110527,43.110527
201207E,2012080809,58.0,63.0,65.0,68.0,58.0,58.0,58.0,37.55402,37.55402,37.55402
201207E,2012080812,60.0,65.0,65.0,65.0,60.0,60.0,60.0,37.66012,37.66012,37.66012
201207E,2012080815,63.0,65.0,68.0,63.0,63.0,63.0,63.0,35.56148,35.56148,35.56148
201207E,2012080818,65.0,65.0,70.0,60.0,65.0,65.0,65.0,32.750866,32.750866,32.750866
201207E,2012080821,65.0,68.0,68.0,60.0,65.0,65.0,65.0,37.693264,37.693264,37.693264
201207E,2012080900,65.0,70.0,65.0,60.0,65.0,65.0,65.0,44.208714,44.208714,44.208714
201207E,2012080903,68.0,68.0,63.0,60.0,68.0,68.0,68.0,54.345806,54.345806,54.345806
201207E,2012080906,70.0,65.0,60.0,60.0,70.0,70.0,70.0,47.83727,47.83727,47.83727
201207E,2012080909,68.0,63.0,60.0,58.0,68.0,68.0,68.0,55.377605,55.377605,55.377605
201207E,2012080912,65.0,60.0,60.0,55.0,65.0,65.0,65.0,54.97495,54.97495,54.97495
201207E,2012080915,63.0,60.0,60.0,53.0,63.0,63.0,63.0,45.814102,45.814102,45.814102
201207E,2012080918,60.0,60.0,60.0,50.0,60.0,60.0,60.0,56.5556,56.5556,56.5556
201207E,2012080921,60.0,60.0,58.0,48.0,60.0,60.0,60.0,60.324554,60.324554,60.324554
201207E,2012081000,60.0,60.0,55.0,45.0,60.0,60.0,60.0,57.230556,57.230556,57.230556
201207E,2012081003,60.0,58.0,53.0,43.0,60.0,60.0,60.0,55.532494,55.532494,55.532494
201207E,2012081006,60.0,55.0,50.0,40.0,60.0,60.0,60.0,64.15535,64.15535,64.15535
201207E,2012081009,58.0,53.0,48.0,38.0,58.0,58.0,58.0,59.27435,59.27435,59.27435
201207E,2012081012,55.0,50.0,45.0,35.0,55.0,55.0,55.0,61.34396,61.34396,61.34396
201207E,2012081015,53.0,48.0,43.0,33.0,53.0,53.0,53.0,71.35433,71.35433,71.35433
201207E,2012081018,50.0,45.0,40.0,30.0,50.0,50.0,50.0,52.032494,52.032494,52.032494
201207E,2012081021,48.0,43.0,38.0,30.0,48.0,48.0,48.0,43.63345,43.63345,43.63345
201207E,2012081100,45.0,40.0,35.0,30.0,45.0,45.0,45.0,41.39681,41.39681,41.39681
201207E,2012081103,43.0,38.0,33.0,30.0,43.0,43.0,43.0,42.02136,42.02136,42.02136
201207E,2012081106,40.0,35.0,30.0,30.0,40.0,40.0,40.0,38.792744,38.792744,38.792744
201207E,2012081109,38.0,33.0,30.0,28.0,38.0,38.0,38.0,37.456936,37.456936,37.456936
201207E,2012081112,35.0,30.0,30.0,25.0,35.0,35.0,35.0,30.411806,30.411806,30.411806
201207E,2012081115,33.0,30.0,30.0,25.0,33.0,33.0,33.0,30.062393,30.062393,30.062393
201207E,2012081118,30.0,30.0,30.0,25.0,30.0,30.0,30.0,27.276314,27.276314,27.276314
201207E,2012081121,30.0,30.0,28.0,23.0,30.0,30.0,30.0,27.260176,27.260176,27.260176
201207E,2012081200,30.0,30.0,25.0,20.0,30.0,30.0,30.0,27.04683,27.04683,27.04683
201207E,2012081203,30.0,28.0,25.0,20.0,30.0,30.0,30.0,24.822596,24.822596,24.822596
201207E,2012081206,30.0,25.0,25.0,20.0,30.0,30.0,30.0,21.545717,21.545717,21.545717
201207E,2012081209,28.0,25.0,23.0,20.0,28.0,28.0,28.0,25.281994,25.281994,25.281994
201207E,2012081212,25.0,25.0,20.0,20.0,25.0,25.0,25.0,25.643751,25.643751,25.643751
201207E,2012081215,25.0,23.0,20.0,20.0,25.0,25.0,25.0,28.345585,28.345585,28.345585
201207E,2012081218,25.0,20.0,20.0,20.0,25.0,25.0,25.0,28.817953,28.817953,28.817953
201207E,2012081221,23.0,20.0,20.0,20.0,23.0,23.0,23.0,24.131989,24.131989,24.131989
201207E,2012081300,20.0,20.0,20.0,20.0,20.0,20.0,20.0,32.86727,32.86727,32.86727
201209L,2012082100,30.0,30.0,30.0,40.0,30.0,30.0,30.0,28.034563,28.034563,28.034563
201209L,2012082103,30.0,30.0,32.0,42.0,30.0,30.0,30.0,22.764227,22.764227,22.764227
201209L,2012082106,30.0,30.0,35.0,45.0,30.0,30.0,30.0,26.063246,26.063246,26.063246
201209L,2012082109,30.0,32.0,38.0,45.0,30.0,30.0,30.0,32.720398,32.720398,32.720398
201209L,2012082112,30.0,35.0,40.0,45.0,30.0,30.0,30.0,29.268494,29.268494,29.268494
201209L,2012082115,32.0,38.0,42.0,45.0,32.0,32.0,32.0,30.131962,30.131962,30.131962
201209L,2012082118,35.0,40.0,45.0,45.0,35.0,35.0,35.0,26.871817,26.871817,26.871817
201209L,2012082121,38.0,42.0,45.0,45.0,38.0,38.0,38.0,37.83054,37.83054,37.83054
201209L,2012082200,40.0,45.0,45.0,45.0,40.0,40.0,40.0,33.03237,33.03237,33.03237
201209L,2012082203,42.0,45.0,45.0,45.0,42.0,42.0,42.0,34.587036,34.587036,34.587036
201209L,2012082206,45.0,45.0,45.0,45.0,45.0,45.0,45.0,40.163998,40.163998,40.163998
201209L,2012082209,45.0,45.0,45.0,45.0,45.0,45.0,45.0,35.087154,35.087154,35.087154
201209L,2012082212,45.0,45.0,45.0,45.0,45.0,45.0,45.0,44.36752,44.36752,44.36752
201209L,2012082215,45.0,45.0,45.0,45.0,45.0,45.0,45.0,40.54793,40.54793,40.54793
201209L,2012082218,45.0,45.0,45.0,45.0,45.0,45.0,45.0,39.297646,39.297646,39.297646
201209L,2012082221,45.0,45.0,45.0,45.0,45.0,45.0,45.0,40.75944,40.75944,40.75944
201209L,2012082300,45.0,45.0,45.0,45.0,45.0,45.0,45.0,35.904522,35.904522,35.904522
201209L,2012082303,45.0,45.0,45.0,45.0,45.0,45.0,45.0,40.63184,40.63184,40.63184
201209L,2012082306,45.0,45.0,45.0,45.0,45.0,45.0,45.0,35.708282,35.708282,35.708282
201209L,2012082309,45.0,45.0,45.0,48.0,45.0,45.0,45.0,34.906166,34.906166,34.906166
201209L,2012082312,45.0,45.0,45.0,50.0,45.0,45.0,45.0,34.2094,34.2094,34.2094
201209L,2012082315,45.0,45.0,45.0,52.0,45.0,45.0,45.0,36.169666,36.169666,36.169666
201209L,2012082318,45.0,45.0,45.0,55.0,45.0,45.0,45.0,42.80716,42.80716,42.80716
201209L,2012082321,45.0,45.0,48.0,55.0,45.0,45.0,45.0,32.86671,32.86671,32.86671
201209L,2012082400,45.0,45.0,50.0,55.0,45.0,45.0,45.0,33.61947,33.61947,33.61947
201209L,2012082403,45.0,48.0,52.0,55.0,45.0,45.0,45.0,41.62729,41.62729,41.62729
201209L,2012082406,45.0,50.0,55.0,55.0,45.0,45.0,45.0,43.84555,43.84555,43.84555
201209L,2012082409,48.0,52.0,55.0,52.0,48.0,48.0,48.0,41.60449,41.60449,41.60449
201209L,2012082412,50.0,55.0,55.0,50.0,50.0,50.0,50.0,42.49971,42.49971,42.49971
201209L,2012082415,52.0,55.0,55.0,50.0,52.0,52.0,52.0,39.042507,39.042507,39.042507
201209L,2012082418,55.0,55.0,55.0,50.0,55.0,55.0,55.0,43.485813,43.485813,43.485813
201209L,2012082421,55.0,55.0,52.0,50.0,55.0,55.0,55.0,43.50405,43.50405,43.50405
201209L,2012082500,55.0,55.0,50.0,50.0,55.0,55.0,55.0,39.542534,39.542534,39.542534
201209L,2012082503,55.0,52.0,50.0,52.0,55.0,55.0,55.0,43.150303,43.150303,43.150303
201209L,2012082506,55.0,50.0,50.0,55.0,55.0,55.0,55.0,37.907875,37.907875,37.907875
201209L,2012082509,52.0,50.0,50.0,55.0,52.0,52.0,52.0,39.134014,39.134014,39.134014
201209L,2012082512,50.0,50.0,50.0,55.0,50.0,50.0,50.0,32.05263,32.05263,32.05263
201209L,2012082515,50.0,50.0,52.0,52.0,50.0,50.0,50.0,29.44501,29.44501,29.44501
201209L,2012082518,50.0,50.0,55.0,50.0,50.0,50.0,50.0,29.290722,29.290722,29.290722
201209L,2012082521,50.0,52.0,55.0,50.0,50.0,50.0,50.0,28.999104,28.999104,28.999104
201209L,2012082600,50.0,55.0,55.0,50.0,50.0,50.0,50.0,32.253662,32.253662,32.253662
201209L,2012082603,52.0,55.0,52.0,50.0,52.0,52.0,52.0,46.43998,46.43998,46.43998
201209L,2012082606,55.0,55.0,50.0,50.0,55.0,55.0,55.0,33.64379,33.64379,33.64379
201209L,2012082609,55.0,52.0,50.0,52.0,55.0,55.0,55.0,27.783403,27.783403,27.783403
201209L,2012082612,55.0,50.0,50.0,55.0,55.0,55.0,55.0,28.177002,28.177002,28.177002
201209L,2012082615,52.0,50.0,50.0,58.0,52.0,52.0,52.0,33.28987,33.28987,33.28987
201209L,2012082618,50.0,50.0,50.0,60.0,50.0,50.0,50.0,33.539597,33.539597,33.539597
201209L,2012082621,50.0,50.0,52.0,60.0,50.0,50.0,50.0,51.72823,51.72823,51.72823
201209L,2012082700,50.0,50.0,55.0,60.0,50.0,50.0,50.0,57.0976,57.0976,57.0976
201209L,2012082703,50.0,52.0,58.0,60.0,50.0,50.0,50.0,49.512604,49.512604,49.512604
201209L,2012082706,50.0,55.0,60.0,60.0,50.0,50.0,50.0,42.126194,42.126194,42.126194
201209L,2012082709,52.0,58.0,60.0,62.0,52.0,52.0,52.0,43.783867,43.783867,43.783867
201209L,2012082712,55.0,60.0,60.0,65.0,55.0,55.0,55.0,40.522167,40.522167,40.522167
201209L,2012082715,58.0,60.0,60.0,68.0,58.0,58.0,58.0,56.132244,56.132244,56.132244
201209L,2012082718,60.0,60.0,60.0,70.0,60.0,60.0,60.0,50.37431,50.37431,50.37431
201209L,2012082721,60.0,60.0,62.0,70.0,60.0,60.0,60.0,48.430325,48.430325,48.430325
201209L,2012082800,60.0,60.0,65.0,70.0,60.0,60.0,60.0,54.35792,54.35792,54.35792
201209L,2012082803,60.0,62.0,68.0,70.0,60.0,60.0,60.0,48.072086,48.072086,48.072086
201209L,2012082806,60.0,65.0,70.0,70.0,60.0,60.0,60.0,50.899853,50.899853,50.899853
201209L,2012082809,62.0,68.0,70.0,68.0,62.0,62.0,62.0,52.248695,52.248695,52.248695
201209L,2012082812,65.0,70.0,70.0,65.0,65.0,65.0,65.0,56.32141,56.32141,56.32141
201209L,2012082815,68.0,70.0,70.0,62.0,68.0,68.0,68.0,54.471127,54.471127,54.471127
201209L,2012082818,70.0,70.0,70.0,60.0,70.0,70.0,70.0,59.82681,59.82681,59.82681
201209L,2012082821,70.0,70.0,68.0,58.0,70.0,70.0,70.0,67.24999,67.24999,67.24999
201209L,2012082900,70.0,70.0,65.0,55.0,70.0,70.0,70.0,83.21552,83.21552,83.21552
201209L,2012082903,70.0,68.0,62.0,55.0,70.0,70.0,70.0,59.866863,59.866863,59.866863
201209L,2012082906,70.0,65.0,60.0,55.0,70.0,70.0,70.0,67.705025,67.705025,67.705025
201209L,2012082909,68.0,62.0,58.0,50.0,68.0,68.0,68.0,90.40845,90.40845,90.40845
201209L,2012082912,65.0,60.0,55.0,45.0,65.0,65.0,65.0,66.08215,66.08215,66.08215
201209L,2012082915,62.0,58.0,55.0,40.0,62.0,62.0,62.0,68.652954,68.652954,68.652954
201209L,2012082918,60.0,55.0,55.0,35.0,60.0,60.0,60.0,65.590996,65.590996,65.590996
201209L,2012082921,58.0,55.0,50.0,32.0,58.0,58.0,58.0,70.44448,70.44448,70.44448
201209L,2012083000,55.0,55.0,45.0,30.0,55.0,55.0,55.0,77.45543,77.45543,77.45543
201209L,2012083003,55.0,50.0,40.0,28.0,55.0,55.0,55.0,68.60666,68.60666,68.60666
201209L,2012083006,55.0,45.0,35.0,25.0,55.0,55.0,55.0,60.87693,60.87693,60.87693
201209L,2012083009,50.0,40.0,32.0,22.0,50.0,50.0,50.0,57.239117,57.239117,57.239117
201209L,2012083012,45.0,35.0,30.0,20.0,45.0,45.0,45.0,47.748203,47.748203,47.748203
201209L,2012083015,40.0,32.0,28.0,20.0,40.0,40.0,40.0,42.516346,42.516346,42.516346
201209L,2012083018,35.0,30.0,25.0,20.0,35.0,35.0,35.0,46.797756,46.797756,46.797756
201209L,2012083021,32.0,28.0,22.0,20.0,32.0,32.0,32.0,47.594173,47.594173,47.594173
201209L,2012083100,30.0,25.0,20.0,20.0,30.0,30.0,30.0,42.010666,42.010666,42.010666
201209L,2012083103,28.0,22.0,20.0,20.0,28.0,28.0,28.0,39.306767,39.306767,39.306767
201209L,2012083106,25.0,20.0,20.0,20.0,25.0,25.0,25.0,37.036823,37.036823,37.036823
201212S,2012020906,30.0,35.0,40.0,55.0,30.0,30.0,30.0,38.615948,38.615948,38.615948
201212S,2012020909,33.0,38.0,43.0,63.0,33.0,33.0,33.0,44.738438,44.738438,44.738438
201212S,2012020912,35.0,40.0,45.0,70.0,35.0,35.0,35.0,59.475365,59.475365,59.475365
201212S,2012020915,38.0,43.0,50.0,85.0,38.0,38.0,38.0,36.235023,36.235023,36.235023
201212S,2012020918,40.0,45.0,55.0,100.0,40.0,40.0,40.0,42.068493,42.068493,42.068493
201212S,2012020921,43.0,50.0,63.0,108.0,43.0,43.0,43.0,35.600048,35.600048,35.600048
201212S,2012021000,45.0,55.0,70.0,115.0,45.0,45.0,45.0,52.25905,52.25905,52.25905
201212S,2012021003,50.0,63.0,85.0,113.0,50.0,50.0,50.0,41.033028,41.033028,41.033028
201212S,2012021006,55.0,70.0,100.0,110.0,55.0,55.0,55.0,49.478172,49.478172,49.478172
201212S,2012021009,63.0,85.0,108.0,108.0,63.0,63.0,63.0,55.287075,55.287075,55.287075
201212S,2012021012,70.0,100.0,115.0,105.0,70.0,70.0,70.0,107.777664,107.777664,107.777664
201212S,2012021015,85.0,108.0,113.0,103.0,85.0,85.0,85.0,99.44439,99.44439,99.44439
201212S,2012021018,100.0,115.0,110.0,100.0,100.0,100.0,100.0,104.63131,104.63131,104.63131
201212S,2012021021,108.0,113.0,108.0,100.0,108.0,108.0,108.0,52.063503,52.063503,52.063503
201212S,2012021100,115.0,110.0,105.0,100.0,115.0,115.0,115.0,74.29627,74.29627,74.29627
201212S,2012021103,113.0,108.0,103.0,100.0,113.0,113.0,113.0,84.59711,84.59711,84.59711
201212S,2012021106,110.0,105.0,100.0,100.0,110.0,110.0,110.0,85.66102,85.66102,85.66102
201212S,2012021109,108.0,103.0,100.0,100.0,108.0,108.0,108.0,68.36704,68.36704,68.36704
201212S,2012021112,105.0,100.0,100.0,100.0,105.0,105.0,105.0,94.69991,94.69991,94.69991
201212S,2012021115,103.0,100.0,100.0,105.0,103.0,103.0,103.0,85.02432,85.02432,85.02432
201212S,2012021118,100.0,100.0,100.0,110.0,100.0,100.0,100.0,84.1405,84.1405,84.1405
201212S,2012021121,100.0,100.0,100.0,113.0,100.0,100.0,100.0,59.008423,59.008423,59.008423
201212S,2012021200,100.0,100.0,100.0,115.0,100.0,100.0,100.0,60.447296,60.447296,60.447296
201212S,2012021203,100.0,100.0,105.0,115.0,100.0,100.0,100.0,81.9945,81.9945,81.9945
201212S,2012021206,100.0,100.0,110.0,115.0,100.0,100.0,100.0,76.04121,76.04121,76.04121
201212S,2012021209,100.0,105.0,113.0,118.0,100.0,100.0,100.0,70.22324,70.22324,70.22324
201212S,2012021212,100.0,110.0,115.0,120.0,100.0,100.0,100.0,77.51659,77.51659,77.51659
201212S,2012021215,105.0,113.0,115.0,118.0,105.0,105.0,105.0,88.20836,88.20836,88.20836
201212S,2012021218,110.0,115.0,115.0,115.0,110.0,110.0,110.0,103.667206,103.667206,103.667206
201212S,2012021221,113.0,115.0,118.0,105.0,113.0,113.0,113.0,108.12737,108.12737,108.12737
201212S,2012021300,115.0,115.0,120.0,95.0,115.0,115.0,115.0,100.39112,100.39112,100.39112
201212S,2012021303,115.0,118.0,118.0,70.0,115.0,115.0,115.0,104.47023,104.47023,104.47023
201212S,2012021306,115.0,120.0,115.0,45.0,115.0,115.0,115.0,110.23078,110.23078,110.23078
201212S,2012021309,118.0,118.0,105.0,40.0,118.0,118.0,118.0,109.37095,109.37095,109.37095
201212S,2012021312,120.0,115.0,95.0,35.0,120.0,120.0,120.0,114.369835,114.369835,114.369835
201212S,2012021315,118.0,105.0,70.0,35.0,118.0,118.0,118.0,100.87814,100.87814,100.87814
201212S,2012021318,115.0,95.0,45.0,35.0,115.0,115.0,115.0,79.12373,79.12373,79.12373
201212S,2012021321,105.0,70.0,40.0,35.0,105.0,105.0,105.0,60.9753,60.9753,60.9753
201212S,2012021400,95.0,45.0,35.0,35.0,95.0,95.0,95.0,71.53182,71.53182,71.53182
201212S,2012021403,70.0,40.0,35.0,35.0,70.0,70.0,70.0,60.454292,60.454292,60.454292
201212S,2012021406,45.0,35.0,35.0,35.0,45.0,45.0,45.0,74.97681,74.97681,74.97681
201212S,2012021409,40.0,35.0,35.0,38.0,40.0,40.0,40.0,50.49292,50.49292,50.49292
201212S,2012021412,35.0,35.0,35.0,40.0,35.0,35.0,35.0,43.02351,43.02351,43.02351
201212S,2012021415,35.0,35.0,35.0,45.0,35.0,35.0,35.0,42.242985,42.242985,42.242985
201212S,2012021418,35.0,35.0,35.0,50.0,35.0,35.0,35.0,37.10407,37.10407,37.10407
201212S,2012021421,35.0,35.0,38.0,50.0,35.0,35.0,35.0,42.892925,42.892925,42.892925
201212S,2012021500,35.0,35.0,40.0,50.0,35.0,35.0,35.0,36.877453,36.877453,36.877453
201212S,2012021503,35.0,38.0,45.0,53.0,35.0,35.0,35.0,38.422146,38.422146,38.422146
201212S,2012021506,35.0,40.0,50.0,55.0,35.0,35.0,35.0,36.318176,36.318176,36.318176
201212S,2012021509,38.0,45.0,50.0,55.0,38.0,38.0,38.0,32.522694,32.522694,32.522694
201212S,2012021512,40.0,50.0,50.0,55.0,40.0,40.0,40.0,39.891846,39.891846,39.891846
201212S,2012021515,45.0,50.0,53.0,55.0,45.0,45.0,45.0,35.219532,35.219532,35.219532
201212S,2012021518,50.0,50.0,55.0,55.0,50.0,50.0,50.0,36.34647,36.34647,36.34647
201212S,2012021521,50.0,53.0,55.0,53.0,50.0,50.0,50.0,36.208237,36.208237,36.208237
201212S,2012021600,50.0,55.0,55.0,50.0,50.0,50.0,50.0,32.958447,32.958447,32.958447
201212S,2012021603,53.0,55.0,55.0,50.0,53.0,53.0,53.0,35.00257,35.00257,35.00257
201212S,2012021606,55.0,55.0,55.0,50.0,55.0,55.0,55.0,36.942078,36.942078,36.942078
201212S,2012021609,55.0,55.0,53.0,50.0,55.0,55.0,55.0,45.07146,45.07146,45.07146
201212S,2012021612,55.0,55.0,50.0,50.0,55.0,55.0,55.0,36.21282,36.21282,36.21282
201212S,2012021615,55.0,53.0,50.0,48.0,55.0,55.0,55.0,34.90841,34.90841,34.90841
201212S,2012021618,55.0,50.0,50.0,45.0,55.0,55.0,55.0,39.45366,39.45366,39.45366
201212S,2012021621,53.0,50.0,50.0,53.0,53.0,53.0,53.0,44.94419,44.94419,44.94419
201212S,2012021700,50.0,50.0,50.0,60.0,50.0,50.0,50.0,41.59163,41.59163,41.59163
201212S,2012021703,50.0,50.0,48.0,63.0,50.0,50.0,50.0,40.959534,40.959534,40.959534
201212S,2012021706,50.0,50.0,45.0,65.0,50.0,50.0,50.0,41.773266,41.773266,41.773266
201212S,2012021709,50.0,48.0,53.0,65.0,50.0,50.0,50.0,49.125786,49.125786,49.125786
201212S,2012021712,50.0,45.0,60.0,65.0,50.0,50.0,50.0,41.71417,41.71417,41.71417
201212S,2012021715,48.0,53.0,63.0,65.0,48.0,48.0,48.0,40.04292,40.04292,40.04292
201212S,2012021718,45.0,60.0,65.0,65.0,45.0,45.0,45.0,53.265896,53.265896,53.265896
201212S,2012021721,53.0,63.0,65.0,70.0,53.0,53.0,53.0,51.507824,51.507824,51.507824
201212S,2012021800,60.0,65.0,65.0,75.0,60.0,60.0,60.0,63.430073,63.430073,63.430073
201212S,2012021803,63.0,65.0,65.0,83.0,63.0,63.0,63.0,49.860806,49.860806,49.860806
201212S,2012021806,65.0,65.0,65.0,90.0,65.0,65.0,65.0,46.288258,46.288258,46.288258
201212S,2012021809,65.0,65.0,70.0,88.0,65.0,65.0,65.0,40.63094,40.63094,40.63094
201212S,2012021812,65.0,65.0,75.0,85.0,65.0,65.0,65.0,47.371243,47.371243,47.371243
201212S,2012021815,65.0,70.0,83.0,80.0,65.0,65.0,65.0,47.339466,47.339466,47.339466
201212S,2012021818,65.0,75.0,90.0,75.0,65.0,65.0,65.0,47.268913,47.268913,47.268913
201212S,2012021821,70.0,83.0,88.0,70.0,70.0,70.0,70.0,38.450684,38.450684,38.450684
201212S,2012021900,75.0,90.0,85.0,65.0,75.0,75.0,75.0,53.128338,53.128338,53.128338
201212S,2012021903,83.0,88.0,80.0,55.0,83.0,83.0,83.0,41.61111,41.61111,41.61111
201212S,2012021906,90.0,85.0,75.0,45.0,90.0,90.0,90.0,37.59429,37.59429,37.59429
201212S,2012021909,88.0,80.0,70.0,40.0,88.0,88.0,88.0,39.03609,39.03609,39.03609
201212S,2012021912,85.0,75.0,65.0,35.0,85.0,85.0,85.0,33.95725,33.95725,33.95725
201212S,2012021915,80.0,70.0,55.0,33.0,80.0,80.0,80.0,35.08635,35.08635,35.08635
201212S,2012021918,75.0,65.0,45.0,30.0,75.0,75.0,75.0,45.753014,45.753014,45.753014
201212S,2012021921,70.0,55.0,40.0,28.0,70.0,70.0,70.0,29.107635,29.107635,29.107635
201212S,2012022000,65.0,45.0,35.0,25.0,65.0,65.0,65.0,25.286455,25.286455,25.286455
201212S,2012022003,55.0,40.0,33.0,25.0,55.0,55.0,55.0,26.25139,26.25139,26.25139
201212S,2012022006,45.0,35.0,30.0,25.0,45.0,45.0,45.0,33.942005,33.942005,33.942005
201212S,2012022009,40.0,33.0,28.0,23.0,40.0,40.0,40.0,33.74437,33.74437,33.74437
201212S,2012022012,35.0,30.0,25.0,20.0,35.0,35.0,35.0,25.964853,25.964853,25.964853
201212S,2012022015,33.0,28.0,25.0,20.0,33.0,33.0,33.0,23.79652,23.79652,23.79652
201212S,2012022018,30.0,25.0,25.0,20.0,30.0,30.0,30.0,25.894024,25.894024,25.894024
201214W,2012081206,15.0,20.0,25.0,35.0,15.0,15.0,15.0,27.150776,27.150776,27.150776
201214W,2012081209,18.0,23.0,25.0,35.0,18.0,18.0,18.0,28.865217,28.865217,28.865217
201214W,2012081212,20.0,25.0,25.0,35.0,20.0,20.0,20.0,33.452686,33.452686,33.452686
201214W,2012081215,23.0,25.0,30.0,38.0,23.0,23.0,23.0,24.66705,24.66705,24.66705
201214W,2012081218,25.0,25.0,35.0,40.0,25.0,25.0,25.0,25.059141,25.059141,25.059141
201214W,2012081221,25.0,30.0,35.0,40.0,25.0,25.0,25.0,28.361767,28.361767,28.361767
201214W,2012081300,25.0,35.0,35.0,40.0,25.0,25.0,25.0,28.730822,28.730822,28.730822
201214W,2012081303,30.0,35.0,38.0,40.0,30.0,30.0,30.0,33.49582,33.49582,33.49582
201214W,2012081306,35.0,35.0,40.0,40.0,35.0,35.0,35.0,27.487413,27.487413,27.487413
201214W,2012081309,35.0,38.0,40.0,45.0,35.0,35.0,35.0,33.318027,33.318027,33.318027
201214W,2012081312,35.0,40.0,40.0,50.0,35.0,35.0,35.0,29.765608,29.765608,29.765608
201214W,2012081315,38.0,40.0,40.0,53.0,38.0,38.0,38.0,31.462471,31.462471,31.462471
201214W,2012081318,40.0,40.0,40.0,55.0,40.0,40.0,40.0,28.654154,28.654154,28.654154
201214W,2012081321,40.0,40.0,45.0,55.0,40.0,40.0,40.0,34.321697,34.321697,34.321697
201214W,2012081400,40.0,40.0,50.0,55.0,40.0,40.0,40.0,28.494778,28.494778,28.494778
201214W,2012081403,40.0,45.0,53.0,55.0,40.0,40.0,40.0,30.187529,30.187529,30.187529
201214W,2012081406,40.0,50.0,55.0,55.0,40.0,40.0,40.0,32.322758,32.322758,32.322758
201214W,2012081409,45.0,53.0,55.0,55.0,45.0,45.0,45.0,39.16491,39.16491,39.16491
201214W,2012081412,50.0,55.0,55.0,55.0,50.0,50.0,50.0,41.210457,41.210457,41.210457
201214W,2012081415,53.0,55.0,55.0,58.0,53.0,53.0,53.0,47.02077,47.02077,47.02077
201214W,2012081418,55.0,55.0,55.0,60.0,55.0,55.0,55.0,46.032764,46.032764,46.032764
201214W,2012081421,55.0,55.0,55.0,63.0,55.0,55.0,55.0,54.677162,54.677162,54.677162
201214W,2012081500,55.0,55.0,55.0,65.0,55.0,55.0,55.0,64.13557,64.13557,64.13557
201214W,2012081503,55.0,55.0,58.0,65.0,55.0,55.0,55.0,51.849697,51.849697,51.849697
201214W,2012081506,55.0,55.0,60.0,65.0,55.0,55.0,55.0,44.918854,44.918854,44.918854
201214W,2012081509,55.0,58.0,63.0,65.0,55.0,55.0,55.0,44.12341,44.12341,44.12341
201214W,2012081512,55.0,60.0,65.0,65.0,55.0,55.0,55.0,42.3683,42.3683,42.3683
201214W,2012081515,58.0,63.0,65.0,65.0,58.0,58.0,58.0,41.026848,41.026848,41.026848
201214W,2012081518,60.0,65.0,65.0,65.0,60.0,60.0,60.0,43.080338,43.080338,43.080338
201214W,2012081521,63.0,65.0,65.0,65.0,63.0,63.0,63.0,41.726906,41.726906,41.726906
201214W,2012081600,65.0,65.0,65.0,65.0,65.0,65.0,65.0,55.203007,55.203007,55.203007
201214W,2012081603,65.0,65.0,65.0,65.0,65.0,65.0,65.0,48.03802,48.03802,48.03802
201214W,2012081606,65.0,65.0,65.0,65.0,65.0,65.0,65.0,46.394547,46.394547,46.394547
201214W,2012081609,65.0,65.0,65.0,63.0,65.0,65.0,65.0,46.043026,46.043026,46.043026
201214W,2012081612,65.0,65.0,65.0,60.0,65.0,65.0,65.0,45.477695,45.477695,45.477695
201214W,2012081615,65.0,65.0,65.0,55.0,65.0,65.0,65.0,46.484974,46.484974,46.484974
201214W,2012081618,65.0,65.0,65.0,50.0,65.0,65.0,65.0,44.974804,44.974804,44.974804
201214W,2012081621,65.0,65.0,63.0,43.0,65.0,65.0,65.0,43.271492,43.271492,43.271492
201214W,2012081700,65.0,65.0,60.0,35.0,65.0,65.0,65.0,53.949955,53.949955,53.949955
201216E,2012101400,40.0,45.0,50.0,60.0,40.0,40.0,40.0,41.67133,41.67133,41.67133
201216E,2012101403,43.0,48.0,53.0,63.0,43.0,43.0,43.0,34.667393,34.667393,34.667393
201216E,2012101406,45.0,50.0,55.0,65.0,45.0,45.0,45.0,37.036465,37.036465,37.036465
201216E,2012101409,48.0,53.0,58.0,73.0,48.0,48.0,48.0,35.694363,35.694363,35.694363
201216E,2012101412,50.0,55.0,60.0,80.0,50.0,50.0,50.0,31.399025,31.399025,31.399025
201216E,2012101415,53.0,58.0,63.0,93.0,53.0,53.0,53.0,31.579021,31.579021,31.579021
201216E,2012101418,55.0,60.0,65.0,105.0,55.0,55.0,55.0,44.50899,44.50899,44.50899
201216E,2012101421,58.0,63.0,73.0,103.0,58.0,58.0,58.0,42.53497,42.53497,42.53497
201216E,2012101500,60.0,65.0,80.0,100.0,60.0,60.0,60.0,62.94559,62.94559,62.94559
201216E,2012101503,63.0,73.0,93.0,100.0,63.0,63.0,63.0,59.66873,59.66873,59.66873
201216E,2012101506,65.0,80.0,105.0,100.0,65.0,65.0,65.0,55.291462,55.291462,55.291462
201216E,2012101509,73.0,93.0,103.0,93.0,73.0,73.0,73.0,61.49209,61.49209,61.49209
201216E,2012101512,80.0,105.0,100.0,85.0,80.0,80.0,80.0,71.15203,71.15203,71.15203
201216E,2012101515,93.0,103.0,100.0,78.0,93.0,93.0,93.0,97.63288,97.63288,97.63288
201216E,2012101518,105.0,100.0,100.0,70.0,105.0,105.0,105.0,101.670364,101.670364,101.670364
201216E,2012101521,103.0,100.0,93.0,63.0,103.0,103.0,103.0,104.127335,104.127335,104.127335
201216E,2012101600,100.0,100.0,85.0,55.0,100.0,100.0,100.0,93.442825,93.442825,93.442825
201216E,2012101603,100.0,93.0,78.0,48.0,100.0,100.0,100.0,57.83994,57.83994,57.83994
201216E,2012101606,100.0,85.0,70.0,40.0,100.0,100.0,100.0,57.93218,57.93218,57.93218
201216E,2012101609,93.0,78.0,63.0,38.0,93.0,93.0,93.0,63.588825,63.588825,63.588825
201216E,2012101612,85.0,70.0,55.0,35.0,85.0,85.0,85.0,57.52591,57.52591,57.52591
201216E,2012101615,78.0,63.0,48.0,35.0,78.0,78.0,78.0,66.63517,66.63517,66.63517
201216E,2012101618,70.0,55.0,40.0,35.0,70.0,70.0,70.0,59.600098,59.600098,59.600098
201216E,2012101621,63.0,48.0,38.0,33.0,63.0,63.0,63.0,39.32505,39.32505,39.32505
201216E,2012101700,55.0,40.0,35.0,30.0,55.0,55.0,55.0,38.536564,38.536564,38.536564
201217E,2012103006,30.0,35.0,40.0,45.0,30.0,30.0,30.0,39.23031,39.23031,39.23031
201217E,2012103009,33.0,38.0,40.0,45.0,33.0,33.0,33.0,44.407932,44.407932,44.407932
201217E,2012103012,35.0,40.0,40.0,45.0,35.0,35.0,35.0,52.557648,52.557648,52.557648
201217E,2012103015,38.0,40.0,43.0,45.0,38.0,38.0,38.0,48.910107,48.910107,48.910107
201217E,2012103018,40.0,40.0,45.0,45.0,40.0,40.0,40.0,46.714924,46.714924,46.714924
201217E,2012103021,40.0,43.0,45.0,45.0,40.0,40.0,40.0,50.495575,50.495575,50.495575
201217E,2012103100,40.0,45.0,45.0,45.0,40.0,40.0,40.0,55.43159,55.43159,55.43159
201217E,2012103103,43.0,45.0,45.0,45.0,43.0,43.0,43.0,52.74821,52.74821,52.74821
201217E,2012103106,45.0,45.0,45.0,45.0,45.0,45.0,45.0,51.871975,51.871975,51.871975
201217E,2012103109,45.0,45.0,45.0,45.0,45.0,45.0,45.0,44.573154,44.573154,44.573154
201217E,2012103112,45.0,45.0,45.0,45.0,45.0,45.0,45.0,46.289726,46.289726,46.289726
201217E,2012103115,45.0,45.0,45.0,45.0,45.0,45.0,45.0,49.90177,49.90177,49.90177
201217E,2012103118,45.0,45.0,45.0,45.0,45.0,45.0,45.0,44.400448,44.400448,44.400448
201217E,2012103121,45.0,45.0,45.0,43.0,45.0,45.0,45.0,47.760956,47.760956,47.760956
201217E,2012110100,45.0,45.0,45.0,40.0,45.0,45.0,45.0,38.78103,38.78103,38.78103
201217E,2012110103,45.0,45.0,45.0,40.0,45.0,45.0,45.0,45.57054,45.57054,45.57054
201217E,2012110106,45.0,45.0,45.0,40.0,45.0,45.0,45.0,46.498978,46.498978,46.498978
201217E,2012110109,45.0,45.0,43.0,40.0,45.0,45.0,45.0,42.401768,42.401768,42.401768
201217E,2012110112,45.0,45.0,40.0,40.0,45.0,45.0,45.0,43.448162,43.448162,43.448162
201217E,2012110115,45.0,43.0,40.0,40.0,45.0,45.0,45.0,45.038258,45.038258,45.038258
201217E,2012110118,45.0,40.0,40.0,40.0,45.0,45.0,45.0,42.75898,42.75898,42.75898
201217E,2012110121,43.0,40.0,40.0,38.0,43.0,43.0,43.0,42.938404,42.938404,42.938404
201217E,2012110200,40.0,40.0,40.0,35.0,40.0,40.0,40.0,46.41102,46.41102,46.41102
201217E,2012110203,40.0,40.0,40.0,35.0,40.0,40.0,40.0,42.199738,42.199738,42.199738
201217E,2012110206,40.0,40.0,40.0,35.0,40.0,40.0,40.0,45.861427,45.861427,45.861427
201217E,2012110209,40.0,40.0,38.0,33.0,40.0,40.0,40.0,40.923763,40.923763,40.923763
201217E,2012110212,40.0,40.0,35.0,30.0,40.0,40.0,40.0,34.048023,34.048023,34.048023
201217E,2012110215,40.0,38.0,35.0,30.0,40.0,40.0,40.0,41.650097,41.650097,41.650097
201217E,2012110218,40.0,35.0,35.0,30.0,40.0,40.0,40.0,36.722595,36.722595,36.722595
201217E,2012110221,38.0,35.0,33.0,30.0,38.0,38.0,38.0,31.815273,31.815273,31.815273
201217E,2012110300,35.0,35.0,30.0,30.0,35.0,35.0,35.0,35.640594,35.640594,35.640594
201217E,2012110303,35.0,33.0,30.0,28.0,35.0,35.0,35.0,40.180283,40.180283,40.180283
201217E,2012110306,35.0,30.0,30.0,25.0,35.0,35.0,35.0,41.983097,41.983097,41.983097
201217E,2012110309,33.0,30.0,30.0,25.0,33.0,33.0,33.0,56.58072,56.58072,56.58072
201217E,2012110312,30.0,30.0,30.0,25.0,30.0,30.0,30.0,45.974773,45.974773,45.974773
201217E,2012110315,30.0,30.0,28.0,25.0,30.0,30.0,30.0,33.443996,33.443996,33.443996
201217E,2012110318,30.0,30.0,25.0,25.0,30.0,30.0,30.0,31.138243,31.138243,31.138243
201217E,2012110321,30.0,28.0,25.0,25.0,30.0,30.0,30.0,28.772131,28.772131,28.772131
201217E,2012110400,30.0,25.0,25.0,25.0,30.0,30.0,30.0,33.919376,33.919376,33.919376
201217E,2012110403,28.0,25.0,25.0,23.0,28.0,28.0,28.0,32.557873,32.557873,32.557873
201217E,2012110406,25.0,25.0,25.0,20.0,25.0,25.0,25.0,28.023611,28.023611,28.023611
201217L,2012101306,35.0,35.0,40.0,45.0,35.0,35.0,35.0,29.73663,29.73663,29.73663
201217L,2012101309,35.0,38.0,42.0,48.0,35.0,35.0,35.0,33.61434,33.61434,33.61434
201217L,2012101312,35.0,40.0,45.0,50.0,35.0,35.0,35.0,47.726086,47.726086,47.726086
201217L,2012101315,38.0,42.0,45.0,52.0,38.0,38.0,38.0,35.73357,35.73357,35.73357
201217L,2012101318,40.0,45.0,45.0,55.0,40.0,40.0,40.0,35.982796,35.982796,35.982796
201217L,2012101321,42.0,45.0,48.0,58.0,42.0,42.0,42.0,39.47183,39.47183,39.47183
201217L,2012101400,45.0,45.0,50.0,60.0,45.0,45.0,45.0,34.604206,34.604206,34.604206
201217L,2012101403,45.0,48.0,52.0,62.0,45.0,45.0,45.0,38.07177,38.07177,38.07177
201217L,2012101406,45.0,50.0,55.0,65.0,45.0,45.0,45.0,43.48307,43.48307,43.48307
201217L,2012101409,48.0,52.0,58.0,68.0,48.0,48.0,48.0,42.328667,42.328667,42.328667
201217L,2012101412,50.0,55.0,60.0,70.0,50.0,50.0,50.0,42.618187,42.618187,42.618187
201217L,2012101415,52.0,58.0,62.0,72.0,52.0,52.0,52.0,49.552246,49.552246,49.552246
201217L,2012101418,55.0,60.0,65.0,75.0,55.0,55.0,55.0,47.92624,47.92624,47.92624
201217L,2012101421,58.0,62.0,68.0,78.0,58.0,58.0,58.0,45.78504,45.78504,45.78504
201217L,2012101500,60.0,65.0,70.0,80.0,60.0,60.0,60.0,45.98602,45.98602,45.98602
201217L,2012101503,62.0,68.0,72.0,80.0,62.0,62.0,62.0,57.003735,57.003735,57.003735
201217L,2012101506,65.0,70.0,75.0,80.0,65.0,65.0,65.0,55.56591,55.56591,55.56591
201217L,2012101509,68.0,72.0,78.0,80.0,68.0,68.0,68.0,44.920647,44.920647,44.920647
201217L,2012101512,70.0,75.0,80.0,80.0,70.0,70.0,70.0,63.581093,63.581093,63.581093
201217L,2012101515,72.0,78.0,80.0,78.0,72.0,72.0,72.0,67.690834,67.690834,67.690834
201217L,2012101518,75.0,80.0,80.0,75.0,75.0,75.0,75.0,58.26577,58.26577,58.26577
201217L,2012101521,78.0,80.0,80.0,75.0,78.0,78.0,78.0,67.378136,67.378136,67.378136
201217L,2012101600,80.0,80.0,80.0,75.0,80.0,80.0,80.0,69.32234,69.32234,69.32234
201217L,2012101603,80.0,80.0,78.0,72.0,80.0,80.0,80.0,81.00201,81.00201,81.00201
201217L,2012101606,80.0,80.0,75.0,70.0,80.0,80.0,80.0,64.8176,64.8176,64.8176
201217L,2012101609,80.0,78.0,75.0,68.0,80.0,80.0,80.0,64.52437,64.52437,64.52437
201217L,2012101612,80.0,75.0,75.0,65.0,80.0,80.0,80.0,67.29191,67.29191,67.29191
201217L,2012101615,78.0,75.0,72.0,65.0,78.0,78.0,78.0,75.09325,75.09325,75.09325
201217L,2012101618,75.0,75.0,70.0,65.0,75.0,75.0,75.0,69.931946,69.931946,69.931946
201217L,2012101621,75.0,72.0,68.0,65.0,75.0,75.0,75.0,67.48583,67.48583,67.48583
201217L,2012101700,75.0,70.0,65.0,65.0,75.0,75.0,75.0,65.47342,65.47342,65.47342
201217L,2012101703,72.0,68.0,65.0,62.0,72.0,72.0,72.0,55.665928,55.665928,55.665928
201217L,2012101706,70.0,65.0,65.0,60.0,70.0,70.0,70.0,54.620922,54.620922,54.620922
201217L,2012101709,68.0,65.0,65.0,58.0,68.0,68.0,68.0,54.338963,54.338963,54.338963
201217L,2012101712,65.0,65.0,65.0,55.0,65.0,65.0,65.0,64.496765,64.496765,64.496765
201217L,2012101715,65.0,65.0,62.0,55.0,65.0,65.0,65.0,70.88386,70.88386,70.88386
201217L,2012101718,65.0,65.0,60.0,55.0,65.0,65.0,65.0,70.75944,70.75944,70.75944
201217L,2012101721,65.0,62.0,58.0,52.0,65.0,65.0,65.0,70.463234,70.463234,70.463234
201217L,2012101800,65.0,60.0,55.0,50.0,65.0,65.0,65.0,66.44235,66.44235,66.44235
201217L,2012101803,62.0,58.0,55.0,50.0,62.0,62.0,62.0,69.93236,69.93236,69.93236
201217L,2012101806,60.0,55.0,55.0,50.0,60.0,60.0,60.0,58.131954,58.131954,58.131954
201217L,2012101809,58.0,55.0,52.0,50.0,58.0,58.0,58.0,37.309467,37.309467,37.309467
201217L,2012101812,55.0,55.0,50.0,50.0,55.0,55.0,55.0,42.14254,42.14254,42.14254
201217L,2012101815,55.0,52.0,50.0,50.0,55.0,55.0,55.0,48.908535,48.908535,48.908535
201217L,2012101818,55.0,50.0,50.0,50.0,55.0,55.0,55.0,52.192852,52.192852,52.192852
201217L,2012101821,52.0,50.0,50.0,50.0,52.0,52.0,52.0,43.08917,43.08917,43.08917
201217L,2012101900,50.0,50.0,50.0,50.0,50.0,50.0,50.0,44.083374,44.083374,44.083374
201217L,2012101903,50.0,50.0,50.0,50.0,50.0,50.0,50.0,64.22406,64.22406,64.22406
201217L,2012101906,50.0,50.0,50.0,50.0,50.0,50.0,50.0,64.22406,64.22406,64.22406
201217L,2012101909,50.0,50.0,50.0,50.0,50.0,50.0,50.0,64.22406,64.22406,64.22406
201217L,2012101912,50.0,50.0,50.0,50.0,50.0,50.0,50.0,64.22406,64.22406,64.22406
201217L,2012101915,50.0,50.0,50.0,50.0,50.0,50.0,50.0,64.22406,64.22406,64.22406
201217L,2012101918,50.0,50.0,50.0,50.0,50.0,50.0,50.0,64.22406,64.22406,64.22406
201217L,2012101921,50.0,50.0,50.0,48.0,50.0,50.0,50.0,64.22406,64.22406,64.22406
201217L,2012102000,50.0,50.0,50.0,45.0,50.0,50.0,50.0,64.22406,64.22406,64.22406
201217L,2012102003,50.0,50.0,50.0,42.0,50.0,50.0,50.0,64.22406,64.22406,64.22406
201217L,2012102006,50.0,50.0,50.0,40.0,50.0,50.0,50.0,64.22406,64.22406,64.22406
201217L,2012102009,50.0,50.0,48.0,40.0,50.0,50.0,50.0,64.22406,64.22406,64.22406
201217L,2012102012,50.0,50.0,45.0,40.0,50.0,50.0,50.0,64.22406,64.22406,64.22406
201217L,2012102015,50.0,48.0,42.0,40.0,50.0,50.0,50.0,64.22406,64.22406,64.22406
201217L,2012102018,50.0,45.0,40.0,40.0,50.0,50.0,50.0,64.22406,64.22406,64.22406
201217L,2012102021,48.0,42.0,40.0,40.0,48.0,48.0,48.0,64.22406,64.22406,64.22406
201217L,2012102100,45.0,40.0,40.0,40.0,45.0,45.0,45.0,57.227543,57.227543,57.227543
201217L,2012102103,42.0,40.0,40.0,40.0,42.0,42.0,42.0,59.73622,59.73622,59.73622
201217L,2012102106,40.0,40.0,40.0,40.0,40.0,40.0,40.0,47.336483,47.336483,47.336483
201217L,2012102109,40.0,40.0,40.0,40.0,40.0,40.0,40.0,44.888027,44.888027,44.888027
201217L,2012102112,40.0,40.0,40.0,40.0,40.0,40.0,40.0,39.56042,39.56042,39.56042
201217L,2012102115,40.0,40.0,40.0,40.0,40.0,40.0,40.0,35.430077,35.430077,35.430077
201217L,2012102118,40.0,40.0,40.0,40.0,40.0,40.0,40.0,33.43937,33.43937,33.43937
201217L,2012102121,40.0,40.0,40.0,40.0,40.0,40.0,40.0,28.403946,28.403946,28.403946
201217L,2012102200,40.0,40.0,40.0,40.0,40.0,40.0,40.0,27.021753,27.021753,27.021753
201217L,2012102203,40.0,40.0,40.0,40.0,40.0,40.0,40.0,31.141079,31.141079,31.141079
201217L,2012102206,40.0,40.0,40.0,40.0,40.0,40.0,40.0,27.048023,27.048023,27.048023
201217L,2012102209,40.0,40.0,40.0,40.0,40.0,40.0,40.0,31.212322,31.212322,31.212322
201217L,2012102212,40.0,40.0,40.0,40.0,40.0,40.0,40.0,27.795723,27.795723,27.795723
201217L,2012102215,40.0,40.0,40.0,40.0,40.0,40.0,40.0,27.287521,27.287521,27.287521
201217L,2012102218,40.0,40.0,40.0,40.0,40.0,40.0,40.0,25.20728,25.20728,25.20728
201217L,2012102221,40.0,40.0,40.0,40.0,40.0,40.0,40.0,26.195753,26.195753,26.195753
201217L,2012102300,40.0,40.0,40.0,40.0,40.0,40.0,40.0,29.562477,29.562477,29.562477
201217L,2012102303,40.0,40.0,40.0,40.0,40.0,40.0,40.0,27.25851,27.25851,27.25851
201217L,2012102306,40.0,40.0,40.0,40.0,40.0,40.0,40.0,25.140114,25.140114,25.140114
201217L,2012102309,40.0,40.0,40.0,35.0,40.0,40.0,40.0,26.272049,26.272049,26.272049
201217L,2012102312,40.0,40.0,40.0,30.0,40.0,40.0,40.0,28.314205,28.314205,28.314205
201217L,2012102315,40.0,40.0,40.0,30.0,40.0,40.0,40.0,27.970398,27.970398,27.970398
201217L,2012102318,40.0,40.0,40.0,30.0,40.0,40.0,40.0,25.432669,25.432669,25.432669
201217L,2012102321,40.0,40.0,35.0,30.0,40.0,40.0,40.0,26.42281,26.42281,26.42281
201217L,2012102400,40.0,40.0,30.0,30.0,40.0,40.0,40.0,26.016455,26.016455,26.016455
201217L,2012102403,40.0,35.0,30.0,30.0,40.0,40.0,40.0,28.591234,28.591234,28.591234
201217L,2012102406,40.0,30.0,30.0,30.0,40.0,40.0,40.0,29.359667,29.359667,29.359667
201217L,2012102409,35.0,30.0,30.0,30.0,35.0,35.0,35.0,24.742691,24.742691,24.742691
201217L,2012102412,30.0,30.0,30.0,30.0,30.0,30.0,30.0,26.914652,26.914652,26.914652
201217L,2012102415,30.0,30.0,30.0,30.0,30.0,30.0,30.0,27.79483,27.79483,27.79483
201217L,2012102418,30.0,30.0,30.0,30.0,30.0,30.0,30.0,31.448174,31.448174,31.448174
201217L,2012102421,30.0,30.0,30.0,30.0,30.0,30.0,30.0,26.997656,26.997656,26.997656
201217L,2012102500,30.0,30.0,30.0,30.0,30.0,30.0,30.0,30.918203,30.918203,30.918203
201217L,2012102503,30.0,30.0,30.0,30.0,30.0,30.0,30.0,30.276052,30.276052,30.276052
201217L,2012102506,30.0,30.0,30.0,30.0,30.0,30.0,30.0,36.075855,36.075855,36.075855
201217L,2012102509,30.0,30.0,30.0,28.0,30.0,30.0,30.0,35.99629,35.99629,35.99629
201217L,2012102512,30.0,30.0,30.0,25.0,30.0,30.0,30.0,32.357307,32.357307,32.357307
201219S,2012050618,30.0,30.0,30.0,25.0,30.0,30.0,30.0,28.34901,28.34901,28.34901
201219S,2012050621,30.0,30.0,28.0,23.0,30.0,30.0,30.0,29.564474,29.564474,29.564474
201219S,2012050700,30.0,30.0,25.0,20.0,30.0,30.0,30.0,24.401236,24.401236,24.401236
201219S,2012050703,30.0,28.0,25.0,20.0,30.0,30.0,30.0,18.961786,18.961786,18.961786
201219S,2012050706,30.0,25.0,25.0,20.0,30.0,30.0,30.0,21.578262,21.578262,21.578262
201219S,2012050709,28.0,25.0,23.0,20.0,28.0,28.0,28.0,20.470705,20.470705,20.470705
201219S,2012050712,25.0,25.0,20.0,20.0,25.0,25.0,25.0,21.279268,21.279268,21.279268
201219S,2012050715,25.0,23.0,20.0,20.0,25.0,25.0,25.0,24.794092,24.794092,24.794092
201219S,2012050718,25.0,20.0,20.0,20.0,25.0,25.0,25.0,23.862556,23.862556,23.862556
201219S,2012050721,23.0,20.0,20.0,20.0,23.0,23.0,23.0,22.754292,22.754292,22.754292
201219S,2012050800,20.0,20.0,20.0,20.0,20.0,20.0,20.0,30.467037,30.467037,30.467037
201219S,2012050803,20.0,20.0,20.0,20.0,20.0,20.0,20.0,27.541092,27.541092,27.541092
201219S,2012050806,20.0,20.0,20.0,20.0,20.0,20.0,20.0,22.151602,22.151602,22.151602
201301I,2013051012,35.0,35.0,40.0,45.0,35.0,35.0,35.0,29.993017,29.993017,29.993017
201301I,2013051015,35.0,38.0,43.0,45.0,35.0,35.0,35.0,28.790697,28.790697,28.790697
201301I,2013051018,35.0,40.0,45.0,45.0,35.0,35.0,35.0,32.14103,32.14103,32.14103
201301I,2013051021,38.0,43.0,45.0,45.0,38.0,38.0,38.0,35.09705,35.09705,35.09705
201301I,2013051100,40.0,45.0,45.0,45.0,40.0,40.0,40.0,33.262505,33.262505,33.262505
201301I,2013051103,43.0,45.0,45.0,45.0,43.0,43.0,43.0,36.94448,36.94448,36.94448
201301I,2013051106,45.0,45.0,45.0,45.0,45.0,45.0,45.0,37.90891,37.90891,37.90891
201301I,2013051109,45.0,45.0,45.0,45.0,45.0,45.0,45.0,51.017757,51.017757,51.017757
201301I,2013051112,45.0,45.0,45.0,45.0,45.0,45.0,45.0,44.153603,44.153603,44.153603
201301I,2013051115,45.0,45.0,45.0,45.0,45.0,45.0,45.0,35.14438,35.14438,35.14438
201301I,2013051118,45.0,45.0,45.0,45.0,45.0,45.0,45.0,34.44228,34.44228,34.44228
201301I,2013051121,45.0,45.0,45.0,45.0,45.0,45.0,45.0,30.53349,30.53349,30.53349
201301I,2013051200,45.0,45.0,45.0,45.0,45.0,45.0,45.0,30.077778,30.077778,30.077778
201301I,2013051203,45.0,45.0,45.0,45.0,45.0,45.0,45.0,27.564785,27.564785,27.564785
201301I,2013051206,45.0,45.0,45.0,45.0,45.0,45.0,45.0,28.619253,28.619253,28.619253
201301I,2013051209,45.0,45.0,45.0,45.0,45.0,45.0,45.0,28.58312,28.58312,28.58312
201301I,2013051212,45.0,45.0,45.0,45.0,45.0,45.0,45.0,34.13695,34.13695,34.13695
201301I,2013051215,45.0,45.0,45.0,45.0,45.0,45.0,45.0,28.612389,28.612389,28.612389
201301I,2013051218,45.0,45.0,45.0,45.0,45.0,45.0,45.0,35.331657,35.331657,35.331657
201301I,2013051221,45.0,45.0,45.0,45.0,45.0,45.0,45.0,38.286327,38.286327,38.286327
201301I,2013051300,45.0,45.0,45.0,45.0,45.0,45.0,45.0,37.24488,37.24488,37.24488
201301I,2013051303,45.0,45.0,45.0,45.0,45.0,45.0,45.0,34.25006,34.25006,34.25006
201301I,2013051306,45.0,45.0,45.0,45.0,45.0,45.0,45.0,30.401966,30.401966,30.401966
201301I,2013051309,45.0,45.0,45.0,45.0,45.0,45.0,45.0,32.43677,32.43677,32.43677
201301I,2013051312,45.0,45.0,45.0,45.0,45.0,45.0,45.0,36.12029,36.12029,36.12029
201301I,2013051315,45.0,45.0,45.0,45.0,45.0,45.0,45.0,34.19086,34.19086,34.19086
201301I,2013051318,45.0,45.0,45.0,45.0,45.0,45.0,45.0,39.93808,39.93808,39.93808
201301I,2013051321,45.0,45.0,45.0,45.0,45.0,45.0,45.0,40.91384,40.91384,40.91384
201301I,2013051400,45.0,45.0,45.0,45.0,45.0,45.0,45.0,34.365757,34.365757,34.365757
201301I,2013051403,45.0,45.0,45.0,45.0,45.0,45.0,45.0,34.326286,34.326286,34.326286
201301I,2013051406,45.0,45.0,45.0,45.0,45.0,45.0,45.0,32.18805,32.18805,32.18805
201301I,2013051409,45.0,45.0,45.0,45.0,45.0,45.0,45.0,29.138716,29.138716,29.138716
201301I,2013051412,45.0,45.0,45.0,45.0,45.0,45.0,45.0,35.473312,35.473312,35.473312
201301I,2013051415,45.0,45.0,45.0,45.0,45.0,45.0,45.0,30.44968,30.44968,30.44968
201301I,2013051418,45.0,45.0,45.0,45.0,45.0,45.0,45.0,32.95384,32.95384,32.95384
201301I,2013051421,45.0,45.0,45.0,45.0,45.0,45.0,45.0,58.34904,58.34904,58.34904
201301I,2013051500,45.0,45.0,45.0,45.0,45.0,45.0,45.0,42.428165,42.428165,42.428165
201301I,2013051503,45.0,45.0,45.0,43.0,45.0,45.0,45.0,42.547585,42.547585,42.547585
201301I,2013051506,45.0,45.0,45.0,40.0,45.0,45.0,45.0,39.175365,39.175365,39.175365
201301I,2013051509,45.0,45.0,45.0,38.0,45.0,45.0,45.0,32.964127,32.964127,32.964127
201301I,2013051512,45.0,45.0,45.0,35.0,45.0,45.0,45.0,34.12195,34.12195,34.12195
201302C,2013081218,25.0,25.0,25.0,25.0,25.0,25.0,25.0,31.410702,31.410702,31.410702
201302C,2013081221,25.0,25.0,25.0,25.0,25.0,25.0,25.0,28.81767,28.81767,28.81767
201302C,2013081300,25.0,25.0,25.0,25.0,25.0,25.0,25.0,26.186823,26.186823,26.186823
201302C,2013081303,25.0,25.0,25.0,25.0,25.0,25.0,25.0,28.211391,28.211391,28.211391
201302C,2013081306,25.0,25.0,25.0,25.0,25.0,25.0,25.0,28.564756,28.564756,28.564756
201302C,2013081309,25.0,25.0,25.0,25.0,25.0,25.0,25.0,24.023586,24.023586,24.023586
201302C,2013081312,25.0,25.0,25.0,25.0,25.0,25.0,25.0,26.102188,26.102188,26.102188
201302C,2013081315,25.0,25.0,25.0,25.0,25.0,25.0,25.0,28.167818,28.167818,28.167818
201302C,2013081318,25.0,25.0,25.0,25.0,25.0,25.0,25.0,30.516214,30.516214,30.516214
201302C,2013081321,25.0,25.0,25.0,25.0,25.0,25.0,25.0,22.919931,22.919931,22.919931
201302C,2013081400,25.0,25.0,25.0,25.0,25.0,25.0,25.0,23.29498,23.29498,23.29498
201302C,2013081403,25.0,25.0,25.0,28.0,25.0,25.0,25.0,25.666958,25.666958,25.666958
201302C,2013081406,25.0,25.0,25.0,30.0,25.0,25.0,25.0,25.799963,25.799963,25.799963
201302C,2013081409,25.0,25.0,25.0,30.0,25.0,25.0,25.0,25.836292,25.836292,25.836292
201302C,2013081412,25.0,25.0,25.0,30.0,25.0,25.0,25.0,26.821884,26.821884,26.821884
201302C,2013081415,25.0,25.0,28.0,30.0,25.0,25.0,25.0,28.17412,28.17412,28.17412
201302C,2013081418,25.0,25.0,30.0,30.0,25.0,25.0,25.0,29.178785,29.178785,29.178785
201302C,2013081421,25.0,28.0,30.0,30.0,25.0,25.0,25.0,30.339495,30.339495,30.339495
201302C,2013081500,25.0,30.0,30.0,30.0,25.0,25.0,25.0,26.296347,26.296347,26.296347
201302C,2013081503,28.0,30.0,30.0,30.0,28.0,28.0,28.0,25.897852,25.897852,25.897852
201302C,2013081506,30.0,30.0,30.0,30.0,30.0,30.0,30.0,31.262163,31.262163,31.262163
201302C,2013081509,30.0,30.0,30.0,28.0,30.0,30.0,30.0,33.359035,33.359035,33.359035
201302C,2013081512,30.0,30.0,30.0,25.0,30.0,30.0,30.0,37.82211,37.82211,37.82211
201302C,2013081515,30.0,30.0,30.0,25.0,30.0,30.0,30.0,35.972523,35.972523,35.972523
201302C,2013081518,30.0,30.0,30.0,25.0,30.0,30.0,30.0,33.762314,33.762314,33.762314
201302C,2013081521,30.0,30.0,28.0,25.0,30.0,30.0,30.0,29.359827,29.359827,29.359827
201302C,2013081600,30.0,30.0,25.0,25.0,30.0,30.0,30.0,27.121157,27.121157,27.121157
201302C,2013081603,30.0,28.0,25.0,25.0,30.0,30.0,30.0,27.099138,27.099138,27.099138
201302C,2013081606,30.0,25.0,25.0,25.0,30.0,30.0,30.0,26.26009,26.26009,26.26009
201302C,2013081609,28.0,25.0,25.0,25.0,28.0,28.0,28.0,25.29461,25.29461,25.29461
201302C,2013081612,25.0,25.0,25.0,25.0,25.0,25.0,25.0,26.083574,26.083574,26.083574
201302C,2013081615,25.0,25.0,25.0,25.0,25.0,25.0,25.0,27.297232,27.297232,27.297232
201302C,2013081618,25.0,25.0,25.0,25.0,25.0,25.0,25.0,29.196146,29.196146,29.196146
201302C,2013081621,25.0,25.0,25.0,25.0,25.0,25.0,25.0,33.92389,33.92389,33.92389
201302C,2013081700,25.0,25.0,25.0,25.0,25.0,25.0,25.0,25.814259,25.814259,25.814259
201302C,2013081703,25.0,25.0,25.0,28.0,25.0,25.0,25.0,30.0237,30.0237,30.0237
201302C,2013081706,25.0,25.0,25.0,30.0,25.0,25.0,25.0,29.083176,29.083176,29.083176
201302C,2013081709,25.0,25.0,25.0,30.0,25.0,25.0,25.0,39.29852,39.29852,39.29852
201302C,2013081712,25.0,25.0,25.0,30.0,25.0,25.0,25.0,39.41119,39.41119,39.41119
201302C,2013081715,25.0,25.0,28.0,30.0,25.0,25.0,25.0,38.21204,38.21204,38.21204
201302C,2013081718,25.0,25.0,30.0,30.0,25.0,25.0,25.0,39.863716,39.863716,39.863716
201302C,2013081721,25.0,28.0,30.0,32.0,25.0,25.0,25.0,38.426247,38.426247,38.426247
201302C,2013081800,25.0,30.0,30.0,35.0,25.0,25.0,25.0,33.749977,33.749977,33.749977
201302C,2013081803,28.0,30.0,30.0,32.0,28.0,28.0,28.0,31.218739,31.218739,31.218739
201302C,2013081806,30.0,30.0,30.0,30.0,30.0,30.0,30.0,32.45976,32.45976,32.45976
201303I,2013110618,20.0,20.0,20.0,25.0,20.0,20.0,20.0,26.796728,26.796728,26.796728
201303I,2013110621,20.0,20.0,20.0,23.0,20.0,20.0,20.0,26.961515,26.961515,26.961515
201303I,2013110700,20.0,20.0,20.0,20.0,20.0,20.0,20.0,24.963387,24.963387,24.963387
201303I,2013110703,20.0,20.0,23.0,23.0,20.0,20.0,20.0,23.626106,23.626106,23.626106
201303I,2013110706,20.0,20.0,25.0,25.0,20.0,20.0,20.0,20.661085,20.661085,20.661085
201303I,2013110709,20.0,23.0,23.0,30.0,20.0,20.0,20.0,21.620632,21.620632,21.620632
201303I,2013110712,20.0,25.0,20.0,35.0,20.0,20.0,20.0,23.337557,23.337557,23.337557
201303I,2013110715,23.0,23.0,23.0,38.0,23.0,23.0,23.0,22.690203,22.690203,22.690203
201303I,2013110718,25.0,20.0,25.0,40.0,25.0,25.0,25.0,24.641554,24.641554,24.641554
201303I,2013110721,23.0,23.0,30.0,43.0,23.0,23.0,23.0,22.64538,22.64538,22.64538
201303I,2013110800,20.0,25.0,35.0,45.0,20.0,20.0,20.0,24.042015,24.042015,24.042015
201303I,2013110803,23.0,30.0,38.0,40.0,23.0,23.0,23.0,24.66464,24.66464,24.66464
201303I,2013110806,25.0,35.0,40.0,35.0,25.0,25.0,25.0,31.35582,31.35582,31.35582
201303I,2013110809,30.0,38.0,43.0,35.0,30.0,30.0,30.0,32.098328,32.098328,32.098328
201303I,2013110812,35.0,40.0,45.0,35.0,35.0,35.0,35.0,30.114912,30.114912,30.114912
201303I,2013110815,38.0,43.0,40.0,35.0,38.0,38.0,38.0,28.13286,28.13286,28.13286
201303I,2013110818,40.0,45.0,35.0,35.0,40.0,40.0,40.0,31.270212,31.270212,31.270212
201303I,2013110821,43.0,40.0,35.0,35.0,43.0,43.0,43.0,35.392002,35.392002,35.392002
201303I,2013110900,45.0,35.0,35.0,35.0,45.0,45.0,45.0,30.088634,30.088634,30.088634
201303I,2013110903,40.0,35.0,35.0,38.0,40.0,40.0,40.0,30.338894,30.338894,30.338894
201303I,2013110906,35.0,35.0,35.0,40.0,35.0,35.0,35.0,30.82685,30.82685,30.82685
201303I,2013110909,35.0,35.0,35.0,38.0,35.0,35.0,35.0,28.852081,28.852081,28.852081
201303I,2013110912,35.0,35.0,35.0,35.0,35.0,35.0,35.0,30.806084,30.806084,30.806084
201303I,2013110915,35.0,35.0,38.0,35.0,35.0,35.0,35.0,33.605846,33.605846,33.605846
201303I,2013110918,35.0,35.0,40.0,35.0,35.0,35.0,35.0,30.633602,30.633602,30.633602
201303I,2013110921,35.0,38.0,38.0,35.0,35.0,35.0,35.0,31.547451,31.547451,31.547451
201303I,2013111000,35.0,40.0,35.0,35.0,35.0,35.0,35.0,31.332941,31.332941,31.332941
201303I,2013111003,38.0,38.0,35.0,35.0,38.0,38.0,38.0,30.2345,30.2345,30.2345
201303I,2013111006,40.0,35.0,35.0,35.0,40.0,40.0,40.0,36.313824,36.313824,36.313824
201303I,2013111009,38.0,35.0,35.0,33.0,38.0,38.0,38.0,31.791008,31.791008,31.791008
201303I,2013111012,35.0,35.0,35.0,30.0,35.0,35.0,35.0,36.190716,36.190716,36.190716
201303I,2013111015,35.0,35.0,35.0,28.0,35.0,35.0,35.0,31.48334,31.48334,31.48334
201303I,2013111018,35.0,35.0,35.0,25.0,35.0,35.0,35.0,38.880665,38.880665,38.880665
201303I,2013111021,35.0,35.0,33.0,25.0,35.0,35.0,35.0,32.832027,32.832027,32.832027
201303I,2013111100,35.0,35.0,30.0,25.0,35.0,35.0,35.0,30.489511,30.489511,30.489511
201304I,2013111818,25.0,35.0,35.0,40.0,25.0,25.0,25.0,41.35393,41.35393,41.35393
201304I,2013111821,30.0,35.0,38.0,45.0,30.0,30.0,30.0,38.556606,38.556606,38.556606
201304I,2013111900,35.0,35.0,40.0,50.0,35.0,35.0,35.0,37.756824,37.756824,37.756824
201304I,2013111903,35.0,38.0,40.0,50.0,35.0,35.0,35.0,34.37177,34.37177,34.37177
201304I,2013111906,35.0,40.0,40.0,50.0,35.0,35.0,35.0,36.188053,36.188053,36.188053
201304I,2013111909,38.0,40.0,45.0,53.0,38.0,38.0,38.0,33.5252,33.5252,33.5252
201304I,2013111912,40.0,40.0,50.0,55.0,40.0,40.0,40.0,40.30908,40.30908,40.30908
201304I,2013111915,40.0,45.0,50.0,58.0,40.0,40.0,40.0,45.94226,45.94226,45.94226
201304I,2013111918,40.0,50.0,50.0,60.0,40.0,40.0,40.0,41.76824,41.76824,41.76824
201304I,2013111921,45.0,50.0,53.0,63.0,45.0,45.0,45.0,45.97264,45.97264,45.97264
201304I,2013112000,50.0,50.0,55.0,65.0,50.0,50.0,50.0,45.402027,45.402027,45.402027
201304I,2013112003,50.0,53.0,58.0,68.0,50.0,50.0,50.0,43.8023,43.8023,43.8023
201304I,2013112006,50.0,55.0,60.0,70.0,50.0,50.0,50.0,45.698048,45.698048,45.698048
201304I,2013112009,53.0,58.0,63.0,68.0,53.0,53.0,53.0,47.391216,47.391216,47.391216
201304I,2013112012,55.0,60.0,65.0,65.0,55.0,55.0,55.0,44.79531,44.79531,44.79531
201304I,2013112015,58.0,63.0,68.0,65.0,58.0,58.0,58.0,55.20993,55.20993,55.20993
201304I,2013112018,60.0,65.0,70.0,65.0,60.0,60.0,60.0,55.261837,55.261837,55.261837
201304I,2013112021,63.0,68.0,68.0,63.0,63.0,63.0,63.0,47.50347,47.50347,47.50347
201304I,2013112100,65.0,70.0,65.0,60.0,65.0,65.0,65.0,40.316505,40.316505,40.316505
201304I,2013112103,68.0,68.0,65.0,58.0,68.0,68.0,68.0,42.540806,42.540806,42.540806
201304I,2013112106,70.0,65.0,65.0,55.0,70.0,70.0,70.0,45.49442,45.49442,45.49442
201304I,2013112109,68.0,65.0,63.0,43.0,68.0,68.0,68.0,45.886803,45.886803,45.886803
201304I,2013112112,65.0,65.0,60.0,30.0,65.0,65.0,65.0,44.59356,44.59356,44.59356
201304I,2013112115,65.0,63.0,58.0,28.0,65.0,65.0,65.0,43.71903,43.71903,43.71903
201304I,2013112118,65.0,60.0,55.0,25.0,65.0,65.0,65.0,53.01425,53.01425,53.01425
201304I,2013112121,63.0,58.0,43.0,23.0,63.0,63.0,63.0,44.16617,44.16617,44.16617
201304I,2013112200,60.0,55.0,30.0,20.0,60.0,60.0,60.0,42.49904,42.49904,42.49904
201304I,2013112203,58.0,43.0,28.0,20.0,58.0,58.0,58.0,43.168995,43.168995,43.168995
201304I,2013112206,55.0,30.0,25.0,20.0,55.0,55.0,55.0,47.999767,47.999767,47.999767
201305I,2013112012,20.0,15.0,15.0,15.0,20.0,20.0,20.0,23.328194,23.328194,23.328194
201305I,2013112015,18.0,15.0,15.0,15.0,18.0,18.0,18.0,22.080126,22.080126,22.080126
201305I,2013112018,15.0,15.0,15.0,15.0,15.0,15.0,15.0,22.903908,22.903908,22.903908
201305I,2013112021,15.0,15.0,15.0,18.0,15.0,15.0,15.0,25.960228,25.960228,25.960228
201305I,2013112100,15.0,15.0,15.0,20.0,15.0,15.0,15.0,22.577171,22.577171,22.577171
201305I,2013112103,15.0,15.0,15.0,20.0,15.0,15.0,15.0,26.04775,26.04775,26.04775
201305I,2013112106,15.0,15.0,15.0,20.0,15.0,15.0,15.0,26.701752,26.701752,26.701752
201305I,2013112109,15.0,15.0,18.0,20.0,15.0,15.0,15.0,35.342785,35.342785,35.342785
201305I,2013112112,15.0,15.0,20.0,20.0,15.0,15.0,15.0,24.46103,24.46103,24.46103
201305I,2013112115,15.0,18.0,20.0,23.0,15.0,15.0,15.0,27.273188,27.273188,27.273188
201305I,2013112118,15.0,20.0,20.0,25.0,15.0,15.0,15.0,25.189222,25.189222,25.189222
201305I,2013112121,18.0,20.0,20.0,25.0,18.0,18.0,18.0,21.693903,21.693903,21.693903
201305I,2013112200,20.0,20.0,20.0,25.0,20.0,20.0,20.0,23.628744,23.628744,23.628744
201305I,2013112203,20.0,20.0,23.0,25.0,20.0,20.0,20.0,24.951036,24.951036,24.951036
201305I,2013112206,20.0,20.0,25.0,25.0,20.0,20.0,20.0,25.726187,25.726187,25.726187
201305I,2013112209,20.0,23.0,25.0,30.0,20.0,20.0,20.0,22.038792,22.038792,22.038792
201305I,2013112212,20.0,25.0,25.0,35.0,20.0,20.0,20.0,24.112045,24.112045,24.112045
201305I,2013112215,23.0,25.0,25.0,35.0,23.0,23.0,23.0,20.877354,20.877354,20.877354
201305I,2013112218,25.0,25.0,25.0,35.0,25.0,25.0,25.0,22.781937,22.781937,22.781937
201305I,2013112221,25.0,25.0,30.0,38.0,25.0,25.0,25.0,31.488598,31.488598,31.488598
201305I,2013112300,25.0,25.0,35.0,40.0,25.0,25.0,25.0,24.321486,24.321486,24.321486
201305I,2013112303,25.0,30.0,35.0,43.0,25.0,25.0,25.0,29.184376,29.184376,29.184376
201305I,2013112306,25.0,35.0,35.0,45.0,25.0,25.0,25.0,32.003876,32.003876,32.003876
201305I,2013112309,30.0,35.0,38.0,48.0,30.0,30.0,30.0,31.811823,31.811823,31.811823
201305I,2013112312,35.0,35.0,40.0,50.0,35.0,35.0,35.0,28.233614,28.233614,28.233614
201305I,2013112315,35.0,38.0,43.0,53.0,35.0,35.0,35.0,31.406246,31.406246,31.406246
201305I,2013112318,35.0,40.0,45.0,55.0,35.0,35.0,35.0,38.39976,38.39976,38.39976
201305I,2013112321,38.0,43.0,48.0,58.0,38.0,38.0,38.0,30.986017,30.986017,30.986017
201305I,2013112400,40.0,45.0,50.0,60.0,40.0,40.0,40.0,31.619371,31.619371,31.619371
201305I,2013112403,43.0,48.0,53.0,63.0,43.0,43.0,43.0,35.31123,35.31123,35.31123
201305I,2013112406,45.0,50.0,55.0,65.0,45.0,45.0,45.0,33.531208,33.531208,33.531208
201305I,2013112409,48.0,53.0,58.0,68.0,48.0,48.0,48.0,52.040386,52.040386,52.040386
201305I,2013112412,50.0,55.0,60.0,70.0,50.0,50.0,50.0,40.77798,40.77798,40.77798
201305I,2013112415,53.0,58.0,63.0,73.0,53.0,53.0,53.0,42.193233,42.193233,42.193233
201305I,2013112418,55.0,60.0,65.0,75.0,55.0,55.0,55.0,40.286053,40.286053,40.286053
201305I,2013112421,58.0,63.0,68.0,75.0,58.0,58.0,58.0,37.931896,37.931896,37.931896
201305I,2013112500,60.0,65.0,70.0,75.0,60.0,60.0,60.0,43.057808,43.057808,43.057808
201305I,2013112503,63.0,68.0,73.0,75.0,63.0,63.0,63.0,46.8367,46.8367,46.8367
201305I,2013112506,65.0,70.0,75.0,75.0,65.0,65.0,65.0,45.52085,45.52085,45.52085
201305I,2013112509,68.0,73.0,75.0,75.0,68.0,68.0,68.0,46.084587,46.084587,46.084587
201305I,2013112512,70.0,75.0,75.0,75.0,70.0,70.0,70.0,48.55221,48.55221,48.55221
201305I,2013112515,73.0,75.0,75.0,73.0,73.0,73.0,73.0,45.793358,45.793358,45.793358
201305I,2013112518,75.0,75.0,75.0,70.0,75.0,75.0,75.0,53.763157,53.763157,53.763157
201305I,2013112521,75.0,75.0,75.0,70.0,75.0,75.0,75.0,48.962997,48.962997,48.962997
201305I,2013112600,75.0,75.0,75.0,70.0,75.0,75.0,75.0,46.168976,46.168976,46.168976
201305I,2013112603,75.0,75.0,73.0,68.0,75.0,75.0,75.0,46.47264,46.47264,46.47264
201305I,2013112606,75.0,75.0,70.0,65.0,75.0,75.0,75.0,45.056152,45.056152,45.056152
201305I,2013112609,75.0,73.0,70.0,65.0,75.0,75.0,75.0,44.056644,44.056644,44.056644
201305I,2013112612,75.0,70.0,70.0,65.0,75.0,75.0,75.0,48.674778,48.674778,48.674778
201305I,2013112615,73.0,70.0,68.0,58.0,73.0,73.0,73.0,50.16609,50.16609,50.16609
201305I,2013112618,70.0,70.0,65.0,50.0,70.0,70.0,70.0,50.733017,50.733017,50.733017
201305I,2013112621,70.0,68.0,65.0,45.0,70.0,70.0,70.0,62.050816,62.050816,62.050816
201305I,2013112700,70.0,65.0,65.0,40.0,70.0,70.0,70.0,57.994255,57.994255,57.994255
201305I,2013112703,68.0,65.0,58.0,38.0,68.0,68.0,68.0,44.017014,44.017014,44.017014
201305I,2013112706,65.0,65.0,50.0,35.0,65.0,65.0,65.0,51.502956,51.502956,51.502956
201305I,2013112709,65.0,58.0,45.0,35.0,65.0,65.0,65.0,52.825703,52.825703,52.825703
201305I,2013112712,65.0,50.0,40.0,35.0,65.0,65.0,65.0,58.35706,58.35706,58.35706
201305I,2013112715,58.0,45.0,38.0,30.0,58.0,58.0,58.0,53.073933,53.073933,53.073933
201305I,2013112718,50.0,40.0,35.0,25.0,50.0,50.0,50.0,51.750084,51.750084,51.750084
201305I,2013112721,45.0,38.0,35.0,23.0,45.0,45.0,45.0,33.131153,33.131153,33.131153
201305I,2013112800,40.0,35.0,35.0,20.0,40.0,40.0,40.0,34.222557,34.222557,34.222557
201307E,2013073012,25.0,35.0,40.0,55.0,25.0,25.0,25.0,28.693935,28.693935,28.693935
201307E,2013073015,30.0,38.0,43.0,60.0,30.0,30.0,30.0,32.72781,32.72781,32.72781
201307E,2013073018,35.0,40.0,45.0,65.0,35.0,35.0,35.0,29.110233,29.110233,29.110233
201307E,2013073021,38.0,43.0,50.0,68.0,38.0,38.0,38.0,28.044037,28.044037,28.044037
201307E,2013073100,40.0,45.0,55.0,70.0,40.0,40.0,40.0,27.823372,27.823372,27.823372
201307E,2013073103,43.0,50.0,60.0,70.0,43.0,43.0,43.0,28.52896,28.52896,28.52896
201307E,2013073106,45.0,55.0,65.0,70.0,45.0,45.0,45.0,33.017464,33.017464,33.017464
201307E,2013073109,50.0,60.0,68.0,70.0,50.0,50.0,50.0,35.650818,35.650818,35.650818
201307E,2013073112,55.0,65.0,70.0,70.0,55.0,55.0,55.0,30.705318,30.705318,30.705318
201307E,2013073115,60.0,68.0,70.0,73.0,60.0,60.0,60.0,39.16417,39.16417,39.16417
201307E,2013073118,65.0,70.0,70.0,75.0,65.0,65.0,65.0,33.079792,33.079792,33.079792
201307E,2013073121,68.0,70.0,70.0,75.0,68.0,68.0,68.0,33.44363,33.44363,33.44363
201307E,2013080100,70.0,70.0,70.0,75.0,70.0,70.0,70.0,32.285103,32.285103,32.285103
201307E,2013080103,70.0,70.0,73.0,75.0,70.0,70.0,70.0,35.640408,35.640408,35.640408
201307E,2013080106,70.0,70.0,75.0,75.0,70.0,70.0,70.0,36.6247,36.6247,36.6247
201307E,2013080109,70.0,73.0,75.0,70.0,70.0,70.0,70.0,32.32936,32.32936,32.32936
201307E,2013080112,70.0,75.0,75.0,65.0,70.0,70.0,70.0,39.636414,39.636414,39.636414
201307E,2013080115,73.0,75.0,75.0,63.0,73.0,73.0,73.0,44.736736,44.736736,44.736736
201307E,2013080118,75.0,75.0,75.0,60.0,75.0,75.0,75.0,47.403263,47.403263,47.403263
201307E,2013080121,75.0,75.0,70.0,58.0,75.0,75.0,75.0,41.657284,41.657284,41.657284
201307E,2013080200,75.0,75.0,65.0,55.0,75.0,75.0,75.0,41.727505,41.727505,41.727505
201307E,2013080203,75.0,70.0,63.0,53.0,75.0,75.0,75.0,44.02985,44.02985,44.02985
201307E,2013080206,75.0,65.0,60.0,50.0,75.0,75.0,75.0,35.64425,35.64425,35.64425
201307E,2013080209,70.0,63.0,58.0,50.0,70.0,70.0,70.0,37.87855,37.87855,37.87855
201307E,2013080212,65.0,60.0,55.0,50.0,65.0,65.0,65.0,35.95244,35.95244,35.95244
201307E,2013080215,63.0,58.0,53.0,48.0,63.0,63.0,63.0,39.94237,39.94237,39.94237
201307E,2013080218,60.0,55.0,50.0,45.0,60.0,60.0,60.0,39.178474,39.178474,39.178474
201307E,2013080221,58.0,53.0,50.0,43.0,58.0,58.0,58.0,41.979942,41.979942,41.979942
201307E,2013080300,55.0,50.0,50.0,40.0,55.0,55.0,55.0,39.274742,39.274742,39.274742
201307E,2013080303,53.0,50.0,48.0,38.0,53.0,53.0,53.0,30.61626,30.61626,30.61626
201307E,2013080306,50.0,50.0,45.0,35.0,50.0,50.0,50.0,31.961964,31.961964,31.961964
201307E,2013080309,50.0,48.0,43.0,33.0,50.0,50.0,50.0,29.4423,29.4423,29.4423
201307E,2013080312,50.0,45.0,40.0,30.0,50.0,50.0,50.0,25.744347,25.744347,25.744347
201307E,2013080315,48.0,43.0,38.0,30.0,48.0,48.0,48.0,33.49368,33.49368,33.49368
201307E,2013080318,45.0,40.0,35.0,30.0,45.0,45.0,45.0,30.142933,30.142933,30.142933
201307E,2013080321,43.0,38.0,33.0,28.0,43.0,43.0,43.0,32.07859,32.07859,32.07859
201307E,2013080400,40.0,35.0,30.0,25.0,40.0,40.0,40.0,35.277786,35.277786,35.277786
201307E,2013080403,38.0,33.0,30.0,25.0,38.0,38.0,38.0,29.952633,29.952633,29.952633
201307E,2013080406,35.0,30.0,30.0,25.0,35.0,35.0,35.0,23.704798,23.704798,23.704798
201307E,2013080409,33.0,30.0,28.0,25.0,33.0,33.0,33.0,23.581474,23.581474,23.581474
201307E,2013080412,30.0,30.0,25.0,25.0,30.0,30.0,30.0,24.656567,24.656567,24.656567
201307E,2013080415,30.0,28.0,25.0,28.0,30.0,30.0,30.0,25.966486,25.966486,25.966486
201307E,2013080418,30.0,25.0,25.0,30.0,30.0,30.0,30.0,26.767384,26.767384,26.767384
201307E,2013080421,28.0,25.0,25.0,30.0,28.0,28.0,28.0,25.250477,25.250477,25.250477
201307E,2013080500,25.0,25.0,25.0,30.0,25.0,25.0,25.0,30.699303,30.699303,30.699303
201307E,2013080503,25.0,25.0,28.0,33.0,25.0,25.0,25.0,26.1755,26.1755,26.1755
201307E,2013080506,25.0,25.0,30.0,35.0,25.0,25.0,25.0,31.725338,31.725338,31.725338
201307E,2013080509,25.0,28.0,30.0,35.0,25.0,25.0,25.0,27.243927,27.243927,27.243927
201307E,2013080512,25.0,30.0,30.0,35.0,25.0,25.0,25.0,25.42256,25.42256,25.42256
201307E,2013080515,28.0,30.0,33.0,33.0,28.0,28.0,28.0,28.891504,28.891504,28.891504
201307E,2013080518,30.0,30.0,35.0,30.0,30.0,30.0,30.0,25.427399,25.427399,25.427399
201309W,2013073106,30.0,35.0,35.0,35.0,30.0,30.0,30.0,24.251793,24.251793,24.251793
201309W,2013073109,33.0,35.0,35.0,40.0,33.0,33.0,33.0,25.063896,25.063896,25.063896
201309W,2013073112,35.0,35.0,35.0,45.0,35.0,35.0,35.0,23.214924,23.214924,23.214924
201309W,2013073115,35.0,35.0,35.0,48.0,35.0,35.0,35.0,24.925175,24.925175,24.925175
201309W,2013073118,35.0,35.0,35.0,50.0,35.0,35.0,35.0,29.302631,29.302631,29.302631
201309W,2013073121,35.0,35.0,40.0,53.0,35.0,35.0,35.0,36.50363,36.50363,36.50363
201309W,2013080100,35.0,35.0,45.0,55.0,35.0,35.0,35.0,27.229998,27.229998,27.229998
201309W,2013080103,35.0,40.0,48.0,58.0,35.0,35.0,35.0,26.125887,26.125887,26.125887
201309W,2013080106,35.0,45.0,50.0,60.0,35.0,35.0,35.0,24.009977,24.009977,24.009977
201309W,2013080109,40.0,48.0,53.0,58.0,40.0,40.0,40.0,27.878864,27.878864,27.878864
201309W,2013080112,45.0,50.0,55.0,55.0,45.0,45.0,45.0,34.544945,34.544945,34.544945
201309W,2013080115,48.0,53.0,58.0,55.0,48.0,48.0,48.0,30.729832,30.729832,30.729832
201309W,2013080118,50.0,55.0,60.0,55.0,50.0,50.0,50.0,32.510212,32.510212,32.510212
201309W,2013080121,53.0,58.0,58.0,53.0,53.0,53.0,53.0,35.27038,35.27038,35.27038
201309W,2013080200,55.0,60.0,55.0,50.0,55.0,55.0,55.0,45.646164,45.646164,45.646164
201309W,2013080203,58.0,58.0,55.0,48.0,58.0,58.0,58.0,53.331875,53.331875,53.331875
201309W,2013080206,60.0,55.0,55.0,45.0,60.0,60.0,60.0,49.38204,49.38204,49.38204
201309W,2013080209,58.0,55.0,53.0,40.0,58.0,58.0,58.0,51.12935,51.12935,51.12935
201309W,2013080212,55.0,55.0,50.0,35.0,55.0,55.0,55.0,52.906544,52.906544,52.906544
201310W,2013080518,25.0,30.0,30.0,35.0,25.0,25.0,25.0,25.279501,25.279501,25.279501
201310W,2013080521,28.0,30.0,33.0,38.0,28.0,28.0,28.0,34.561756,34.561756,34.561756
201310W,2013080600,30.0,30.0,35.0,40.0,30.0,30.0,30.0,41.82935,41.82935,41.82935
201310W,2013080603,30.0,33.0,35.0,43.0,30.0,30.0,30.0,35.116825,35.116825,35.116825
201310W,2013080606,30.0,35.0,35.0,45.0,30.0,30.0,30.0,32.25355,32.25355,32.25355
201310W,2013080609,33.0,35.0,38.0,43.0,33.0,33.0,33.0,31.12708,31.12708,31.12708
201310W,2013080612,35.0,35.0,40.0,40.0,35.0,35.0,35.0,29.216131,29.216131,29.216131
201310W,2013080615,35.0,38.0,43.0,35.0,35.0,35.0,35.0,36.26843,36.26843,36.26843
201310W,2013080618,35.0,40.0,45.0,30.0,35.0,35.0,35.0,35.069912,35.069912,35.069912
201310W,2013080621,38.0,43.0,43.0,28.0,38.0,38.0,38.0,32.469707,32.469707,32.469707
201310W,2013080700,40.0,45.0,40.0,25.0,40.0,40.0,40.0,38.15864,38.15864,38.15864
201310W,2013080703,43.0,43.0,35.0,23.0,43.0,43.0,43.0,44.992077,44.992077,44.992077
201310W,2013080706,45.0,40.0,30.0,20.0,45.0,45.0,45.0,46.299683,46.299683,46.299683
201311S,2013012106,40.0,45.0,35.0,30.0,40.0,40.0,40.0,42.63554,42.63554,42.63554
201311S,2013012109,43.0,40.0,33.0,30.0,43.0,43.0,43.0,44.979248,44.979248,44.979248
201311S,2013012112,45.0,35.0,30.0,30.0,45.0,45.0,45.0,29.971455,29.971455,29.971455
201311S,2013012115,40.0,33.0,30.0,30.0,40.0,40.0,40.0,34.14332,34.14332,34.14332
201311S,2013012118,35.0,30.0,30.0,30.0,35.0,35.0,35.0,31.756578,31.756578,31.756578
201311S,2013012121,33.0,30.0,30.0,28.0,33.0,33.0,33.0,32.33485,32.33485,32.33485
201311S,2013012200,30.0,30.0,30.0,25.0,30.0,30.0,30.0,30.639677,30.639677,30.639677
201311S,2013012203,30.0,30.0,30.0,25.0,30.0,30.0,30.0,35.464237,35.464237,35.464237
201311S,2013012206,30.0,30.0,30.0,25.0,30.0,30.0,30.0,37.213146,37.213146,37.213146
201311S,2013012209,30.0,30.0,28.0,23.0,30.0,30.0,30.0,28.925663,28.925663,28.925663
201311S,2013012212,30.0,30.0,25.0,20.0,30.0,30.0,30.0,26.917337,26.917337,26.917337
201311S,2013012215,30.0,28.0,25.0,20.0,30.0,30.0,30.0,27.787785,27.787785,27.787785
201311S,2013012218,30.0,25.0,25.0,20.0,30.0,30.0,30.0,31.80393,31.80393,31.80393
201311W,2013080900,25.0,30.0,35.0,55.0,25.0,25.0,25.0,23.556746,23.556746,23.556746
201311W,2013080903,28.0,33.0,40.0,63.0,28.0,28.0,28.0,33.02976,33.02976,33.02976
201311W,2013080906,30.0,35.0,45.0,70.0,30.0,30.0,30.0,25.544397,25.544397,25.544397
201311W,2013080909,33.0,40.0,50.0,80.0,33.0,33.0,33.0,21.355984,21.355984,21.355984
201311W,2013080912,35.0,45.0,55.0,90.0,35.0,35.0,35.0,34.578983,34.578983,34.578983
201311W,2013080915,40.0,50.0,63.0,90.0,40.0,40.0,40.0,39.871265,39.871265,39.871265
201311W,2013080918,45.0,55.0,70.0,90.0,45.0,45.0,45.0,38.775246,38.775246,38.775246
201311W,2013080921,50.0,63.0,80.0,93.0,50.0,50.0,50.0,35.034588,35.034588,35.034588
201311W,2013081000,55.0,70.0,90.0,95.0,55.0,55.0,55.0,34.380928,34.380928,34.380928
201311W,2013081003,63.0,80.0,90.0,103.0,63.0,63.0,63.0,50.143642,50.143642,50.143642
201311W,2013081006,70.0,90.0,90.0,110.0,70.0,70.0,70.0,51.030373,51.030373,51.030373
201311W,2013081009,80.0,90.0,93.0,120.0,80.0,80.0,80.0,64.05061,64.05061,64.05061
201311W,2013081012,90.0,90.0,95.0,130.0,90.0,90.0,90.0,33.03965,33.03965,33.03965
201311W,2013081015,90.0,93.0,103.0,125.0,90.0,90.0,90.0,35.743683,35.743683,35.743683
201311W,2013081018,90.0,95.0,110.0,120.0,90.0,90.0,90.0,36.2651,36.2651,36.2651
201311W,2013081021,93.0,103.0,120.0,108.0,93.0,93.0,93.0,33.05928,33.05928,33.05928
201311W,2013081100,95.0,110.0,130.0,95.0,95.0,95.0,95.0,40.593655,40.593655,40.593655
201311W,2013081103,103.0,120.0,125.0,95.0,103.0,103.0,103.0,58.52297,58.52297,58.52297
201311W,2013081106,110.0,130.0,120.0,95.0,110.0,110.0,110.0,130.36304,130.36304,130.36304
201311W,2013081109,120.0,125.0,108.0,90.0,120.0,120.0,120.0,131.31984,131.31984,131.31984
201311W,2013081112,130.0,120.0,95.0,85.0,130.0,130.0,130.0,111.946365,111.946365,111.946365
201311W,2013081115,125.0,108.0,95.0,88.0,125.0,125.0,125.0,83.62403,83.62403,83.62403
201311W,2013081118,120.0,95.0,95.0,90.0,120.0,120.0,120.0,88.14672,88.14672,88.14672
201311W,2013081121,108.0,95.0,90.0,93.0,108.0,108.0,108.0,32.87286,32.87286,32.87286
201311W,2013081200,95.0,95.0,85.0,95.0,95.0,95.0,95.0,30.521643,30.521643,30.521643
201311W,2013081203,95.0,90.0,88.0,98.0,95.0,95.0,95.0,36.553303,36.553303,36.553303
201311W,2013081206,95.0,85.0,90.0,100.0,95.0,95.0,95.0,40.231503,40.231503,40.231503
201311W,2013081209,90.0,88.0,93.0,98.0,90.0,90.0,90.0,61.348362,61.348362,61.348362
201311W,2013081212,85.0,90.0,95.0,95.0,85.0,85.0,85.0,47.600674,47.600674,47.600674
201311W,2013081215,88.0,93.0,98.0,95.0,88.0,88.0,88.0,48.22975,48.22975,48.22975
201311W,2013081218,90.0,95.0,100.0,95.0,90.0,90.0,90.0,48.338814,48.338814,48.338814
201311W,2013081221,93.0,98.0,98.0,93.0,93.0,93.0,93.0,48.91176,48.91176,48.91176
201311W,2013081300,95.0,100.0,95.0,90.0,95.0,95.0,95.0,55.515636,55.515636,55.515636
201311W,2013081303,98.0,98.0,95.0,88.0,98.0,98.0,98.0,74.68074,74.68074,74.68074
201311W,2013081306,100.0,95.0,95.0,85.0,100.0,100.0,100.0,50.255726,50.255726,50.255726
201311W,2013081309,98.0,95.0,93.0,80.0,98.0,98.0,98.0,49.414936,49.414936,49.414936
201311W,2013081312,95.0,95.0,90.0,75.0,95.0,95.0,95.0,50.912094,50.912094,50.912094
201311W,2013081315,95.0,93.0,88.0,65.0,95.0,95.0,95.0,54.184025,54.184025,54.184025
201311W,2013081318,95.0,90.0,85.0,55.0,95.0,95.0,95.0,50.484234,50.484234,50.484234
201311W,2013081321,93.0,88.0,80.0,50.0,93.0,93.0,93.0,58.134445,58.134445,58.134445
201311W,2013081400,90.0,85.0,75.0,45.0,90.0,90.0,90.0,49.453674,49.453674,49.453674
201311W,2013081403,88.0,80.0,65.0,40.0,88.0,88.0,88.0,67.97309,67.97309,67.97309
201311W,2013081406,85.0,75.0,55.0,35.0,85.0,85.0,85.0,49.10193,49.10193,49.10193
201311W,2013081409,80.0,65.0,50.0,33.0,80.0,80.0,80.0,42.83623,42.83623,42.83623
201311W,2013081412,75.0,55.0,45.0,30.0,75.0,75.0,75.0,44.884476,44.884476,44.884476
201314E,2013100706,40.0,50.0,55.0,50.0,40.0,40.0,40.0,32.453995,32.453995,32.453995
201314E,2013100709,45.0,53.0,55.0,45.0,45.0,45.0,45.0,36.763573,36.763573,36.763573
201314E,2013100712,50.0,55.0,55.0,40.0,50.0,50.0,50.0,36.596233,36.596233,36.596233
201314E,2013100715,53.0,55.0,53.0,38.0,53.0,53.0,53.0,41.612183,41.612183,41.612183
201314E,2013100718,55.0,55.0,50.0,35.0,55.0,55.0,55.0,38.72054,38.72054,38.72054
201314E,2013100721,55.0,53.0,45.0,33.0,55.0,55.0,55.0,44.769386,44.769386,44.769386
201314E,2013100800,55.0,50.0,40.0,30.0,55.0,55.0,55.0,38.60474,38.60474,38.60474
201314E,2013100803,53.0,45.0,38.0,30.0,53.0,53.0,53.0,38.77969,38.77969,38.77969
201314E,2013100806,50.0,40.0,35.0,30.0,50.0,50.0,50.0,33.93939,33.93939,33.93939
201314E,2013100809,45.0,38.0,33.0,30.0,45.0,45.0,45.0,37.913616,37.913616,37.913616
201314E,2013100812,40.0,35.0,30.0,30.0,40.0,40.0,40.0,40.30274,40.30274,40.30274
201314E,2013100815,38.0,33.0,30.0,30.0,38.0,38.0,38.0,37.00687,37.00687,37.00687
201314E,2013100818,35.0,30.0,30.0,30.0,35.0,35.0,35.0,35.35978,35.35978,35.35978
201314E,2013100821,33.0,30.0,30.0,30.0,33.0,33.0,33.0,35.366016,35.366016,35.366016
201314E,2013100900,30.0,30.0,30.0,30.0,30.0,30.0,30.0,31.10777,31.10777,31.10777
201314E,2013100903,30.0,30.0,30.0,30.0,30.0,30.0,30.0,29.012623,29.012623,29.012623
201314E,2013100906,30.0,30.0,30.0,30.0,30.0,30.0,30.0,26.196938,26.196938,26.196938
201314E,2013100909,30.0,30.0,30.0,28.0,30.0,30.0,30.0,25.242685,25.242685,25.242685
201314E,2013100912,30.0,30.0,30.0,25.0,30.0,30.0,30.0,26.855246,26.855246,26.855246
201314E,2013100915,30.0,30.0,30.0,25.0,30.0,30.0,30.0,28.087559,28.087559,28.087559
201314E,2013100918,30.0,30.0,30.0,25.0,30.0,30.0,30.0,28.683262,28.683262,28.683262
201314E,2013100921,30.0,30.0,28.0,25.0,30.0,30.0,30.0,38.23156,38.23156,38.23156
201314E,2013101000,30.0,30.0,25.0,25.0,30.0,30.0,30.0,35.76974,35.76974,35.76974
201314E,2013101003,30.0,28.0,25.0,25.0,30.0,30.0,30.0,33.227562,33.227562,33.227562
201314E,2013101006,30.0,25.0,25.0,25.0,30.0,30.0,30.0,28.602604,28.602604,28.602604
201314E,2013101009,28.0,25.0,25.0,25.0,28.0,28.0,28.0,29.656784,29.656784,29.656784
201314E,2013101012,25.0,25.0,25.0,25.0,25.0,25.0,25.0,26.097744,26.097744,26.097744
201314E,2013101015,25.0,25.0,25.0,25.0,25.0,25.0,25.0,26.62159,26.62159,26.62159
201314E,2013101018,25.0,25.0,25.0,25.0,25.0,25.0,25.0,26.01276,26.01276,26.01276
201314E,2013101021,25.0,25.0,25.0,25.0,25.0,25.0,25.0,30.04847,30.04847,30.04847
201314E,2013101100,25.0,25.0,25.0,25.0,25.0,25.0,25.0,25.603674,25.603674,25.603674
201314E,2013101103,25.0,25.0,25.0,25.0,25.0,25.0,25.0,24.912504,24.912504,24.912504
201314E,2013101106,25.0,25.0,25.0,25.0,25.0,25.0,25.0,25.223732,25.223732,25.223732
201314E,2013101109,25.0,25.0,25.0,23.0,25.0,25.0,25.0,29.64985,29.64985,29.64985
201314E,2013101112,25.0,25.0,25.0,20.0,25.0,25.0,25.0,26.12446,26.12446,26.12446
201316W,2013091218,25.0,30.0,30.0,40.0,25.0,25.0,25.0,30.272057,30.272057,30.272057
201316W,2013091221,28.0,30.0,30.0,40.0,28.0,28.0,28.0,40.375942,40.375942,40.375942
201316W,2013091300,30.0,30.0,30.0,40.0,30.0,30.0,30.0,36.959015,36.959015,36.959015
201316W,2013091303,30.0,30.0,35.0,43.0,30.0,30.0,30.0,53.728283,53.728283,53.728283
201316W,2013091306,30.0,30.0,40.0,45.0,30.0,30.0,30.0,42.09369,42.09369,42.09369
201316W,2013091309,30.0,35.0,40.0,45.0,30.0,30.0,30.0,42.43841,42.43841,42.43841
201316W,2013091312,30.0,40.0,40.0,45.0,30.0,30.0,30.0,39.83532,39.83532,39.83532
201316W,2013091315,35.0,40.0,43.0,45.0,35.0,35.0,35.0,47.904514,47.904514,47.904514
201316W,2013091318,40.0,40.0,45.0,45.0,40.0,40.0,40.0,55.15823,55.15823,55.15823
201316W,2013091321,40.0,43.0,45.0,45.0,40.0,40.0,40.0,57.74298,57.74298,57.74298
201316W,2013091400,40.0,45.0,45.0,45.0,40.0,40.0,40.0,39.83267,39.83267,39.83267
201316W,2013091403,43.0,45.0,45.0,50.0,43.0,43.0,43.0,38.637924,38.637924,38.637924
201316W,2013091406,45.0,45.0,45.0,55.0,45.0,45.0,45.0,45.618603,45.618603,45.618603
201316W,2013091409,45.0,45.0,45.0,58.0,45.0,45.0,45.0,49.030575,49.030575,49.030575
201316W,2013091412,45.0,45.0,45.0,60.0,45.0,45.0,45.0,50.498203,50.498203,50.498203
201316W,2013091415,45.0,45.0,50.0,60.0,45.0,45.0,45.0,51.738857,51.738857,51.738857
201316W,2013091418,45.0,45.0,55.0,60.0,45.0,45.0,45.0,48.927956,48.927956,48.927956
201316W,2013091421,45.0,50.0,58.0,58.0,45.0,45.0,45.0,50.899883,50.899883,50.899883
201316W,2013091500,45.0,55.0,60.0,55.0,45.0,45.0,45.0,52.19159,52.19159,52.19159
201316W,2013091503,50.0,58.0,60.0,53.0,50.0,50.0,50.0,46.378807,46.378807,46.378807
201316W,2013091506,55.0,60.0,60.0,50.0,55.0,55.0,55.0,53.054947,53.054947,53.054947
201316W,2013091509,58.0,60.0,58.0,48.0,58.0,58.0,58.0,65.405106,65.405106,65.405106
201316W,2013091512,60.0,60.0,55.0,45.0,60.0,60.0,60.0,69.8275,69.8275,69.8275
201317S,2013022318,30.0,30.0,35.0,50.0,30.0,30.0,30.0,21.278927,21.278927,21.278927
201317S,2013022321,30.0,33.0,40.0,55.0,30.0,30.0,30.0,23.198683,23.198683,23.198683
201317S,2013022400,30.0,35.0,45.0,60.0,30.0,30.0,30.0,22.332108,22.332108,22.332108
201317S,2013022403,33.0,40.0,48.0,63.0,33.0,33.0,33.0,29.772099,29.772099,29.772099
201317S,2013022406,35.0,45.0,50.0,65.0,35.0,35.0,35.0,31.448439,31.448439,31.448439
201317S,2013022409,40.0,48.0,55.0,68.0,40.0,40.0,40.0,41.054256,41.054256,41.054256
201317S,2013022412,45.0,50.0,60.0,70.0,45.0,45.0,45.0,31.10513,31.10513,31.10513
201317S,2013022415,48.0,55.0,63.0,73.0,48.0,48.0,48.0,35.995327,35.995327,35.995327
201317S,2013022418,50.0,60.0,65.0,75.0,50.0,50.0,50.0,43.97818,43.97818,43.97818
201317S,2013022421,55.0,63.0,68.0,75.0,55.0,55.0,55.0,57.799393,57.799393,57.799393
201317S,2013022500,60.0,65.0,70.0,75.0,60.0,60.0,60.0,53.325848,53.325848,53.325848
201317S,2013022503,63.0,68.0,73.0,75.0,63.0,63.0,63.0,66.317116,66.317116,66.317116
201317S,2013022506,65.0,70.0,75.0,75.0,65.0,65.0,65.0,49.42277,49.42277,49.42277
201317S,2013022509,68.0,73.0,75.0,80.0,68.0,68.0,68.0,67.6672,67.6672,67.6672
201317S,2013022512,70.0,75.0,75.0,85.0,70.0,70.0,70.0,50.592197,50.592197,50.592197
201317S,2013022515,73.0,75.0,75.0,93.0,73.0,73.0,73.0,87.54311,87.54311,87.54311
201317S,2013022518,75.0,75.0,75.0,100.0,75.0,75.0,75.0,73.64515,73.64515,73.64515
201317S,2013022521,75.0,75.0,80.0,98.0,75.0,75.0,75.0,55.385105,55.385105,55.385105
201317S,2013022600,75.0,75.0,85.0,95.0,75.0,75.0,75.0,64.857285,64.857285,64.857285
201317S,2013022603,75.0,80.0,93.0,93.0,75.0,75.0,75.0,71.00701,71.00701,71.00701
201317S,2013022606,75.0,85.0,100.0,90.0,75.0,75.0,75.0,62.335094,62.335094,62.335094
201317S,2013022609,80.0,93.0,98.0,83.0,80.0,80.0,80.0,61.20188,61.20188,61.20188
201317S,2013022612,85.0,100.0,95.0,75.0,85.0,85.0,85.0,68.74392,68.74392,68.74392
201317S,2013022615,93.0,98.0,93.0,70.0,93.0,93.0,93.0,100.75745,100.75745,100.75745
201317S,2013022618,100.0,95.0,90.0,65.0,100.0,100.0,100.0,83.74084,83.74084,83.74084
201317S,2013022621,98.0,93.0,83.0,55.0,98.0,98.0,98.0,102.62558,102.62558,102.62558
201317S,2013022700,95.0,90.0,75.0,45.0,95.0,95.0,95.0,98.71498,98.71498,98.71498
201317S,2013022703,93.0,83.0,70.0,40.0,93.0,93.0,93.0,75.49557,75.49557,75.49557
201317S,2013022706,90.0,75.0,65.0,35.0,90.0,90.0,90.0,59.026596,59.026596,59.026596
201322W,2013093012,25.0,35.0,40.0,50.0,25.0,25.0,25.0,25.815193,25.815193,25.815193
201322W,2013093015,30.0,38.0,45.0,53.0,30.0,30.0,30.0,30.220123,30.220123,30.220123
201322W,2013093018,35.0,40.0,50.0,55.0,35.0,35.0,35.0,37.6669,37.6669,37.6669
201322W,2013093021,38.0,45.0,50.0,55.0,38.0,38.0,38.0,34.47261,34.47261,34.47261
201322W,2013100100,40.0,50.0,50.0,55.0,40.0,40.0,40.0,37.611004,37.611004,37.611004
201322W,2013100103,45.0,50.0,53.0,58.0,45.0,45.0,45.0,46.14137,46.14137,46.14137
201322W,2013100106,50.0,50.0,55.0,60.0,50.0,50.0,50.0,39.535477,39.535477,39.535477
201322W,2013100109,50.0,53.0,55.0,60.0,50.0,50.0,50.0,39.632275,39.632275,39.632275
201322W,2013100112,50.0,55.0,55.0,60.0,50.0,50.0,50.0,43.83869,43.83869,43.83869
201322W,2013100115,53.0,55.0,58.0,60.0,53.0,53.0,53.0,40.313236,40.313236,40.313236
201322W,2013100118,55.0,55.0,60.0,60.0,55.0,55.0,55.0,45.701344,45.701344,45.701344
201322W,2013100121,55.0,58.0,60.0,60.0,55.0,55.0,55.0,54.09252,54.09252,54.09252
201322W,2013100200,55.0,60.0,60.0,60.0,55.0,55.0,55.0,68.66162,68.66162,68.66162
201322W,2013100203,58.0,60.0,60.0,65.0,58.0,58.0,58.0,66.087944,66.087944,66.087944
201322W,2013100206,60.0,60.0,60.0,70.0,60.0,60.0,60.0,59.379494,59.379494,59.379494
201322W,2013100209,60.0,60.0,60.0,70.0,60.0,60.0,60.0,67.81793,67.81793,67.81793
201322W,2013100212,60.0,60.0,60.0,70.0,60.0,60.0,60.0,62.939312,62.939312,62.939312
201322W,2013100215,60.0,60.0,65.0,75.0,60.0,60.0,60.0,67.758705,67.758705,67.758705
201322W,2013100218,60.0,60.0,70.0,80.0,60.0,60.0,60.0,62.07378,62.07378,62.07378
201322W,2013100221,60.0,65.0,70.0,80.0,60.0,60.0,60.0,62.4301,62.4301,62.4301
201322W,2013100300,60.0,70.0,70.0,80.0,60.0,60.0,60.0,68.52979,68.52979,68.52979
201322W,2013100303,65.0,70.0,75.0,80.0,65.0,65.0,65.0,81.99622,81.99622,81.99622
201322W,2013100306,70.0,70.0,80.0,80.0,70.0,70.0,70.0,77.65827,77.65827,77.65827
201322W,2013100309,70.0,75.0,80.0,83.0,70.0,70.0,70.0,86.47681,86.47681,86.47681
201322W,2013100312,70.0,80.0,80.0,85.0,70.0,70.0,70.0,78.99325,78.99325,78.99325
201322W,2013100315,75.0,80.0,80.0,88.0,75.0,75.0,75.0,75.985756,75.985756,75.985756
201322W,2013100318,80.0,80.0,80.0,90.0,80.0,80.0,80.0,79.56369,79.56369,79.56369
201322W,2013100321,80.0,80.0,83.0,90.0,80.0,80.0,80.0,79.68211,79.68211,79.68211
201322W,2013100400,80.0,80.0,85.0,90.0,80.0,80.0,80.0,80.090775,80.090775,80.090775
201322W,2013100403,80.0,83.0,88.0,90.0,80.0,80.0,80.0,93.00773,93.00773,93.00773
201322W,2013100406,80.0,85.0,90.0,90.0,80.0,80.0,80.0,91.49352,91.49352,91.49352
201322W,2013100409,83.0,88.0,90.0,90.0,83.0,83.0,83.0,99.51253,99.51253,99.51253
201322W,2013100412,85.0,90.0,90.0,90.0,85.0,85.0,85.0,100.45727,100.45727,100.45727
201322W,2013100415,88.0,90.0,90.0,88.0,88.0,88.0,88.0,104.15586,104.15586,104.15586
201322W,2013100418,90.0,90.0,90.0,85.0,90.0,90.0,90.0,75.38124,75.38124,75.38124
201322W,2013100421,90.0,90.0,90.0,83.0,90.0,90.0,90.0,84.84028,84.84028,84.84028
201322W,2013100500,90.0,90.0,90.0,80.0,90.0,90.0,90.0,91.03114,91.03114,91.03114
201322W,2013100503,90.0,90.0,88.0,80.0,90.0,90.0,90.0,85.35956,85.35956,85.35956
201322W,2013100506,90.0,90.0,85.0,80.0,90.0,90.0,90.0,85.4443,85.4443,85.4443
201322W,2013100509,90.0,88.0,83.0,78.0,90.0,90.0,90.0,81.78277,81.78277,81.78277
201322W,2013100512,90.0,85.0,80.0,75.0,90.0,90.0,90.0,90.5095,90.5095,90.5095
201322W,2013100515,88.0,83.0,80.0,65.0,88.0,88.0,88.0,84.13447,84.13447,84.13447
201322W,2013100518,85.0,80.0,80.0,55.0,85.0,85.0,85.0,73.27283,73.27283,73.27283
201322W,2013100521,83.0,80.0,78.0,43.0,83.0,83.0,83.0,84.37101,84.37101,84.37101
201322W,2013100600,80.0,80.0,75.0,30.0,80.0,80.0,80.0,73.709785,73.709785,73.709785
201330W,2013110200,20.0,20.0,25.0,25.0,20.0,20.0,20.0,24.90221,24.90221,24.90221
201330W,2013110203,20.0,23.0,25.0,25.0,20.0,20.0,20.0,29.638067,29.638067,29.638067
201330W,2013110206,20.0,25.0,25.0,25.0,20.0,20.0,20.0,29.031515,29.031515,29.031515
201330W,2013110209,23.0,25.0,25.0,28.0,23.0,23.0,23.0,37.982853,37.982853,37.982853
201330W,2013110212,25.0,25.0,25.0,30.0,25.0,25.0,25.0,32.94419,32.94419,32.94419
201330W,2013110215,25.0,25.0,25.0,30.0,25.0,25.0,25.0,38.662373,38.662373,38.662373
201330W,2013110218,25.0,25.0,25.0,30.0,25.0,25.0,25.0,28.645634,28.645634,28.645634
201330W,2013110221,25.0,25.0,28.0,30.0,25.0,25.0,25.0,33.654556,33.654556,33.654556
201330W,2013110300,25.0,25.0,30.0,30.0,25.0,25.0,25.0,21.84195,21.84195,21.84195
201330W,2013110303,25.0,28.0,30.0,30.0,25.0,25.0,25.0,39.306034,39.306034,39.306034
201330W,2013110306,25.0,30.0,30.0,30.0,25.0,25.0,25.0,34.719322,34.719322,34.719322
201330W,2013110309,28.0,30.0,30.0,28.0,28.0,28.0,28.0,29.758654,29.758654,29.758654
201330W,2013110312,30.0,30.0,30.0,25.0,30.0,30.0,30.0,28.947262,28.947262,28.947262
201330W,2013110315,30.0,30.0,30.0,28.0,30.0,30.0,30.0,27.923937,27.923937,27.923937
201330W,2013110318,30.0,30.0,30.0,30.0,30.0,30.0,30.0,28.057417,28.057417,28.057417
201330W,2013110321,30.0,30.0,28.0,30.0,30.0,30.0,30.0,21.077187,21.077187,21.077187
201330W,2013110400,30.0,30.0,25.0,30.0,30.0,30.0,30.0,24.580189,24.580189,24.580189
201330W,2013110403,30.0,28.0,28.0,33.0,30.0,30.0,30.0,23.588633,23.588633,23.588633
201330W,2013110406,30.0,25.0,30.0,35.0,30.0,30.0,30.0,19.367956,19.367956,19.367956
201330W,2013110409,28.0,28.0,30.0,35.0,28.0,28.0,28.0,19.524685,19.524685,19.524685
201330W,2013110412,25.0,30.0,30.0,35.0,25.0,25.0,25.0,23.42764,23.42764,23.42764
201330W,2013110415,28.0,30.0,33.0,33.0,28.0,28.0,28.0,22.167059,22.167059,22.167059
201330W,2013110418,30.0,30.0,35.0,30.0,30.0,30.0,30.0,23.453032,23.453032,23.453032
201330W,2013110421,30.0,33.0,35.0,30.0,30.0,30.0,30.0,30.658064,30.658064,30.658064
201330W,2013110500,30.0,35.0,35.0,30.0,30.0,30.0,30.0,25.914267,25.914267,25.914267
201330W,2013110503,33.0,35.0,33.0,28.0,33.0,33.0,33.0,31.566803,31.566803,31.566803
201330W,2013110506,35.0,35.0,30.0,25.0,35.0,35.0,35.0,22.167234,22.167234,22.167234
201330W,2013110509,35.0,33.0,30.0,25.0,35.0,35.0,35.0,22.736773,22.736773,22.736773
201330W,2013110512,35.0,30.0,30.0,25.0,35.0,35.0,35.0,27.987556,27.987556,27.987556
201330W,2013110515,33.0,30.0,28.0,25.0,33.0,33.0,33.0,25.830063,25.830063,25.830063
201330W,2013110518,30.0,30.0,25.0,25.0,30.0,30.0,30.0,27.592611,27.592611,27.592611
201330W,2013110521,30.0,28.0,25.0,23.0,30.0,30.0,30.0,30.03923,30.03923,30.03923
201330W,2013110600,30.0,25.0,25.0,20.0,30.0,30.0,30.0,24.377234,24.377234,24.377234
201330W,2013110603,28.0,25.0,25.0,20.0,28.0,28.0,28.0,28.443375,28.443375,28.443375
201330W,2013110606,25.0,25.0,25.0,20.0,25.0,25.0,25.0,30.506523,30.506523,30.506523
201330W,2013110609,25.0,25.0,23.0,23.0,25.0,25.0,25.0,25.518906,25.518906,25.518906
201330W,2013110612,25.0,25.0,20.0,25.0,25.0,25.0,25.0,25.386185,25.386185,25.386185
201330W,2013110615,25.0,23.0,20.0,28.0,25.0,25.0,25.0,27.640423,27.640423,27.640423
201330W,2013110618,25.0,20.0,20.0,30.0,25.0,25.0,25.0,33.3853,33.3853,33.3853
201330W,2013110621,23.0,20.0,23.0,30.0,23.0,23.0,23.0,28.7251,28.7251,28.7251
201330W,2013110700,20.0,20.0,25.0,30.0,20.0,20.0,20.0,25.25027,25.25027,25.25027
201330W,2013110703,20.0,23.0,28.0,28.0,20.0,20.0,20.0,30.428814,30.428814,30.428814
201330W,2013110706,20.0,25.0,30.0,25.0,20.0,20.0,20.0,33.766354,33.766354,33.766354
201330W,2013110709,23.0,28.0,30.0,23.0,23.0,23.0,23.0,31.061129,31.061129,31.061129
201330W,2013110712,25.0,30.0,30.0,20.0,25.0,25.0,25.0,39.337917,39.337917,39.337917
201330W,2013110715,28.0,30.0,28.0,20.0,28.0,28.0,28.0,38.762043,38.762043,38.762043
201330W,2013110718,30.0,30.0,25.0,20.0,30.0,30.0,30.0,34.120953,34.120953,34.120953
201330W,2013110721,30.0,28.0,23.0,20.0,30.0,30.0,30.0,29.948702,29.948702,29.948702
201330W,2013110800,30.0,25.0,20.0,20.0,30.0,30.0,30.0,30.473663,30.473663,30.473663
201330W,2013110803,28.0,23.0,20.0,23.0,28.0,28.0,28.0,30.49941,30.49941,30.49941
201330W,2013110806,25.0,20.0,20.0,25.0,25.0,25.0,25.0,28.865988,28.865988,28.865988
201330W,2013110809,23.0,20.0,20.0,25.0,23.0,23.0,23.0,31.987274,31.987274,31.987274
201330W,2013110812,20.0,20.0,20.0,25.0,20.0,20.0,20.0,37.202698,37.202698,37.202698
201330W,2013110815,20.0,20.0,23.0,25.0,20.0,20.0,20.0,28.270287,28.270287,28.270287
201330W,2013110818,20.0,20.0,25.0,25.0,20.0,20.0,20.0,28.975733,28.975733,28.975733
201330W,2013110821,20.0,23.0,25.0,25.0,20.0,20.0,20.0,23.718367,23.718367,23.718367
201330W,2013110900,20.0,25.0,25.0,25.0,20.0,20.0,20.0,25.29636,25.29636,25.29636
201330W,2013110903,23.0,25.0,25.0,25.0,23.0,23.0,23.0,27.274572,27.274572,27.274572
201330W,2013110906,25.0,25.0,25.0,25.0,25.0,25.0,25.0,30.053108,30.053108,30.053108
201330W,2013110909,25.0,25.0,25.0,25.0,25.0,25.0,25.0,24.327927,24.327927,24.327927
201330W,2013110912,25.0,25.0,25.0,25.0,25.0,25.0,25.0,28.79218,28.79218,28.79218
201330W,2013110915,25.0,25.0,25.0,25.0,25.0,25.0,25.0,28.682713,28.682713,28.682713
201330W,2013110918,25.0,25.0,25.0,25.0,25.0,25.0,25.0,27.422728,27.422728,27.422728
201330W,2013110921,25.0,25.0,25.0,25.0,25.0,25.0,25.0,26.2644,26.2644,26.2644
201330W,2013111000,25.0,25.0,25.0,25.0,25.0,25.0,25.0,23.88714,23.88714,23.88714
201330W,2013111003,25.0,25.0,25.0,25.0,25.0,25.0,25.0,22.91079,22.91079,22.91079
201330W,2013111006,25.0,25.0,25.0,25.0,25.0,25.0,25.0,21.642466,21.642466,21.642466
201330W,2013111009,25.0,25.0,25.0,25.0,25.0,25.0,25.0,22.237247,22.237247,22.237247
201330W,2013111012,25.0,25.0,25.0,25.0,25.0,25.0,25.0,27.916533,27.916533,27.916533
201330W,2013111015,25.0,25.0,25.0,23.0,25.0,25.0,25.0,27.384441,27.384441,27.384441
201330W,2013111018,25.0,25.0,25.0,20.0,25.0,25.0,25.0,32.012863,32.012863,32.012863
201330W,2013111021,25.0,25.0,25.0,20.0,25.0,25.0,25.0,35.45561,35.45561,35.45561
201330W,2013111100,25.0,25.0,25.0,20.0,25.0,25.0,25.0,31.374203,31.374203,31.374203
201330W,2013111103,25.0,25.0,23.0,23.0,25.0,25.0,25.0,32.617462,32.617462,32.617462
201330W,2013111106,25.0,25.0,20.0,25.0,25.0,25.0,25.0,28.59094,28.59094,28.59094
201330W,2013111109,25.0,23.0,20.0,25.0,25.0,25.0,25.0,28.3749,28.3749,28.3749
201330W,2013111112,25.0,20.0,20.0,25.0,25.0,25.0,25.0,30.716225,30.716225,30.716225
201330W,2013111115,23.0,20.0,23.0,25.0,23.0,23.0,23.0,22.965658,22.965658,22.965658
201330W,2013111118,20.0,20.0,25.0,25.0,20.0,20.0,20.0,24.786802,24.786802,24.786802
201330W,2013111121,20.0,23.0,25.0,25.0,20.0,20.0,20.0,26.1584,26.1584,26.1584
201330W,2013111200,20.0,25.0,25.0,25.0,20.0,20.0,20.0,24.898127,24.898127,24.898127
201330W,2013111203,23.0,25.0,25.0,25.0,23.0,23.0,23.0,25.866724,25.866724,25.866724
201330W,2013111206,25.0,25.0,25.0,25.0,25.0,25.0,25.0,26.022455,26.022455,26.022455
201330W,2013111209,25.0,25.0,25.0,28.0,25.0,25.0,25.0,28.700592,28.700592,28.700592
201330W,2013111212,25.0,25.0,25.0,30.0,25.0,25.0,25.0,34.798374,34.798374,34.798374
201330W,2013111215,25.0,25.0,25.0,30.0,25.0,25.0,25.0,28.526592,28.526592,28.526592
201330W,2013111218,25.0,25.0,25.0,30.0,25.0,25.0,25.0,32.625072,32.625072,32.625072
201330W,2013111221,25.0,25.0,28.0,30.0,25.0,25.0,25.0,30.909145,30.909145,30.909145
201330W,2013111300,25.0,25.0,30.0,30.0,25.0,25.0,25.0,28.30373,28.30373,28.30373
201330W,2013111303,25.0,28.0,30.0,30.0,25.0,25.0,25.0,30.272331,30.272331,30.272331
201330W,2013111306,25.0,30.0,30.0,30.0,25.0,25.0,25.0,29.518433,29.518433,29.518433
201330W,2013111309,28.0,30.0,30.0,30.0,28.0,28.0,28.0,28.43078,28.43078,28.43078
201330W,2013111312,30.0,30.0,30.0,30.0,30.0,30.0,30.0,28.895573,28.895573,28.895573
201330W,2013111315,30.0,30.0,30.0,30.0,30.0,30.0,30.0,27.440891,27.440891,27.440891
201330W,2013111318,30.0,30.0,30.0,30.0,30.0,30.0,30.0,26.472258,26.472258,26.472258
201330W,2013111321,30.0,30.0,30.0,30.0,30.0,30.0,30.0,27.7015,27.7015,27.7015
201330W,2013111400,30.0,30.0,30.0,30.0,30.0,30.0,30.0,30.044804,30.044804,30.044804
201330W,2013111403,30.0,30.0,30.0,30.0,30.0,30.0,30.0,27.676153,27.676153,27.676153
201330W,2013111406,30.0,30.0,30.0,30.0,30.0,30.0,30.0,31.056759,31.056759,31.056759
201330W,2013111409,30.0,30.0,30.0,30.0,30.0,30.0,30.0,24.103685,24.103685,24.103685
201330W,2013111412,30.0,30.0,30.0,30.0,30.0,30.0,30.0,27.569744,27.569744,27.569744
201330W,2013111415,30.0,30.0,30.0,33.0,30.0,30.0,30.0,28.145578,28.145578,28.145578
201330W,2013111418,30.0,30.0,30.0,35.0,30.0,30.0,30.0,32.935944,32.935944,32.935944
201330W,2013111421,30.0,30.0,30.0,33.0,30.0,30.0,30.0,24.77761,24.77761,24.77761
201330W,2013111500,30.0,30.0,30.0,30.0,30.0,30.0,30.0,25.816921,25.816921,25.816921
201330W,2013111503,30.0,30.0,33.0,30.0,30.0,30.0,30.0,23.847088,23.847088,23.847088
201330W,2013111506,30.0,30.0,35.0,30.0,30.0,30.0,30.0,29.95445,29.95445,29.95445
201330W,2013111509,30.0,33.0,33.0,28.0,30.0,30.0,30.0,32.35884,32.35884,32.35884
201330W,2013111512,30.0,35.0,30.0,25.0,30.0,30.0,30.0,30.525875,30.525875,30.525875
201330W,2013111515,33.0,33.0,30.0,23.0,33.0,33.0,33.0,35.49328,35.49328,35.49328
201330W,2013111518,35.0,30.0,30.0,20.0,35.0,35.0,35.0,34.84262,34.84262,34.84262
201330W,2013111521,33.0,30.0,28.0,20.0,33.0,33.0,33.0,29.632025,29.632025,29.632025
201330W,2013111600,30.0,30.0,25.0,20.0,30.0,30.0,30.0,27.518509,27.518509,27.518509
201330W,2013111603,30.0,28.0,23.0,18.0,30.0,30.0,30.0,29.275017,29.275017,29.275017
201330W,2013111606,30.0,25.0,20.0,15.0,30.0,30.0,30.0,25.830196,25.830196,25.830196
201330W,2013111609,28.0,23.0,20.0,18.0,28.0,28.0,28.0,28.159758,28.159758,28.159758
201330W,2013111612,25.0,20.0,20.0,20.0,25.0,25.0,25.0,27.363155,27.363155,27.363155
201330W,2013111615,23.0,20.0,18.0,20.0,23.0,23.0,23.0,25.244812,25.244812,25.244812
201330W,2013111618,20.0,20.0,15.0,20.0,20.0,20.0,20.0,23.889519,23.889519,23.889519
201330W,2013111621,20.0,18.0,18.0,20.0,20.0,20.0,20.0,24.525045,24.525045,24.525045
201330W,2013111700,20.0,15.0,20.0,20.0,20.0,20.0,20.0,23.558153,23.558153,23.558153
201330W,2013111703,18.0,18.0,20.0,20.0,18.0,18.0,18.0,19.847086,19.847086,19.847086
201330W,2013111706,15.0,20.0,20.0,20.0,15.0,15.0,15.0,19.742386,19.742386,19.742386
201330W,2013111709,18.0,20.0,20.0,20.0,18.0,18.0,18.0,19.517612,19.517612,19.517612
201330W,2013111712,20.0,20.0,20.0,20.0,20.0,20.0,20.0,19.39981,19.39981,19.39981
201330W,2013111715,20.0,20.0,20.0,20.0,20.0,20.0,20.0,20.1109,20.1109,20.1109
201330W,2013111718,20.0,20.0,20.0,20.0,20.0,20.0,20.0,20.792887,20.792887,20.792887
201330W,2013111721,20.0,20.0,20.0,20.0,20.0,20.0,20.0,21.852978,21.852978,21.852978
201330W,2013111800,20.0,20.0,20.0,20.0,20.0,20.0,20.0,21.444601,21.444601,21.444601
201330W,2013111803,20.0,20.0,20.0,20.0,20.0,20.0,20.0,21.188597,21.188597,21.188597
201330W,2013111806,20.0,20.0,20.0,20.0,20.0,20.0,20.0,21.230665,21.230665,21.230665
201330W,2013111809,20.0,20.0,20.0,20.0,20.0,20.0,20.0,23.175377,23.175377,23.175377
201330W,2013111812,20.0,20.0,20.0,20.0,20.0,20.0,20.0,24.495966,24.495966,24.495966
201330W,2013111815,20.0,20.0,20.0,20.0,20.0,20.0,20.0,22.068539,22.068539,22.068539
201330W,2013111818,20.0,20.0,20.0,20.0,20.0,20.0,20.0,24.316101,24.316101,24.316101
201330W,2013111821,20.0,20.0,20.0,20.0,20.0,20.0,20.0,23.64141,23.64141,23.64141
201330W,2013111900,20.0,20.0,20.0,20.0,20.0,20.0,20.0,21.239052,21.239052,21.239052
201330W,2013111903,20.0,20.0,20.0,20.0,20.0,20.0,20.0,21.621077,21.621077,21.621077
201330W,2013111906,20.0,20.0,20.0,20.0,20.0,20.0,20.0,22.59999,22.59999,22.59999
201330W,2013111909,20.0,20.0,20.0,20.0,20.0,20.0,20.0,23.992094,23.992094,23.992094
201330W,2013111912,20.0,20.0,20.0,20.0,20.0,20.0,20.0,28.842434,28.842434,28.842434
201330W,2013111915,20.0,20.0,20.0,20.0,20.0,20.0,20.0,22.902714,22.902714,22.902714
201330W,2013111918,20.0,20.0,20.0,20.0,20.0,20.0,20.0,26.84765,26.84765,26.84765
201330W,2013111921,20.0,20.0,20.0,20.0,20.0,20.0,20.0,28.611187,28.611187,28.611187
201330W,2013112000,20.0,20.0,20.0,20.0,20.0,20.0,20.0,22.043324,22.043324,22.043324
201332W,2013111206,15.0,15.0,20.0,20.0,15.0,15.0,15.0,21.10363,21.10363,21.10363
201332W,2013111209,15.0,18.0,20.0,23.0,15.0,15.0,15.0,23.029522,23.029522,23.029522
201332W,2013111212,15.0,20.0,20.0,25.0,15.0,15.0,15.0,27.07524,27.07524,27.07524
201332W,2013111215,18.0,20.0,20.0,25.0,18.0,18.0,18.0,23.033012,23.033012,23.033012
201332W,2013111218,20.0,20.0,20.0,25.0,20.0,20.0,20.0,23.775278,23.775278,23.775278
201332W,2013111221,20.0,20.0,23.0,25.0,20.0,20.0,20.0,32.457836,32.457836,32.457836
201332W,2013111300,20.0,20.0,25.0,25.0,20.0,20.0,20.0,25.955105,25.955105,25.955105
201332W,2013111303,20.0,23.0,25.0,25.0,20.0,20.0,20.0,27.980644,27.980644,27.980644
201332W,2013111306,20.0,25.0,25.0,25.0,20.0,20.0,20.0,29.94148,29.94148,29.94148
201332W,2013111309,23.0,25.0,25.0,28.0,23.0,23.0,23.0,25.0816,25.0816,25.0816
201332W,2013111312,25.0,25.0,25.0,30.0,25.0,25.0,25.0,26.539524,26.539524,26.539524
201332W,2013111315,25.0,25.0,25.0,28.0,25.0,25.0,25.0,28.369953,28.369953,28.369953
201332W,2013111318,25.0,25.0,25.0,25.0,25.0,25.0,25.0,30.393032,30.393032,30.393032
201332W,2013111321,25.0,25.0,28.0,25.0,25.0,25.0,25.0,34.29263,34.29263,34.29263
201332W,2013111400,25.0,25.0,30.0,25.0,25.0,25.0,25.0,28.288685,28.288685,28.288685
201332W,2013111403,25.0,28.0,28.0,23.0,25.0,25.0,25.0,26.638994,26.638994,26.638994
201332W,2013111406,25.0,30.0,25.0,20.0,25.0,25.0,25.0,28.408733,28.408733,28.408733
201333W,2013120312,30.0,30.0,25.0,20.0,30.0,30.0,30.0,41.762417,41.762417,41.762417
201401S,2013102406,20.0,20.0,20.0,25.0,20.0,20.0,20.0,23.657108,23.657108,23.657108
201401S,2013102409,20.0,20.0,23.0,25.0,20.0,20.0,20.0,25.452333,25.452333,25.452333
201401S,2013102412,20.0,20.0,25.0,25.0,20.0,20.0,20.0,26.451006,26.451006,26.451006
201401S,2013102415,20.0,23.0,25.0,28.0,20.0,20.0,20.0,24.251625,24.251625,24.251625
201401S,2013102418,20.0,25.0,25.0,30.0,20.0,20.0,20.0,27.802675,27.802675,27.802675
201401S,2013102421,23.0,25.0,25.0,30.0,23.0,23.0,23.0,23.415684,23.415684,23.415684
201401S,2013102500,25.0,25.0,25.0,30.0,25.0,25.0,25.0,27.220234,27.220234,27.220234
201401S,2013102503,25.0,25.0,28.0,30.0,25.0,25.0,25.0,26.658451,26.658451,26.658451
201401S,2013102506,25.0,25.0,30.0,30.0,25.0,25.0,25.0,26.075058,26.075058,26.075058
201401S,2013102509,25.0,28.0,30.0,33.0,25.0,25.0,25.0,25.504118,25.504118,25.504118
201401S,2013102512,25.0,30.0,30.0,35.0,25.0,25.0,25.0,28.148634,28.148634,28.148634
201401S,2013102515,28.0,30.0,30.0,35.0,28.0,28.0,28.0,28.287552,28.287552,28.287552
201401S,2013102518,30.0,30.0,30.0,35.0,30.0,30.0,30.0,30.387402,30.387402,30.387402
201401S,2013102521,30.0,30.0,33.0,38.0,30.0,30.0,30.0,29.174156,29.174156,29.174156
201401S,2013102600,30.0,30.0,35.0,40.0,30.0,30.0,30.0,27.152117,27.152117,27.152117
201401S,2013102603,30.0,33.0,35.0,38.0,30.0,30.0,30.0,25.816692,25.816692,25.816692
201401S,2013102606,30.0,35.0,35.0,35.0,30.0,30.0,30.0,24.980663,24.980663,24.980663
201401S,2013102609,33.0,35.0,38.0,33.0,33.0,33.0,33.0,28.424995,28.424995,28.424995
201401S,2013102612,35.0,35.0,40.0,30.0,35.0,35.0,35.0,29.87028,29.87028,29.87028
201401S,2013102615,35.0,38.0,38.0,28.0,35.0,35.0,35.0,32.05044,32.05044,32.05044
201401S,2013102618,35.0,40.0,35.0,25.0,35.0,35.0,35.0,36.559177,36.559177,36.559177
201401S,2013102621,38.0,38.0,33.0,25.0,38.0,38.0,38.0,34.52906,34.52906,34.52906
201401S,2013102700,40.0,35.0,30.0,25.0,40.0,40.0,40.0,33.75787,33.75787,33.75787
201401S,2013102703,38.0,33.0,28.0,25.0,38.0,38.0,38.0,37.404816,37.404816,37.404816
201401S,2013102706,35.0,30.0,25.0,25.0,35.0,35.0,35.0,31.291265,31.291265,31.291265
201401S,2013102709,33.0,28.0,25.0,23.0,33.0,33.0,33.0,28.018747,28.018747,28.018747
201401S,2013102712,30.0,25.0,25.0,20.0,30.0,30.0,30.0,28.521574,28.521574,28.521574
201401S,2013102715,28.0,25.0,25.0,20.0,28.0,28.0,28.0,28.066303,28.066303,28.066303
201401S,2013102718,25.0,25.0,25.0,20.0,25.0,25.0,25.0,27.068745,27.068745,27.068745
201401S,2013102721,25.0,25.0,23.0,20.0,25.0,25.0,25.0,27.96973,27.96973,27.96973
201401S,2013102800,25.0,25.0,20.0,20.0,25.0,25.0,25.0,25.197681,25.197681,25.197681
201401S,2013102803,25.0,23.0,20.0,20.0,25.0,25.0,25.0,24.209255,24.209255,24.209255
201401S,2013102806,25.0,20.0,20.0,20.0,25.0,25.0,25.0,29.692226,29.692226,29.692226
201401S,2013102809,23.0,20.0,20.0,20.0,23.0,23.0,23.0,25.833582,25.833582,25.833582
201401S,2013102812,20.0,20.0,20.0,20.0,20.0,20.0,20.0,22.61853,22.61853,22.61853
201401S,2013102815,20.0,20.0,20.0,20.0,20.0,20.0,20.0,22.850487,22.850487,22.850487
201401S,2013102818,20.0,20.0,20.0,20.0,20.0,20.0,20.0,23.87237,23.87237,23.87237
201404S,2013121706,25.0,30.0,35.0,50.0,25.0,25.0,25.0,30.035408,30.035408,30.035408
201404S,2013121709,28.0,33.0,40.0,55.0,28.0,28.0,28.0,33.893723,33.893723,33.893723
201404S,2013121712,30.0,35.0,45.0,60.0,30.0,30.0,30.0,38.86603,38.86603,38.86603
201404S,2013121715,33.0,40.0,48.0,60.0,33.0,33.0,33.0,31.222368,31.222368,31.222368
201404S,2013121718,35.0,45.0,50.0,60.0,35.0,35.0,35.0,38.709496,38.709496,38.709496
201404S,2013121721,40.0,48.0,55.0,65.0,40.0,40.0,40.0,41.499344,41.499344,41.499344
201404S,2013121800,45.0,50.0,60.0,70.0,45.0,45.0,45.0,35.145775,35.145775,35.145775
201404S,2013121803,48.0,55.0,60.0,75.0,48.0,48.0,48.0,36.8647,36.8647,36.8647
201404S,2013121806,50.0,60.0,60.0,80.0,50.0,50.0,50.0,50.906006,50.906006,50.906006
201404S,2013121809,55.0,60.0,65.0,88.0,55.0,55.0,55.0,48.15469,48.15469,48.15469
201404S,2013121812,60.0,60.0,70.0,95.0,60.0,60.0,60.0,46.22298,46.22298,46.22298
201404S,2013121815,60.0,65.0,75.0,98.0,60.0,60.0,60.0,52.86535,52.86535,52.86535
201404S,2013121818,60.0,70.0,80.0,100.0,60.0,60.0,60.0,76.59245,76.59245,76.59245
201404S,2013121821,65.0,75.0,88.0,103.0,65.0,65.0,65.0,54.01071,54.01071,54.01071
201404S,2013121900,70.0,80.0,95.0,105.0,70.0,70.0,70.0,63.038296,63.038296,63.038296
201404S,2013121903,75.0,88.0,98.0,115.0,75.0,75.0,75.0,87.85799,87.85799,87.85799
201404S,2013121906,80.0,95.0,100.0,125.0,80.0,80.0,80.0,56.045124,56.045124,56.045124
201404S,2013121909,88.0,98.0,103.0,125.0,88.0,88.0,88.0,81.27022,81.27022,81.27022
201404S,2013121912,95.0,100.0,105.0,125.0,95.0,95.0,95.0,78.40931,78.40931,78.40931
201404S,2013121915,98.0,103.0,115.0,128.0,98.0,98.0,98.0,93.21557,93.21557,93.21557
201404S,2013121918,100.0,105.0,125.0,130.0,100.0,100.0,100.0,91.67704,91.67704,91.67704
201404S,2013121921,103.0,115.0,125.0,135.0,103.0,103.0,103.0,106.63585,106.63585,106.63585
201404S,2013122000,105.0,125.0,125.0,140.0,105.0,105.0,105.0,103.88328,103.88328,103.88328
201404S,2013122003,115.0,125.0,128.0,140.0,115.0,115.0,115.0,108.752846,108.752846,108.752846
201404S,2013122006,125.0,125.0,130.0,140.0,125.0,125.0,125.0,111.22558,111.22558,111.22558
201404S,2013122009,125.0,128.0,135.0,138.0,125.0,125.0,125.0,110.05404,110.05404,110.05404
201404S,2013122012,125.0,130.0,140.0,135.0,125.0,125.0,125.0,102.15096,102.15096,102.15096
201404S,2013122015,128.0,135.0,140.0,138.0,128.0,128.0,128.0,108.18334,108.18334,108.18334
201404S,2013122018,130.0,140.0,140.0,140.0,130.0,130.0,130.0,121.80129,121.80129,121.80129
201404S,2013122021,135.0,140.0,138.0,140.0,135.0,135.0,135.0,106.49019,106.49019,106.49019
201404S,2013122100,140.0,140.0,135.0,140.0,140.0,140.0,140.0,116.18995,116.18995,116.18995
201404S,2013122103,140.0,138.0,138.0,138.0,140.0,140.0,140.0,114.52701,114.52701,114.52701
201404S,2013122106,140.0,135.0,140.0,135.0,140.0,140.0,140.0,103.62098,103.62098,103.62098
201404S,2013122109,138.0,138.0,140.0,125.0,138.0,138.0,138.0,113.04012,113.04012,113.04012
201404S,2013122112,135.0,140.0,140.0,115.0,135.0,135.0,135.0,111.56361,111.56361,111.56361
201404S,2013122115,138.0,140.0,138.0,113.0,138.0,138.0,138.0,111.99228,111.99228,111.99228
201404S,2013122118,140.0,140.0,135.0,110.0,140.0,140.0,140.0,123.15045,123.15045,123.15045
201404S,2013122121,140.0,138.0,125.0,110.0,140.0,140.0,140.0,119.41068,119.41068,119.41068
201404S,2013122200,140.0,135.0,115.0,110.0,140.0,140.0,140.0,113.85854,113.85854,113.85854
201404S,2013122203,138.0,125.0,113.0,108.0,138.0,138.0,138.0,116.15736,116.15736,116.15736
201404S,2013122206,135.0,115.0,110.0,105.0,135.0,135.0,135.0,96.926674,96.926674,96.926674
201404S,2013122209,125.0,113.0,110.0,98.0,125.0,125.0,125.0,99.61208,99.61208,99.61208
201404S,2013122212,115.0,110.0,110.0,90.0,115.0,115.0,115.0,90.758385,90.758385,90.758385
201404S,2013122215,113.0,110.0,108.0,83.0,113.0,113.0,113.0,98.22423,98.22423,98.22423
201404S,2013122218,110.0,110.0,105.0,75.0,110.0,110.0,110.0,104.936104,104.936104,104.936104
201404S,2013122221,110.0,108.0,98.0,68.0,110.0,110.0,110.0,103.45535,103.45535,103.45535
201404S,2013122300,110.0,105.0,90.0,60.0,110.0,110.0,110.0,99.64913,99.64913,99.64913
201404S,2013122303,108.0,98.0,83.0,58.0,108.0,108.0,108.0,98.809814,98.809814,98.809814
201404S,2013122306,105.0,90.0,75.0,55.0,105.0,105.0,105.0,90.86732,90.86732,90.86732
201404S,2013122309,98.0,83.0,68.0,45.0,98.0,98.0,98.0,96.837975,96.837975,96.837975
201404S,2013122312,90.0,75.0,60.0,35.0,90.0,90.0,90.0,88.08076,88.08076,88.08076
201404S,2013122315,83.0,68.0,58.0,35.0,83.0,83.0,83.0,70.663185,70.663185,70.663185
201404S,2013122318,75.0,60.0,55.0,35.0,75.0,75.0,75.0,71.84798,71.84798,71.84798
201404S,2013122321,68.0,58.0,45.0,30.0,68.0,68.0,68.0,54.91144,54.91144,54.91144
201404S,2013122400,60.0,55.0,35.0,25.0,60.0,60.0,60.0,54.576283,54.576283,54.576283
201405W,2014040400,35.0,35.0,35.0,35.0,35.0,35.0,35.0,31.702244,31.702244,31.702244
201405W,2014040403,35.0,35.0,35.0,35.0,35.0,35.0,35.0,23.953247,23.953247,23.953247
201405W,2014040406,35.0,35.0,35.0,35.0,35.0,35.0,35.0,28.518808,28.518808,28.518808
201405W,2014040409,35.0,35.0,35.0,30.0,35.0,35.0,35.0,33.410484,33.410484,33.410484
201405W,2014040412,35.0,35.0,35.0,25.0,35.0,35.0,35.0,31.91766,31.91766,31.91766
201405W,2014040415,35.0,35.0,35.0,23.0,35.0,35.0,35.0,40.689484,40.689484,40.689484
201405W,2014040418,35.0,35.0,35.0,20.0,35.0,35.0,35.0,35.703445,35.703445,35.703445
201406L,2014091106,25.0,30.0,30.0,35.0,25.0,25.0,25.0,28.634901,28.634901,28.634901
201406L,2014091109,28.0,30.0,32.0,38.0,28.0,28.0,28.0,36.719967,36.719967,36.719967
201406L,2014091112,30.0,30.0,35.0,40.0,30.0,30.0,30.0,31.03456,31.03456,31.03456
201406L,2014091115,30.0,32.0,35.0,40.0,30.0,30.0,30.0,40.208706,40.208706,40.208706
201406L,2014091118,30.0,35.0,35.0,40.0,30.0,30.0,30.0,34.04775,34.04775,34.04775
201406L,2014091121,32.0,35.0,38.0,40.0,32.0,32.0,32.0,47.23692,47.23692,47.23692
201406L,2014091200,35.0,35.0,40.0,40.0,35.0,35.0,35.0,40.470108,40.470108,40.470108
201406L,2014091203,35.0,38.0,40.0,42.0,35.0,35.0,35.0,48.523815,48.523815,48.523815
201406L,2014091206,35.0,40.0,40.0,45.0,35.0,35.0,35.0,38.698185,38.698185,38.698185
201406L,2014091209,38.0,40.0,40.0,45.0,38.0,38.0,38.0,35.569336,35.569336,35.569336
201406L,2014091212,40.0,40.0,40.0,45.0,40.0,40.0,40.0,34.78903,34.78903,34.78903
201406L,2014091215,40.0,40.0,42.0,48.0,40.0,40.0,40.0,43.14568,43.14568,43.14568
201406L,2014091218,40.0,40.0,45.0,50.0,40.0,40.0,40.0,49.271446,49.271446,49.271446
201406L,2014091221,40.0,42.0,45.0,52.0,40.0,40.0,40.0,44.43397,44.43397,44.43397
201406L,2014091300,40.0,45.0,45.0,55.0,40.0,40.0,40.0,51.764523,51.764523,51.764523
201406L,2014091303,42.0,45.0,48.0,58.0,42.0,42.0,42.0,48.575954,48.575954,48.575954
201406L,2014091306,45.0,45.0,50.0,60.0,45.0,45.0,45.0,40.791386,40.791386,40.791386
201406L,2014091309,45.0,48.0,52.0,65.0,45.0,45.0,45.0,52.22665,52.22665,52.22665
201406L,2014091312,45.0,50.0,55.0,70.0,45.0,45.0,45.0,39.58265,39.58265,39.58265
201406L,2014091315,48.0,52.0,58.0,72.0,48.0,48.0,48.0,46.42112,46.42112,46.42112
201406L,2014091318,50.0,55.0,60.0,75.0,50.0,50.0,50.0,42.83237,42.83237,42.83237
201406L,2014091321,52.0,58.0,65.0,78.0,52.0,52.0,52.0,46.57417,46.57417,46.57417
201406L,2014091400,55.0,60.0,70.0,80.0,55.0,55.0,55.0,50.477917,50.477917,50.477917
201406L,2014091403,58.0,65.0,72.0,82.0,58.0,58.0,58.0,47.974022,47.974022,47.974022
201406L,2014091406,60.0,70.0,75.0,85.0,60.0,60.0,60.0,44.760017,44.760017,44.760017
201406L,2014091409,65.0,72.0,78.0,88.0,65.0,65.0,65.0,51.022823,51.022823,51.022823
201406L,2014091412,70.0,75.0,80.0,90.0,70.0,70.0,70.0,62.67253,62.67253,62.67253
201406L,2014091415,72.0,78.0,82.0,92.0,72.0,72.0,72.0,51.15236,51.15236,51.15236
201406L,2014091418,75.0,80.0,85.0,95.0,75.0,75.0,75.0,69.97321,69.97321,69.97321
201406L,2014091421,78.0,82.0,88.0,95.0,78.0,78.0,78.0,86.967674,86.967674,86.967674
201406L,2014091500,80.0,85.0,90.0,95.0,80.0,80.0,80.0,92.409134,92.409134,92.409134
201406L,2014091503,82.0,88.0,92.0,98.0,82.0,82.0,82.0,73.98708,73.98708,73.98708
201406L,2014091506,85.0,90.0,95.0,100.0,85.0,85.0,85.0,72.988396,72.988396,72.988396
201406L,2014091509,88.0,92.0,95.0,102.0,88.0,88.0,88.0,82.70762,82.70762,82.70762
201406L,2014091512,90.0,95.0,95.0,105.0,90.0,90.0,90.0,77.040726,77.040726,77.040726
201406L,2014091515,92.0,95.0,98.0,100.0,92.0,92.0,92.0,72.33709,72.33709,72.33709
201406L,2014091518,95.0,95.0,100.0,95.0,95.0,95.0,95.0,73.43701,73.43701,73.43701
201406L,2014091521,95.0,98.0,102.0,90.0,95.0,95.0,95.0,91.33453,91.33453,91.33453
201406L,2014091600,95.0,100.0,105.0,85.0,95.0,95.0,95.0,84.71367,84.71367,84.71367
201406L,2014091603,98.0,102.0,100.0,85.0,98.0,98.0,98.0,103.19942,103.19942,103.19942
201406L,2014091606,100.0,105.0,95.0,85.0,100.0,100.0,100.0,101.17449,101.17449,101.17449
201406L,2014091609,102.0,100.0,90.0,82.0,102.0,102.0,102.0,105.15331,105.15331,105.15331
201406L,2014091612,105.0,95.0,85.0,80.0,105.0,105.0,105.0,99.66583,99.66583,99.66583
201406L,2014091615,100.0,90.0,85.0,80.0,100.0,100.0,100.0,102.22619,102.22619,102.22619
201406L,2014091618,95.0,85.0,85.0,80.0,95.0,95.0,95.0,96.45803,96.45803,96.45803
201406L,2014091621,90.0,85.0,82.0,78.0,90.0,90.0,90.0,89.97233,89.97233,89.97233
201406L,2014091700,85.0,85.0,80.0,75.0,85.0,85.0,85.0,90.18047,90.18047,90.18047
201406L,2014091703,85.0,82.0,80.0,72.0,85.0,85.0,85.0,83.58914,83.58914,83.58914
201406L,2014091706,85.0,80.0,80.0,70.0,85.0,85.0,85.0,84.27373,84.27373,84.27373
201406L,2014091709,82.0,80.0,78.0,70.0,82.0,82.0,82.0,96.02662,96.02662,96.02662
201406L,2014091712,80.0,80.0,75.0,70.0,80.0,80.0,80.0,99.84235,99.84235,99.84235
201406L,2014091715,80.0,78.0,72.0,68.0,80.0,80.0,80.0,95.735016,95.735016,95.735016
201406L,2014091718,80.0,75.0,70.0,65.0,80.0,80.0,80.0,91.13278,91.13278,91.13278
201406L,2014091721,78.0,72.0,70.0,62.0,78.0,78.0,78.0,67.80525,67.80525,67.80525
201406L,2014091800,75.0,70.0,70.0,60.0,75.0,75.0,75.0,63.200787,63.200787,63.200787
201406L,2014091803,72.0,70.0,68.0,58.0,72.0,72.0,72.0,66.21181,66.21181,66.21181
201406L,2014091806,70.0,70.0,65.0,55.0,70.0,70.0,70.0,73.25015,73.25015,73.25015
201406L,2014091809,70.0,68.0,62.0,50.0,70.0,70.0,70.0,62.800636,62.800636,62.800636
201406L,2014091812,70.0,65.0,60.0,45.0,70.0,70.0,70.0,63.860188,63.860188,63.860188
201406L,2014091815,68.0,62.0,58.0,42.0,68.0,68.0,68.0,65.90573,65.90573,65.90573
201406L,2014091818,65.0,60.0,55.0,40.0,65.0,65.0,65.0,61.92451,61.92451,61.92451
201406L,2014091821,62.0,58.0,50.0,38.0,62.0,62.0,62.0,62.283638,62.283638,62.283638
201406L,2014091900,60.0,55.0,45.0,35.0,60.0,60.0,60.0,60.260468,60.260468,60.260468
201406L,2014091903,58.0,50.0,42.0,32.0,58.0,58.0,58.0,59.18279,59.18279,59.18279
201406L,2014091906,55.0,45.0,40.0,30.0,55.0,55.0,55.0,49.309002,49.309002,49.309002
201406L,2014091909,50.0,42.0,38.0,30.0,50.0,50.0,50.0,46.480675,46.480675,46.480675
201406L,2014091912,45.0,40.0,35.0,30.0,45.0,45.0,45.0,35.08934,35.08934,35.08934
201406L,2014091915,42.0,38.0,32.0,28.0,42.0,42.0,42.0,31.11309,31.11309,31.11309
201406L,2014091918,40.0,35.0,30.0,25.0,40.0,40.0,40.0,27.31292,27.31292,27.31292
201406L,2014091921,38.0,32.0,30.0,25.0,38.0,38.0,38.0,28.920094,28.920094,28.920094
201406L,2014092000,35.0,30.0,30.0,25.0,35.0,35.0,35.0,30.39462,30.39462,30.39462
201406L,2014092003,32.0,30.0,28.0,25.0,32.0,32.0,32.0,26.974312,26.974312,26.974312
201406L,2014092006,30.0,30.0,25.0,25.0,30.0,30.0,30.0,28.0852,28.0852,28.0852
201406L,2014092009,30.0,28.0,25.0,25.0,30.0,30.0,30.0,26.516111,26.516111,26.516111
201406L,2014092012,30.0,25.0,25.0,25.0,30.0,30.0,30.0,27.86935,27.86935,27.86935
201406L,2014092015,28.0,25.0,25.0,25.0,28.0,28.0,28.0,26.672283,26.672283,26.672283
201406L,2014092018,25.0,25.0,25.0,25.0,25.0,25.0,25.0,29.224653,29.224653,29.224653
201406L,2014092021,25.0,25.0,25.0,25.0,25.0,25.0,25.0,30.156027,30.156027,30.156027
201406L,2014092100,25.0,25.0,25.0,25.0,25.0,25.0,25.0,24.594078,24.594078,24.594078
201406L,2014092103,25.0,25.0,25.0,25.0,25.0,25.0,25.0,26.778292,26.778292,26.778292
201406L,2014092106,25.0,25.0,25.0,25.0,25.0,25.0,25.0,26.18767,26.18767,26.18767
201406W,2014042706,20.0,30.0,40.0,50.0,20.0,20.0,20.0,38.500412,38.500412,38.500412
201406W,2014042709,25.0,35.0,43.0,53.0,25.0,25.0,25.0,38.99606,38.99606,38.99606
201406W,2014042712,30.0,40.0,45.0,55.0,30.0,30.0,30.0,45.81952,45.81952,45.81952
201406W,2014042715,35.0,43.0,48.0,58.0,35.0,35.0,35.0,48.435055,48.435055,48.435055
201406W,2014042718,40.0,45.0,50.0,60.0,40.0,40.0,40.0,49.50204,49.50204,49.50204
201406W,2014042721,43.0,48.0,53.0,63.0,43.0,43.0,43.0,40.898697,40.898697,40.898697
201406W,2014042800,45.0,50.0,55.0,65.0,45.0,45.0,45.0,37.97241,37.97241,37.97241
201406W,2014042803,48.0,53.0,58.0,68.0,48.0,48.0,48.0,44.69049,44.69049,44.69049
201406W,2014042806,50.0,55.0,60.0,70.0,50.0,50.0,50.0,47.847824,47.847824,47.847824
201406W,2014042809,53.0,58.0,63.0,70.0,53.0,53.0,53.0,41.220383,41.220383,41.220383
201406W,2014042812,55.0,60.0,65.0,70.0,55.0,55.0,55.0,47.649036,47.649036,47.649036
201406W,2014042815,58.0,63.0,68.0,68.0,58.0,58.0,58.0,56.43212,56.43212,56.43212
201406W,2014042818,60.0,65.0,70.0,65.0,60.0,60.0,60.0,47.207714,47.207714,47.207714
201406W,2014042821,63.0,68.0,70.0,65.0,63.0,63.0,63.0,59.122715,59.122715,59.122715
201406W,2014042900,65.0,70.0,70.0,65.0,65.0,65.0,65.0,50.441364,50.441364,50.441364
201406W,2014042903,68.0,70.0,68.0,60.0,68.0,68.0,68.0,67.81305,67.81305,67.81305
201406W,2014042906,70.0,70.0,65.0,55.0,70.0,70.0,70.0,64.860916,64.860916,64.860916
201406W,2014042909,70.0,68.0,65.0,53.0,70.0,70.0,70.0,55.333202,55.333202,55.333202
201406W,2014042912,70.0,65.0,65.0,50.0,70.0,70.0,70.0,44.7953,44.7953,44.7953
201406W,2014042915,68.0,65.0,60.0,48.0,68.0,68.0,68.0,40.934868,40.934868,40.934868
201406W,2014042918,65.0,65.0,55.0,45.0,65.0,65.0,65.0,56.475986,56.475986,56.475986
201406W,2014042921,65.0,60.0,53.0,40.0,65.0,65.0,65.0,56.795567,56.795567,56.795567
201406W,2014043000,65.0,55.0,50.0,35.0,65.0,65.0,65.0,46.47482,46.47482,46.47482
201406W,2014043003,60.0,53.0,48.0,33.0,60.0,60.0,60.0,47.844612,47.844612,47.844612
201406W,2014043006,55.0,50.0,45.0,30.0,55.0,55.0,55.0,43.26225,43.26225,43.26225
201406W,2014043009,53.0,48.0,40.0,30.0,53.0,53.0,53.0,48.38103,48.38103,48.38103
201406W,2014043012,50.0,45.0,35.0,30.0,50.0,50.0,50.0,51.527306,51.527306,51.527306
201406W,2014043015,48.0,40.0,33.0,30.0,48.0,48.0,48.0,50.18373,50.18373,50.18373
201406W,2014043018,45.0,35.0,30.0,30.0,45.0,45.0,45.0,44.498642,44.498642,44.498642
201406W,2014043021,40.0,33.0,30.0,30.0,40.0,40.0,40.0,41.47228,41.47228,41.47228
201406W,2014050100,35.0,30.0,30.0,30.0,35.0,35.0,35.0,29.599434,29.599434,29.599434
201406W,2014050103,33.0,30.0,30.0,30.0,33.0,33.0,33.0,35.030685,35.030685,35.030685
201406W,2014050106,30.0,30.0,30.0,30.0,30.0,30.0,30.0,29.630068,29.630068,29.630068
201410E,2014080212,25.0,25.0,25.0,25.0,25.0,25.0,25.0,26.250315,26.250315,26.250315
201410E,2014080215,25.0,25.0,25.0,25.0,25.0,25.0,25.0,28.873163,28.873163,28.873163
201410E,2014080218,25.0,25.0,25.0,25.0,25.0,25.0,25.0,32.430424,32.430424,32.430424
201410E,2014080221,25.0,25.0,25.0,28.0,25.0,25.0,25.0,31.329771,31.329771,31.329771
201410E,2014080300,25.0,25.0,25.0,30.0,25.0,25.0,25.0,25.3394,25.3394,25.3394
201410E,2014080303,25.0,25.0,25.0,33.0,25.0,25.0,25.0,27.091595,27.091595,27.091595
201410E,2014080306,25.0,25.0,25.0,35.0,25.0,25.0,25.0,31.16327,31.16327,31.16327
201410E,2014080309,25.0,25.0,28.0,38.0,25.0,25.0,25.0,30.130405,30.130405,30.130405
201410E,2014080312,25.0,25.0,30.0,40.0,25.0,25.0,25.0,28.94375,28.94375,28.94375
201410E,2014080315,25.0,28.0,33.0,43.0,25.0,25.0,25.0,28.312744,28.312744,28.312744
201410E,2014080318,25.0,30.0,35.0,45.0,25.0,25.0,25.0,26.035364,26.035364,26.035364
201410E,2014080321,28.0,33.0,38.0,48.0,28.0,28.0,28.0,25.638216,25.638216,25.638216
201410E,2014080400,30.0,35.0,40.0,50.0,30.0,30.0,30.0,26.937012,26.937012,26.937012
201410E,2014080403,33.0,38.0,43.0,50.0,33.0,33.0,33.0,35.750572,35.750572,35.750572
201410E,2014080406,35.0,40.0,45.0,50.0,35.0,35.0,35.0,29.1811,29.1811,29.1811
201410E,2014080409,38.0,43.0,48.0,50.0,38.0,38.0,38.0,33.37178,33.37178,33.37178
201410E,2014080412,40.0,45.0,50.0,50.0,40.0,40.0,40.0,35.589012,35.589012,35.589012
201410E,2014080415,43.0,48.0,50.0,53.0,43.0,43.0,43.0,36.491302,36.491302,36.491302
201410E,2014080418,45.0,50.0,50.0,55.0,45.0,45.0,45.0,38.51554,38.51554,38.51554
201410E,2014080421,48.0,50.0,50.0,58.0,48.0,48.0,48.0,42.21299,42.21299,42.21299
201410E,2014080500,50.0,50.0,50.0,60.0,50.0,50.0,50.0,40.694542,40.694542,40.694542
201410E,2014080503,50.0,50.0,53.0,63.0,50.0,50.0,50.0,39.29849,39.29849,39.29849
201410E,2014080506,50.0,50.0,55.0,65.0,50.0,50.0,50.0,42.01465,42.01465,42.01465
201410E,2014080509,50.0,53.0,58.0,68.0,50.0,50.0,50.0,37.70766,37.70766,37.70766
201410E,2014080512,50.0,55.0,60.0,70.0,50.0,50.0,50.0,33.538376,33.538376,33.538376
201410E,2014080515,53.0,58.0,63.0,73.0,53.0,53.0,53.0,44.598877,44.598877,44.598877
201410E,2014080518,55.0,60.0,65.0,75.0,55.0,55.0,55.0,41.99403,41.99403,41.99403
201410E,2014080521,58.0,63.0,68.0,78.0,58.0,58.0,58.0,49.5289,49.5289,49.5289
201410E,2014080600,60.0,65.0,70.0,80.0,60.0,60.0,60.0,50.02148,50.02148,50.02148
201410E,2014080603,63.0,68.0,73.0,83.0,63.0,63.0,63.0,47.025623,47.025623,47.025623
201410E,2014080606,65.0,70.0,75.0,85.0,65.0,65.0,65.0,53.67336,53.67336,53.67336
201410E,2014080609,68.0,73.0,78.0,88.0,68.0,68.0,68.0,46.526875,46.526875,46.526875
201410E,2014080612,70.0,75.0,80.0,90.0,70.0,70.0,70.0,58.102665,58.102665,58.102665
201410E,2014080615,73.0,78.0,83.0,93.0,73.0,73.0,73.0,56.139885,56.139885,56.139885
201410E,2014080618,75.0,80.0,85.0,95.0,75.0,75.0,75.0,56.098923,56.098923,56.098923
201410E,2014080621,78.0,83.0,88.0,98.0,78.0,78.0,78.0,51.87997,51.87997,51.87997
201410E,2014080700,80.0,85.0,90.0,100.0,80.0,80.0,80.0,65.53132,65.53132,65.53132
201410E,2014080703,83.0,88.0,93.0,103.0,83.0,83.0,83.0,52.65763,52.65763,52.65763
201410E,2014080706,85.0,90.0,95.0,105.0,85.0,85.0,85.0,51.661427,51.661427,51.661427
201410E,2014080709,88.0,93.0,98.0,103.0,88.0,88.0,88.0,64.51385,64.51385,64.51385
201410E,2014080712,90.0,95.0,100.0,100.0,90.0,90.0,90.0,59.519924,59.519924,59.519924
201410E,2014080715,93.0,98.0,103.0,98.0,93.0,93.0,93.0,86.07435,86.07435,86.07435
201410E,2014080718,95.0,100.0,105.0,95.0,95.0,95.0,95.0,78.4319,78.4319,78.4319
201410E,2014080721,98.0,103.0,103.0,93.0,98.0,98.0,98.0,90.20132,90.20132,90.20132
201410E,2014080800,100.0,105.0,100.0,90.0,100.0,100.0,100.0,97.0774,97.0774,97.0774
201410E,2014080803,103.0,103.0,98.0,88.0,103.0,103.0,103.0,82.66549,82.66549,82.66549
201410E,2014080806,105.0,100.0,95.0,85.0,105.0,105.0,105.0,74.573555,74.573555,74.573555
201410E,2014080809,103.0,98.0,93.0,85.0,103.0,103.0,103.0,80.91927,80.91927,80.91927
201410E,2014080812,100.0,95.0,90.0,85.0,100.0,100.0,100.0,67.946526,67.946526,67.946526
201410E,2014080815,98.0,93.0,88.0,85.0,98.0,98.0,98.0,64.53298,64.53298,64.53298
201410E,2014080818,95.0,90.0,85.0,85.0,95.0,95.0,95.0,56.8452,56.8452,56.8452
201410E,2014080821,93.0,88.0,85.0,83.0,93.0,93.0,93.0,55.780453,55.780453,55.780453
201410E,2014080900,90.0,85.0,85.0,80.0,90.0,90.0,90.0,55.84191,55.84191,55.84191
201410E,2014080903,88.0,85.0,85.0,80.0,88.0,88.0,88.0,68.742805,68.742805,68.742805
201410E,2014080906,85.0,85.0,85.0,80.0,85.0,85.0,85.0,63.38249,63.38249,63.38249
201410E,2014080909,85.0,85.0,83.0,80.0,85.0,85.0,85.0,60.969612,60.969612,60.969612
201410E,2014080912,85.0,85.0,80.0,80.0,85.0,85.0,85.0,54.056313,54.056313,54.056313
201410E,2014080915,85.0,83.0,80.0,80.0,85.0,85.0,85.0,67.602844,67.602844,67.602844
201410E,2014080918,85.0,80.0,80.0,80.0,85.0,85.0,85.0,55.221752,55.221752,55.221752
201410E,2014080921,83.0,80.0,80.0,78.0,83.0,83.0,83.0,71.983025,71.983025,71.983025
201410E,2014081000,80.0,80.0,80.0,75.0,80.0,80.0,80.0,66.54709,66.54709,66.54709
201410E,2014081003,80.0,80.0,80.0,73.0,80.0,80.0,80.0,64.84463,64.84463,64.84463
201410E,2014081006,80.0,80.0,80.0,70.0,80.0,80.0,80.0,58.75427,58.75427,58.75427
201410E,2014081009,80.0,80.0,78.0,68.0,80.0,80.0,80.0,61.925232,61.925232,61.925232
201410E,2014081012,80.0,80.0,75.0,65.0,80.0,80.0,80.0,49.769543,49.769543,49.769543
201410E,2014081015,80.0,78.0,73.0,65.0,80.0,80.0,80.0,51.221043,51.221043,51.221043
201410E,2014081018,80.0,75.0,70.0,65.0,80.0,80.0,80.0,60.185272,60.185272,60.185272
201410E,2014081021,78.0,73.0,68.0,63.0,78.0,78.0,78.0,77.25616,77.25616,77.25616
201410E,2014081100,75.0,70.0,65.0,60.0,75.0,75.0,75.0,60.324425,60.324425,60.324425
201410E,2014081103,73.0,68.0,65.0,60.0,73.0,73.0,73.0,50.286736,50.286736,50.286736
201410E,2014081106,70.0,65.0,65.0,60.0,70.0,70.0,70.0,50.76279,50.76279,50.76279
201410E,2014081109,68.0,65.0,63.0,58.0,68.0,68.0,68.0,47.876728,47.876728,47.876728
201410E,2014081112,65.0,65.0,60.0,55.0,65.0,65.0,65.0,51.37593,51.37593,51.37593
201410E,2014081115,65.0,63.0,60.0,55.0,65.0,65.0,65.0,52.141064,52.141064,52.141064
201410E,2014081118,65.0,60.0,60.0,55.0,65.0,65.0,65.0,58.27422,58.27422,58.27422
201410E,2014081121,63.0,60.0,58.0,58.0,63.0,63.0,63.0,56.099083,56.099083,56.099083
201410E,2014081200,60.0,60.0,55.0,60.0,60.0,60.0,60.0,54.67607,54.67607,54.67607
201410E,2014081203,60.0,58.0,55.0,63.0,60.0,60.0,60.0,54.983715,54.983715,54.983715
201410E,2014081206,60.0,55.0,55.0,65.0,60.0,60.0,60.0,49.148968,49.148968,49.148968
201410E,2014081209,58.0,55.0,58.0,65.0,58.0,58.0,58.0,44.7202,44.7202,44.7202
201410E,2014081212,55.0,55.0,60.0,65.0,55.0,55.0,55.0,57.01469,57.01469,57.01469
201410E,2014081215,55.0,58.0,63.0,68.0,55.0,55.0,55.0,48.467346,48.467346,48.467346
201410E,2014081218,55.0,60.0,65.0,70.0,55.0,55.0,55.0,51.827843,51.827843,51.827843
201410E,2014081221,58.0,63.0,65.0,68.0,58.0,58.0,58.0,59.301353,59.301353,59.301353
201410E,2014081300,60.0,65.0,65.0,65.0,60.0,60.0,60.0,54.7347,54.7347,54.7347
201410E,2014081303,63.0,65.0,68.0,63.0,63.0,63.0,63.0,70.87546,70.87546,70.87546
201410E,2014081306,65.0,65.0,70.0,60.0,65.0,65.0,65.0,54.668118,54.668118,54.668118
201410E,2014081309,65.0,68.0,68.0,58.0,65.0,65.0,65.0,51.698765,51.698765,51.698765
201410E,2014081312,65.0,70.0,65.0,55.0,65.0,65.0,65.0,39.708073,39.708073,39.708073
201410E,2014081315,68.0,68.0,63.0,53.0,68.0,68.0,68.0,53.962288,53.962288,53.962288
201410E,2014081318,70.0,65.0,60.0,50.0,70.0,70.0,70.0,48.129753,48.129753,48.129753
201410E,2014081321,68.0,63.0,58.0,48.0,68.0,68.0,68.0,54.285816,54.285816,54.285816
201410E,2014081400,65.0,60.0,55.0,45.0,65.0,65.0,65.0,47.749096,47.749096,47.749096
201410E,2014081403,63.0,58.0,53.0,43.0,63.0,63.0,63.0,37.486855,37.486855,37.486855
201410E,2014081406,60.0,55.0,50.0,40.0,60.0,60.0,60.0,34.015793,34.015793,34.015793
201410E,2014081409,58.0,53.0,48.0,35.0,58.0,58.0,58.0,39.978264,39.978264,39.978264
201410E,2014081412,55.0,50.0,45.0,30.0,55.0,55.0,55.0,38.47679,38.47679,38.47679
201410E,2014081415,53.0,48.0,43.0,30.0,53.0,53.0,53.0,33.78602,33.78602,33.78602
201410E,2014081418,50.0,45.0,40.0,30.0,50.0,50.0,50.0,28.79509,28.79509,28.79509
201410E,2014081421,48.0,43.0,35.0,30.0,48.0,48.0,48.0,31.189016,31.189016,31.189016
201410E,2014081500,45.0,40.0,30.0,30.0,45.0,45.0,45.0,30.187206,30.187206,30.187206
201410E,2014081503,43.0,35.0,30.0,30.0,43.0,43.0,43.0,26.39448,26.39448,26.39448
201410E,2014081506,40.0,30.0,30.0,30.0,40.0,40.0,40.0,23.839102,23.839102,23.839102
201410E,2014081509,35.0,30.0,30.0,30.0,35.0,35.0,35.0,27.54824,27.54824,27.54824
201410E,2014081512,30.0,30.0,30.0,30.0,30.0,30.0,30.0,30.499754,30.499754,30.499754
201410E,2014081515,30.0,30.0,30.0,28.0,30.0,30.0,30.0,26.440104,26.440104,26.440104
201410E,2014081518,30.0,30.0,30.0,25.0,30.0,30.0,30.0,26.51742,26.51742,26.51742
201410E,2014081521,30.0,30.0,30.0,25.0,30.0,30.0,30.0,26.911814,26.911814,26.911814
201410E,2014081600,30.0,30.0,30.0,25.0,30.0,30.0,30.0,25.473879,25.473879,25.473879
201410E,2014081603,30.0,30.0,28.0,25.0,30.0,30.0,30.0,26.979687,26.979687,26.979687
201410E,2014081606,30.0,30.0,25.0,25.0,30.0,30.0,30.0,22.749945,22.749945,22.749945
201410E,2014081609,30.0,28.0,25.0,25.0,30.0,30.0,30.0,26.713995,26.713995,26.713995
201410E,2014081612,30.0,25.0,25.0,25.0,30.0,30.0,30.0,28.311544,28.311544,28.311544
201410E,2014081615,28.0,25.0,25.0,23.0,28.0,28.0,28.0,26.56603,26.56603,26.56603
201410E,2014081618,25.0,25.0,25.0,20.0,25.0,25.0,25.0,27.926895,27.926895,27.926895
201410E,2014081621,25.0,25.0,25.0,20.0,25.0,25.0,25.0,30.80474,30.80474,30.80474
201410E,2014081700,25.0,25.0,25.0,20.0,25.0,25.0,25.0,32.88985,32.88985,32.88985
201410E,2014081703,25.0,25.0,23.0,20.0,25.0,25.0,25.0,30.554075,30.554075,30.554075
201410E,2014081706,25.0,25.0,20.0,20.0,25.0,25.0,25.0,26.218021,26.218021,26.218021
201411S,2014012918,30.0,35.0,45.0,40.0,30.0,30.0,30.0,27.084515,27.084515,27.084515
201411S,2014012921,33.0,40.0,45.0,40.0,33.0,33.0,33.0,30.393158,30.393158,30.393158
201411S,2014013000,35.0,45.0,45.0,40.0,35.0,35.0,35.0,29.045698,29.045698,29.045698
201411S,2014013003,40.0,45.0,43.0,35.0,40.0,40.0,40.0,38.099976,38.099976,38.099976
201411S,2014013006,45.0,45.0,40.0,30.0,45.0,45.0,45.0,33.751392,33.751392,33.751392
201411S,2014013009,45.0,43.0,40.0,25.0,45.0,45.0,45.0,36.981724,36.981724,36.981724
201411S,2014013012,45.0,40.0,40.0,20.0,45.0,45.0,45.0,42.414005,42.414005,42.414005
201411W,2014072812,30.0,35.0,45.0,55.0,30.0,30.0,30.0,35.31752,35.31752,35.31752
201411W,2014072815,33.0,40.0,48.0,55.0,33.0,33.0,33.0,34.49754,34.49754,34.49754
201411W,2014072818,35.0,45.0,50.0,55.0,35.0,35.0,35.0,40.579014,40.579014,40.579014
201411W,2014072821,40.0,48.0,53.0,55.0,40.0,40.0,40.0,29.855595,29.855595,29.855595
201411W,2014072900,45.0,50.0,55.0,55.0,45.0,45.0,45.0,43.603325,43.603325,43.603325
201411W,2014072903,48.0,53.0,55.0,55.0,48.0,48.0,48.0,37.941063,37.941063,37.941063
201411W,2014072906,50.0,55.0,55.0,55.0,50.0,50.0,50.0,40.825035,40.825035,40.825035
201411W,2014072909,53.0,55.0,55.0,55.0,53.0,53.0,53.0,51.170002,51.170002,51.170002
201411W,2014072912,55.0,55.0,55.0,55.0,55.0,55.0,55.0,41.107845,41.107845,41.107845
201411W,2014072915,55.0,55.0,55.0,55.0,55.0,55.0,55.0,63.529713,63.529713,63.529713
201411W,2014072918,55.0,55.0,55.0,55.0,55.0,55.0,55.0,49.44216,49.44216,49.44216
201411W,2014072921,55.0,55.0,55.0,55.0,55.0,55.0,55.0,45.97662,45.97662,45.97662
201411W,2014073000,55.0,55.0,55.0,55.0,55.0,55.0,55.0,36.634975,36.634975,36.634975
201411W,2014073003,55.0,55.0,55.0,55.0,55.0,55.0,55.0,41.951237,41.951237,41.951237
201411W,2014073006,55.0,55.0,55.0,55.0,55.0,55.0,55.0,43.542385,43.542385,43.542385
201411W,2014073009,55.0,55.0,55.0,55.0,55.0,55.0,55.0,42.816753,42.816753,42.816753
201411W,2014073012,55.0,55.0,55.0,55.0,55.0,55.0,55.0,39.681084,39.681084,39.681084
201411W,2014073015,55.0,55.0,55.0,55.0,55.0,55.0,55.0,36.81204,36.81204,36.81204
201411W,2014073018,55.0,55.0,55.0,55.0,55.0,55.0,55.0,34.67432,34.67432,34.67432
201411W,2014073021,55.0,55.0,55.0,55.0,55.0,55.0,55.0,44.719807,44.719807,44.719807
201411W,2014073100,55.0,55.0,55.0,55.0,55.0,55.0,55.0,37.861588,37.861588,37.861588
201411W,2014073103,55.0,55.0,55.0,58.0,55.0,55.0,55.0,33.968063,33.968063,33.968063
201411W,2014073106,55.0,55.0,55.0,60.0,55.0,55.0,55.0,62.548794,62.548794,62.548794
201411W,2014073109,55.0,55.0,55.0,60.0,55.0,55.0,55.0,57.70346,57.70346,57.70346
201411W,2014073112,55.0,55.0,55.0,60.0,55.0,55.0,55.0,70.7018,70.7018,70.7018
201411W,2014073115,55.0,55.0,58.0,68.0,55.0,55.0,55.0,70.5103,70.5103,70.5103
201411W,2014073118,55.0,55.0,60.0,75.0,55.0,55.0,55.0,65.60086,65.60086,65.60086
201411W,2014073121,55.0,58.0,60.0,88.0,55.0,55.0,55.0,57.1723,57.1723,57.1723
201411W,2014080100,55.0,60.0,60.0,100.0,55.0,55.0,55.0,77.67991,77.67991,77.67991
201411W,2014080103,58.0,60.0,68.0,110.0,58.0,58.0,58.0,70.15642,70.15642,70.15642
201411W,2014080106,60.0,60.0,75.0,120.0,60.0,60.0,60.0,79.21547,79.21547,79.21547
201411W,2014080109,60.0,68.0,88.0,130.0,60.0,60.0,60.0,65.42687,65.42687,65.42687
201411W,2014080112,60.0,75.0,100.0,140.0,60.0,60.0,60.0,77.82479,77.82479,77.82479
201411W,2014080115,68.0,88.0,110.0,140.0,68.0,68.0,68.0,94.78334,94.78334,94.78334
201411W,2014080118,75.0,100.0,120.0,140.0,75.0,75.0,75.0,107.75839,107.75839,107.75839
201411W,2014080121,88.0,110.0,130.0,140.0,88.0,88.0,88.0,100.630196,100.630196,100.630196
201411W,2014080200,100.0,120.0,140.0,140.0,100.0,100.0,100.0,110.47711,110.47711,110.47711
201411W,2014080203,110.0,130.0,140.0,138.0,110.0,110.0,110.0,129.84328,129.84328,129.84328
201411W,2014080206,120.0,140.0,140.0,135.0,120.0,120.0,120.0,46.24729,46.24729,46.24729
201411W,2014080209,130.0,140.0,140.0,133.0,130.0,130.0,130.0,125.88268,125.88268,125.88268
201411W,2014080212,140.0,140.0,140.0,130.0,140.0,140.0,140.0,117.38615,117.38615,117.38615
201411W,2014080215,140.0,140.0,138.0,128.0,140.0,140.0,140.0,111.9501,111.9501,111.9501
201411W,2014080218,140.0,140.0,135.0,125.0,140.0,140.0,140.0,123.3331,123.3331,123.3331
201411W,2014080221,140.0,138.0,133.0,120.0,140.0,140.0,140.0,122.95187,122.95187,122.95187
201411W,2014080300,140.0,135.0,130.0,115.0,140.0,140.0,140.0,119.45286,119.45286,119.45286
201411W,2014080303,138.0,133.0,128.0,110.0,138.0,138.0,138.0,124.082726,124.082726,124.082726
201411W,2014080306,135.0,130.0,125.0,105.0,135.0,135.0,135.0,122.78156,122.78156,122.78156
201411W,2014080309,133.0,128.0,120.0,103.0,133.0,133.0,133.0,118.81009,118.81009,118.81009
201411W,2014080312,130.0,125.0,115.0,100.0,130.0,130.0,130.0,111.29661,111.29661,111.29661
201411W,2014080315,128.0,120.0,110.0,98.0,128.0,128.0,128.0,96.02274,96.02274,96.02274
201411W,2014080318,125.0,115.0,105.0,95.0,125.0,125.0,125.0,99.20548,99.20548,99.20548
201411W,2014080321,120.0,110.0,103.0,93.0,120.0,120.0,120.0,96.02819,96.02819,96.02819
201411W,2014080400,115.0,105.0,100.0,90.0,115.0,115.0,115.0,90.58268,90.58268,90.58268
201411W,2014080403,110.0,103.0,98.0,90.0,110.0,110.0,110.0,80.105774,80.105774,80.105774
201411W,2014080406,105.0,100.0,95.0,90.0,105.0,105.0,105.0,74.32012,74.32012,74.32012
201411W,2014080409,103.0,98.0,93.0,88.0,103.0,103.0,103.0,92.7615,92.7615,92.7615
201411W,2014080412,100.0,95.0,90.0,85.0,100.0,100.0,100.0,87.450554,87.450554,87.450554
201411W,2014080415,98.0,93.0,90.0,83.0,98.0,98.0,98.0,91.738106,91.738106,91.738106
201411W,2014080418,95.0,90.0,90.0,80.0,95.0,95.0,95.0,92.17038,92.17038,92.17038
201411W,2014080421,93.0,90.0,88.0,80.0,93.0,93.0,93.0,82.127686,82.127686,82.127686
201411W,2014080500,90.0,90.0,85.0,80.0,90.0,90.0,90.0,83.84959,83.84959,83.84959
201411W,2014080503,90.0,88.0,83.0,83.0,90.0,90.0,90.0,90.769035,90.769035,90.769035
201411W,2014080506,90.0,85.0,80.0,85.0,90.0,90.0,90.0,83.962975,83.962975,83.962975
201411W,2014080509,88.0,83.0,80.0,85.0,88.0,88.0,88.0,73.033134,73.033134,73.033134
201411W,2014080512,85.0,80.0,80.0,85.0,85.0,85.0,85.0,82.10198,82.10198,82.10198
201411W,2014080515,83.0,80.0,83.0,88.0,83.0,83.0,83.0,90.31199,90.31199,90.31199
201411W,2014080518,80.0,80.0,85.0,90.0,80.0,80.0,80.0,90.54458,90.54458,90.54458
201411W,2014080521,80.0,83.0,85.0,88.0,80.0,80.0,80.0,71.53765,71.53765,71.53765
201411W,2014080600,80.0,85.0,85.0,85.0,80.0,80.0,80.0,99.63312,99.63312,99.63312
201411W,2014080603,83.0,85.0,88.0,80.0,83.0,83.0,83.0,108.79142,108.79142,108.79142
201411W,2014080606,85.0,85.0,90.0,75.0,85.0,85.0,85.0,116.09783,116.09783,116.09783
201411W,2014080609,85.0,88.0,88.0,75.0,85.0,85.0,85.0,94.93392,94.93392,94.93392
201411W,2014080612,85.0,90.0,85.0,75.0,85.0,85.0,85.0,88.7688,88.7688,88.7688
201411W,2014080615,88.0,88.0,80.0,75.0,88.0,88.0,88.0,66.92146,66.92146,66.92146
201411W,2014080618,90.0,85.0,75.0,75.0,90.0,90.0,90.0,97.31297,97.31297,97.31297
201411W,2014080621,88.0,80.0,75.0,75.0,88.0,88.0,88.0,77.78637,77.78637,77.78637
201411W,2014080700,85.0,75.0,75.0,75.0,85.0,85.0,85.0,86.45044,86.45044,86.45044
201411W,2014080703,80.0,75.0,75.0,75.0,80.0,80.0,80.0,44.600693,44.600693,44.600693
201411W,2014080706,75.0,75.0,75.0,75.0,75.0,75.0,75.0,75.14924,75.14924,75.14924
201411W,2014080709,75.0,75.0,75.0,73.0,75.0,75.0,75.0,80.91032,80.91032,80.91032
201411W,2014080712,75.0,75.0,75.0,70.0,75.0,75.0,75.0,66.8962,66.8962,66.8962
201411W,2014080715,75.0,75.0,75.0,70.0,75.0,75.0,75.0,72.24645,72.24645,72.24645
201411W,2014080718,75.0,75.0,75.0,70.0,75.0,75.0,75.0,92.99803,92.99803,92.99803
201411W,2014080721,75.0,75.0,73.0,70.0,75.0,75.0,75.0,79.080505,79.080505,79.080505
201411W,2014080800,75.0,75.0,70.0,70.0,75.0,75.0,75.0,78.14375,78.14375,78.14375
201411W,2014080803,75.0,73.0,70.0,70.0,75.0,75.0,75.0,86.65814,86.65814,86.65814
201411W,2014080806,75.0,70.0,70.0,70.0,75.0,75.0,75.0,86.23307,86.23307,86.23307
201411W,2014080809,73.0,70.0,70.0,68.0,73.0,73.0,73.0,70.98496,70.98496,70.98496
201411W,2014080812,70.0,70.0,70.0,65.0,70.0,70.0,70.0,64.73444,64.73444,64.73444
201411W,2014080815,70.0,70.0,70.0,65.0,70.0,70.0,70.0,65.25328,65.25328,65.25328
201411W,2014080818,70.0,70.0,70.0,65.0,70.0,70.0,70.0,69.08439,69.08439,69.08439
201411W,2014080821,70.0,70.0,68.0,60.0,70.0,70.0,70.0,76.89858,76.89858,76.89858
201411W,2014080900,70.0,70.0,65.0,55.0,70.0,70.0,70.0,77.567986,77.567986,77.567986
201411W,2014080903,70.0,68.0,65.0,50.0,70.0,70.0,70.0,79.38323,79.38323,79.38323
201411W,2014080906,70.0,65.0,65.0,45.0,70.0,70.0,70.0,77.4421,77.4421,77.4421
201411W,2014080909,68.0,65.0,60.0,43.0,68.0,68.0,68.0,83.81347,83.81347,83.81347
201411W,2014080912,65.0,65.0,55.0,40.0,65.0,65.0,65.0,86.30079,86.30079,86.30079
201412E,2014081712,25.0,30.0,30.0,30.0,25.0,25.0,25.0,23.752022,23.752022,23.752022
201412E,2014081715,28.0,30.0,30.0,33.0,28.0,28.0,28.0,25.971033,25.971033,25.971033
201412E,2014081718,30.0,30.0,30.0,35.0,30.0,30.0,30.0,28.971447,28.971447,28.971447
201412E,2014081721,30.0,30.0,30.0,38.0,30.0,30.0,30.0,25.092108,25.092108,25.092108
201412E,2014081800,30.0,30.0,30.0,40.0,30.0,30.0,30.0,28.447357,28.447357,28.447357
201412E,2014081803,30.0,30.0,33.0,43.0,30.0,30.0,30.0,28.399422,28.399422,28.399422
201412E,2014081806,30.0,30.0,35.0,45.0,30.0,30.0,30.0,25.884836,25.884836,25.884836
201412E,2014081809,30.0,33.0,38.0,45.0,30.0,30.0,30.0,28.595901,28.595901,28.595901
201412E,2014081812,30.0,35.0,40.0,45.0,30.0,30.0,30.0,34.129803,34.129803,34.129803
201412E,2014081815,33.0,38.0,43.0,45.0,33.0,33.0,33.0,34.609806,34.609806,34.609806
201412E,2014081818,35.0,40.0,45.0,45.0,35.0,35.0,35.0,42.768612,42.768612,42.768612
201412E,2014081821,38.0,43.0,45.0,45.0,38.0,38.0,38.0,36.397736,36.397736,36.397736
201412E,2014081900,40.0,45.0,45.0,45.0,40.0,40.0,40.0,43.196728,43.196728,43.196728
201412E,2014081903,43.0,45.0,45.0,45.0,43.0,43.0,43.0,40.13346,40.13346,40.13346
201412E,2014081906,45.0,45.0,45.0,45.0,45.0,45.0,45.0,40.12741,40.12741,40.12741
201412E,2014081909,45.0,45.0,45.0,48.0,45.0,45.0,45.0,36.944656,36.944656,36.944656
201412E,2014081912,45.0,45.0,45.0,50.0,45.0,45.0,45.0,50.22078,50.22078,50.22078
201412E,2014081915,45.0,45.0,45.0,53.0,45.0,45.0,45.0,41.048214,41.048214,41.048214
201412E,2014081918,45.0,45.0,45.0,55.0,45.0,45.0,45.0,44.81211,44.81211,44.81211
201412E,2014081921,45.0,45.0,48.0,55.0,45.0,45.0,45.0,52.36106,52.36106,52.36106
201412E,2014082000,45.0,45.0,50.0,55.0,45.0,45.0,45.0,54.85001,54.85001,54.85001
201412E,2014082003,45.0,48.0,53.0,58.0,45.0,45.0,45.0,48.06235,48.06235,48.06235
201412E,2014082006,45.0,50.0,55.0,60.0,45.0,45.0,45.0,60.839638,60.839638,60.839638
201412E,2014082009,48.0,53.0,55.0,63.0,48.0,48.0,48.0,55.604298,55.604298,55.604298
201412E,2014082012,50.0,55.0,55.0,65.0,50.0,50.0,50.0,62.608307,62.608307,62.608307
201412E,2014082015,53.0,55.0,58.0,65.0,53.0,53.0,53.0,54.637238,54.637238,54.637238
201412E,2014082018,55.0,55.0,60.0,65.0,55.0,55.0,55.0,57.860214,57.860214,57.860214
201412E,2014082021,55.0,58.0,63.0,63.0,55.0,55.0,55.0,57.456024,57.456024,57.456024
201412E,2014082100,55.0,60.0,65.0,60.0,55.0,55.0,55.0,71.7903,71.7903,71.7903
201412E,2014082103,58.0,63.0,65.0,58.0,58.0,58.0,58.0,62.638046,62.638046,62.638046
201412E,2014082106,60.0,65.0,65.0,55.0,60.0,60.0,60.0,58.3555,58.3555,58.3555
201412E,2014082109,63.0,65.0,63.0,55.0,63.0,63.0,63.0,64.56979,64.56979,64.56979
201412E,2014082112,65.0,65.0,60.0,55.0,65.0,65.0,65.0,68.47484,68.47484,68.47484
201412E,2014082115,65.0,63.0,58.0,53.0,65.0,65.0,65.0,64.22406,64.22406,64.22406
201412E,2014082118,65.0,60.0,55.0,50.0,65.0,65.0,65.0,64.22406,64.22406,64.22406
201412E,2014082121,63.0,58.0,55.0,48.0,63.0,63.0,63.0,63.22129,63.22129,63.22129
201412E,2014082200,60.0,55.0,55.0,45.0,60.0,60.0,60.0,60.90227,60.90227,60.90227
201412E,2014082203,58.0,55.0,53.0,43.0,58.0,58.0,58.0,62.489487,62.489487,62.489487
201412E,2014082206,55.0,55.0,50.0,40.0,55.0,55.0,55.0,56.00315,56.00315,56.00315
201412E,2014082209,55.0,53.0,48.0,38.0,55.0,55.0,55.0,56.447006,56.447006,56.447006
201412E,2014082212,55.0,50.0,45.0,35.0,55.0,55.0,55.0,58.35071,58.35071,58.35071
201412E,2014082215,53.0,48.0,43.0,35.0,53.0,53.0,53.0,53.85676,53.85676,53.85676
201412E,2014082218,50.0,45.0,40.0,35.0,50.0,50.0,50.0,56.5673,56.5673,56.5673
201412E,2014082221,48.0,43.0,38.0,33.0,48.0,48.0,48.0,52.07562,52.07562,52.07562
201412E,2014082300,45.0,40.0,35.0,30.0,45.0,45.0,45.0,51.845097,51.845097,51.845097
201412E,2014082303,43.0,38.0,35.0,30.0,43.0,43.0,43.0,52.084904,52.084904,52.084904
201412E,2014082306,40.0,35.0,35.0,30.0,40.0,40.0,40.0,58.373966,58.373966,58.373966
201412E,2014082309,38.0,35.0,33.0,30.0,38.0,38.0,38.0,53.82913,53.82913,53.82913
201412E,2014082312,35.0,35.0,30.0,30.0,35.0,35.0,35.0,48.20235,48.20235,48.20235
201412E,2014082315,35.0,33.0,30.0,30.0,35.0,35.0,35.0,46.576374,46.576374,46.576374
201412E,2014082318,35.0,30.0,30.0,30.0,35.0,35.0,35.0,47.436535,47.436535,47.436535
201412E,2014082321,33.0,30.0,30.0,30.0,33.0,33.0,33.0,41.413944,41.413944,41.413944
201412E,2014082400,30.0,30.0,30.0,30.0,30.0,30.0,30.0,50.977886,50.977886,50.977886
201412E,2014082403,30.0,30.0,30.0,30.0,30.0,30.0,30.0,40.07679,40.07679,40.07679
201412E,2014082406,30.0,30.0,30.0,30.0,30.0,30.0,30.0,33.546085,33.546085,33.546085
201412E,2014082409,30.0,30.0,30.0,30.0,30.0,30.0,30.0,28.726475,28.726475,28.726475
201412E,2014082412,30.0,30.0,30.0,30.0,30.0,30.0,30.0,24.375309,24.375309,24.375309
201412E,2014082415,30.0,30.0,30.0,30.0,30.0,30.0,30.0,25.774446,25.774446,25.774446
201412E,2014082418,30.0,30.0,30.0,30.0,30.0,30.0,30.0,22.768225,22.768225,22.768225
201412E,2014082421,30.0,30.0,30.0,30.0,30.0,30.0,30.0,23.58705,23.58705,23.58705
201412E,2014082500,30.0,30.0,30.0,30.0,30.0,30.0,30.0,25.015709,25.015709,25.015709
201412E,2014082503,30.0,30.0,30.0,28.0,30.0,30.0,30.0,25.478477,25.478477,25.478477
201412E,2014082506,30.0,30.0,30.0,25.0,30.0,30.0,30.0,24.248707,24.248707,24.248707
201412E,2014082509,30.0,30.0,30.0,25.0,30.0,30.0,30.0,24.289677,24.289677,24.289677
201412E,2014082512,30.0,30.0,30.0,25.0,30.0,30.0,30.0,23.574291,23.574291,23.574291
201412E,2014082515,30.0,30.0,28.0,25.0,30.0,30.0,30.0,23.42972,23.42972,23.42972
201412E,2014082518,30.0,30.0,25.0,25.0,30.0,30.0,30.0,23.100557,23.100557,23.100557
201412E,2014082521,30.0,28.0,25.0,25.0,30.0,30.0,30.0,23.272312,23.272312,23.272312
201412E,2014082600,30.0,25.0,25.0,25.0,30.0,30.0,30.0,24.927963,24.927963,24.927963
201412E,2014082603,28.0,25.0,25.0,25.0,28.0,28.0,28.0,25.871836,25.871836,25.871836
201412E,2014082606,25.0,25.0,25.0,25.0,25.0,25.0,25.0,24.878258,24.878258,24.878258
201412E,2014082609,25.0,25.0,25.0,25.0,25.0,25.0,25.0,25.081799,25.081799,25.081799
201412E,2014082612,25.0,25.0,25.0,25.0,25.0,25.0,25.0,24.432455,24.432455,24.432455
201412E,2014082615,25.0,25.0,25.0,25.0,25.0,25.0,25.0,24.252943,24.252943,24.252943
201412E,2014082618,25.0,25.0,25.0,25.0,25.0,25.0,25.0,25.296186,25.296186,25.296186
201412E,2014082621,25.0,25.0,25.0,25.0,25.0,25.0,25.0,25.674232,25.674232,25.674232
201412E,2014082700,25.0,25.0,25.0,25.0,25.0,25.0,25.0,27.699268,27.699268,27.699268
201412E,2014082703,25.0,25.0,25.0,25.0,25.0,25.0,25.0,29.410187,29.410187,29.410187
201412E,2014082706,25.0,25.0,25.0,25.0,25.0,25.0,25.0,26.389967,26.389967,26.389967
201412E,2014082709,25.0,25.0,25.0,25.0,25.0,25.0,25.0,25.708069,25.708069,25.708069
201412E,2014082712,25.0,25.0,25.0,25.0,25.0,25.0,25.0,28.958254,28.958254,28.958254
201412E,2014082715,25.0,25.0,25.0,25.0,25.0,25.0,25.0,30.297855,30.297855,30.297855
201412E,2014082718,25.0,25.0,25.0,25.0,25.0,25.0,25.0,27.54134,27.54134,27.54134
201412S,2014020218,25.0,25.0,25.0,30.0,25.0,25.0,25.0,23.882378,23.882378,23.882378
201412S,2014020221,25.0,25.0,28.0,30.0,25.0,25.0,25.0,21.361704,21.361704,21.361704
201412S,2014020300,25.0,25.0,30.0,30.0,25.0,25.0,25.0,20.544296,20.544296,20.544296
201412S,2014020303,25.0,28.0,30.0,30.0,25.0,25.0,25.0,18.592913,18.592913,18.592913
201412S,2014020306,25.0,30.0,30.0,30.0,25.0,25.0,25.0,20.935446,20.935446,20.935446
201412S,2014020309,28.0,30.0,30.0,35.0,28.0,28.0,28.0,21.980959,21.980959,21.980959
201412S,2014020312,30.0,30.0,30.0,40.0,30.0,30.0,30.0,22.249403,22.249403,22.249403
201412S,2014020315,30.0,30.0,30.0,45.0,30.0,30.0,30.0,22.794456,22.794456,22.794456
201412S,2014020318,30.0,30.0,30.0,50.0,30.0,30.0,30.0,22.443056,22.443056,22.443056
201412S,2014020321,30.0,30.0,35.0,50.0,30.0,30.0,30.0,25.91111,25.91111,25.91111
201412S,2014020400,30.0,30.0,40.0,50.0,30.0,30.0,30.0,25.132141,25.132141,25.132141
201412S,2014020403,30.0,35.0,45.0,53.0,30.0,30.0,30.0,25.38251,25.38251,25.38251
201412S,2014020406,30.0,40.0,50.0,55.0,30.0,30.0,30.0,28.061188,28.061188,28.061188
201412S,2014020409,35.0,45.0,50.0,50.0,35.0,35.0,35.0,31.16164,31.16164,31.16164
201412S,2014020412,40.0,50.0,50.0,45.0,40.0,40.0,40.0,28.3555,28.3555,28.3555
201412S,2014020415,45.0,50.0,53.0,43.0,45.0,45.0,45.0,37.396503,37.396503,37.396503
201412S,2014020418,50.0,50.0,55.0,40.0,50.0,50.0,50.0,37.275726,37.275726,37.275726
201412S,2014020421,50.0,53.0,50.0,33.0,50.0,50.0,50.0,42.175793,42.175793,42.175793
201412S,2014020500,50.0,55.0,45.0,25.0,50.0,50.0,50.0,36.039165,36.039165,36.039165
201413S,2014020500,30.0,35.0,40.0,50.0,30.0,30.0,30.0,29.994164,29.994164,29.994164
201413S,2014020503,33.0,38.0,40.0,50.0,33.0,33.0,33.0,31.577475,31.577475,31.577475
201413S,2014020506,35.0,40.0,40.0,50.0,35.0,35.0,35.0,30.136442,30.136442,30.136442
201413S,2014020509,38.0,40.0,45.0,53.0,38.0,38.0,38.0,35.884495,35.884495,35.884495
201413S,2014020512,40.0,40.0,50.0,55.0,40.0,40.0,40.0,37.95847,37.95847,37.95847
201413S,2014020515,40.0,45.0,50.0,53.0,40.0,40.0,40.0,36.26557,36.26557,36.26557
201413S,2014020518,40.0,50.0,50.0,50.0,40.0,40.0,40.0,40.986927,40.986927,40.986927
201413S,2014020521,45.0,50.0,53.0,50.0,45.0,45.0,45.0,38.76678,38.76678,38.76678
201413S,2014020600,50.0,50.0,55.0,50.0,50.0,50.0,50.0,51.648,51.648,51.648
201413S,2014020603,50.0,53.0,53.0,48.0,50.0,50.0,50.0,47.369236,47.369236,47.369236
201413S,2014020606,50.0,55.0,50.0,45.0,50.0,50.0,50.0,53.78333,53.78333,53.78333
201413S,2014020609,53.0,53.0,50.0,43.0,53.0,53.0,53.0,50.43636,50.43636,50.43636
201413S,2014020612,55.0,50.0,50.0,40.0,55.0,55.0,55.0,55.59397,55.59397,55.59397
201413S,2014020615,53.0,50.0,48.0,38.0,53.0,53.0,53.0,51.301792,51.301792,51.301792
201413S,2014020618,50.0,50.0,45.0,35.0,50.0,50.0,50.0,39.78285,39.78285,39.78285
201413S,2014020621,50.0,48.0,43.0,33.0,50.0,50.0,50.0,32.752285,32.752285,32.752285
201413S,2014020700,50.0,45.0,40.0,30.0,50.0,50.0,50.0,45.72087,45.72087,45.72087
201413S,2014020703,48.0,43.0,38.0,30.0,48.0,48.0,48.0,39.474556,39.474556,39.474556
201413S,2014020706,45.0,40.0,35.0,30.0,45.0,45.0,45.0,56.634144,56.634144,56.634144
201413S,2014020709,43.0,38.0,33.0,30.0,43.0,43.0,43.0,37.354095,37.354095,37.354095
201413S,2014020712,40.0,35.0,30.0,30.0,40.0,40.0,40.0,41.471024,41.471024,41.471024
201413S,2014020715,38.0,33.0,30.0,28.0,38.0,38.0,38.0,30.008213,30.008213,30.008213
201413S,2014020718,35.0,30.0,30.0,25.0,35.0,35.0,35.0,31.763327,31.763327,31.763327
201414S,2014020600,25.0,25.0,30.0,30.0,25.0,25.0,25.0,24.062643,24.062643,24.062643
201414S,2014020603,25.0,28.0,30.0,33.0,25.0,25.0,25.0,24.366467,24.366467,24.366467
201414S,2014020606,25.0,30.0,30.0,35.0,25.0,25.0,25.0,29.706728,29.706728,29.706728
201414S,2014020609,28.0,30.0,30.0,35.0,28.0,28.0,28.0,26.450619,26.450619,26.450619
201414S,2014020612,30.0,30.0,30.0,35.0,30.0,30.0,30.0,28.286297,28.286297,28.286297
201414S,2014020615,30.0,30.0,33.0,35.0,30.0,30.0,30.0,30.841772,30.841772,30.841772
201414S,2014020618,30.0,30.0,35.0,35.0,30.0,30.0,30.0,31.195135,31.195135,31.195135
201414S,2014020621,30.0,33.0,35.0,38.0,30.0,30.0,30.0,36.369083,36.369083,36.369083
201414S,2014020700,30.0,35.0,35.0,40.0,30.0,30.0,30.0,37.011967,37.011967,37.011967
201414S,2014020703,33.0,35.0,35.0,40.0,33.0,33.0,33.0,31.065016,31.065016,31.065016
201414S,2014020706,35.0,35.0,35.0,40.0,35.0,35.0,35.0,33.10052,33.10052,33.10052
201414S,2014020709,35.0,35.0,38.0,43.0,35.0,35.0,35.0,30.97926,30.97926,30.97926
201414S,2014020712,35.0,35.0,40.0,45.0,35.0,35.0,35.0,32.33934,32.33934,32.33934
201414S,2014020715,35.0,38.0,40.0,48.0,35.0,35.0,35.0,30.341816,30.341816,30.341816
201414S,2014020718,35.0,40.0,40.0,50.0,35.0,35.0,35.0,29.842928,29.842928,29.842928
201414S,2014020721,38.0,40.0,43.0,53.0,38.0,38.0,38.0,40.264046,40.264046,40.264046
201414S,2014020800,40.0,40.0,45.0,55.0,40.0,40.0,40.0,28.455479,28.455479,28.455479
201414S,2014020803,40.0,43.0,48.0,55.0,40.0,40.0,40.0,27.379229,27.379229,27.379229
201414S,2014020806,40.0,45.0,50.0,55.0,40.0,40.0,40.0,29.23284,29.23284,29.23284
201414S,2014020809,43.0,48.0,53.0,55.0,43.0,43.0,43.0,35.812866,35.812866,35.812866
201414S,2014020812,45.0,50.0,55.0,55.0,45.0,45.0,45.0,32.575665,32.575665,32.575665
201414S,2014020815,48.0,53.0,55.0,58.0,48.0,48.0,48.0,34.496338,34.496338,34.496338
201414S,2014020818,50.0,55.0,55.0,60.0,50.0,50.0,50.0,33.695793,33.695793,33.695793
201414S,2014020821,53.0,55.0,55.0,60.0,53.0,53.0,53.0,50.20225,50.20225,50.20225
201414S,2014020900,55.0,55.0,55.0,60.0,55.0,55.0,55.0,37.678238,37.678238,37.678238
201414S,2014020903,55.0,55.0,58.0,58.0,55.0,55.0,55.0,42.752087,42.752087,42.752087
201414S,2014020906,55.0,55.0,60.0,55.0,55.0,55.0,55.0,30.865091,30.865091,30.865091
201414S,2014020909,55.0,58.0,60.0,53.0,55.0,55.0,55.0,30.566036,30.566036,30.566036
201414S,2014020912,55.0,60.0,60.0,50.0,55.0,55.0,55.0,38.87676,38.87676,38.87676
201414S,2014020915,58.0,60.0,58.0,48.0,58.0,58.0,58.0,34.19699,34.19699,34.19699
201414S,2014020918,60.0,60.0,55.0,45.0,60.0,60.0,60.0,41.959442,41.959442,41.959442
201414S,2014020921,60.0,58.0,53.0,45.0,60.0,60.0,60.0,48.54965,48.54965,48.54965
201414S,2014021000,60.0,55.0,50.0,45.0,60.0,60.0,60.0,43.547745,43.547745,43.547745
201414S,2014021003,58.0,53.0,48.0,43.0,58.0,58.0,58.0,35.264256,35.264256,35.264256
201414S,2014021006,55.0,50.0,45.0,40.0,55.0,55.0,55.0,41.429127,41.429127,41.429127
201414S,2014021009,53.0,48.0,45.0,38.0,53.0,53.0,53.0,40.349426,40.349426,40.349426
201414S,2014021012,50.0,45.0,45.0,35.0,50.0,50.0,50.0,44.770157,44.770157,44.770157
201414S,2014021015,48.0,45.0,43.0,35.0,48.0,48.0,48.0,34.78229,34.78229,34.78229
201414S,2014021018,45.0,45.0,40.0,35.0,45.0,45.0,45.0,39.112335,39.112335,39.112335
201414S,2014021021,45.0,43.0,38.0,38.0,45.0,45.0,45.0,35.980648,35.980648,35.980648
201414S,2014021100,45.0,40.0,35.0,40.0,45.0,45.0,45.0,38.051777,38.051777,38.051777
201414S,2014021103,43.0,38.0,35.0,40.0,43.0,43.0,43.0,36.6588,36.6588,36.6588
201414S,2014021106,40.0,35.0,35.0,40.0,40.0,40.0,40.0,37.278957,37.278957,37.278957
201414S,2014021109,38.0,35.0,38.0,43.0,38.0,38.0,38.0,34.56367,34.56367,34.56367
201414S,2014021112,35.0,35.0,40.0,45.0,35.0,35.0,35.0,38.15051,38.15051,38.15051
201414S,2014021115,35.0,38.0,40.0,45.0,35.0,35.0,35.0,32.850853,32.850853,32.850853
201414S,2014021118,35.0,40.0,40.0,45.0,35.0,35.0,35.0,32.26727,32.26727,32.26727
201414S,2014021121,38.0,40.0,43.0,45.0,38.0,38.0,38.0,40.739014,40.739014,40.739014
201414S,2014021200,40.0,40.0,45.0,45.0,40.0,40.0,40.0,45.01336,45.01336,45.01336
201414S,2014021203,40.0,43.0,45.0,43.0,40.0,40.0,40.0,35.08054,35.08054,35.08054
201414S,2014021206,40.0,45.0,45.0,40.0,40.0,40.0,40.0,42.281994,42.281994,42.281994
201414S,2014021209,43.0,45.0,45.0,40.0,43.0,43.0,43.0,46.364975,46.364975,46.364975
201414S,2014021212,45.0,45.0,45.0,40.0,45.0,45.0,45.0,47.26394,47.26394,47.26394
201414S,2014021215,45.0,45.0,43.0,40.0,45.0,45.0,45.0,47.77492,47.77492,47.77492
201414S,2014021218,45.0,45.0,40.0,40.0,45.0,45.0,45.0,45.90852,45.90852,45.90852
201414S,2014021221,45.0,43.0,40.0,38.0,45.0,45.0,45.0,53.07884,53.07884,53.07884
201414S,2014021300,45.0,40.0,40.0,35.0,45.0,45.0,45.0,43.997154,43.997154,43.997154
201414S,2014021303,43.0,40.0,40.0,33.0,43.0,43.0,43.0,49.639984,49.639984,49.639984
201414S,2014021306,40.0,40.0,40.0,30.0,40.0,40.0,40.0,51.746674,51.746674,51.746674
201414S,2014021309,40.0,40.0,38.0,30.0,40.0,40.0,40.0,50.252934,50.252934,50.252934
201414S,2014021312,40.0,40.0,35.0,30.0,40.0,40.0,40.0,45.446796,45.446796,45.446796
201414S,2014021315,40.0,38.0,33.0,28.0,40.0,40.0,40.0,42.846188,42.846188,42.846188
201414S,2014021318,40.0,35.0,30.0,25.0,40.0,40.0,40.0,39.618507,39.618507,39.618507
201414S,2014021321,38.0,33.0,30.0,25.0,38.0,38.0,38.0,43.313065,43.313065,43.313065
201414S,2014021400,35.0,30.0,30.0,25.0,35.0,35.0,35.0,46.254547,46.254547,46.254547
201414S,2014021403,33.0,30.0,28.0,25.0,33.0,33.0,33.0,42.86435,42.86435,42.86435
201414S,2014021406,30.0,30.0,25.0,25.0,30.0,30.0,30.0,38.177624,38.177624,38.177624
201414S,2014021409,30.0,28.0,25.0,30.0,30.0,30.0,30.0,42.97927,42.97927,42.97927
201414S,2014021412,30.0,25.0,25.0,35.0,30.0,30.0,30.0,40.295204,40.295204,40.295204
201414S,2014021415,28.0,25.0,25.0,35.0,28.0,28.0,28.0,36.569992,36.569992,36.569992
201414S,2014021418,25.0,25.0,25.0,35.0,25.0,25.0,25.0,43.477234,43.477234,43.477234
201414S,2014021421,25.0,25.0,30.0,35.0,25.0,25.0,25.0,42.268795,42.268795,42.268795
201414S,2014021500,25.0,25.0,35.0,35.0,25.0,25.0,25.0,39.858715,39.858715,39.858715
201414S,2014021503,25.0,30.0,35.0,33.0,25.0,25.0,25.0,38.97796,38.97796,38.97796
201414S,2014021506,25.0,35.0,35.0,30.0,25.0,25.0,25.0,34.828278,34.828278,34.828278
201414S,2014021509,30.0,35.0,35.0,30.0,30.0,30.0,30.0,35.108517,35.108517,35.108517
201414S,2014021512,35.0,35.0,35.0,30.0,35.0,35.0,35.0,30.085396,30.085396,30.085396
201414S,2014021515,35.0,35.0,33.0,30.0,35.0,35.0,35.0,28.19518,28.19518,28.19518
201414S,2014021518,35.0,35.0,30.0,30.0,35.0,35.0,35.0,25.381996,25.381996,25.381996
201415E,2014091000,30.0,35.0,40.0,40.0,30.0,30.0,30.0,32.4826,32.4826,32.4826
201415E,2014091003,33.0,38.0,40.0,43.0,33.0,33.0,33.0,34.16806,34.16806,34.16806
201415E,2014091006,35.0,40.0,40.0,45.0,35.0,35.0,35.0,28.317366,28.317366,28.317366
201415E,2014091009,38.0,40.0,40.0,45.0,38.0,38.0,38.0,26.40384,26.40384,26.40384
201415E,2014091012,40.0,40.0,40.0,45.0,40.0,40.0,40.0,25.559267,25.559267,25.559267
201415E,2014091015,40.0,40.0,43.0,48.0,40.0,40.0,40.0,23.350927,23.350927,23.350927
201415E,2014091018,40.0,40.0,45.0,50.0,40.0,40.0,40.0,28.54306,28.54306,28.54306
201415E,2014091021,40.0,43.0,45.0,50.0,40.0,40.0,40.0,26.461178,26.461178,26.461178
201415E,2014091100,40.0,45.0,45.0,50.0,40.0,40.0,40.0,28.384222,28.384222,28.384222
201415E,2014091103,43.0,45.0,48.0,50.0,43.0,43.0,43.0,27.831411,27.831411,27.831411
201415E,2014091106,45.0,45.0,50.0,50.0,45.0,45.0,45.0,31.899813,31.899813,31.899813
201415E,2014091109,45.0,48.0,50.0,53.0,45.0,45.0,45.0,28.901804,28.901804,28.901804
201415E,2014091112,45.0,50.0,50.0,55.0,45.0,45.0,45.0,32.784218,32.784218,32.784218
201415E,2014091115,48.0,50.0,50.0,55.0,48.0,48.0,48.0,41.862507,41.862507,41.862507
201415E,2014091118,50.0,50.0,50.0,55.0,50.0,50.0,50.0,44.20439,44.20439,44.20439
201415E,2014091121,50.0,50.0,53.0,58.0,50.0,50.0,50.0,34.025394,34.025394,34.025394
201415E,2014091200,50.0,50.0,55.0,60.0,50.0,50.0,50.0,29.669325,29.669325,29.669325
201415E,2014091203,50.0,53.0,55.0,63.0,50.0,50.0,50.0,26.25378,26.25378,26.25378
201415E,2014091206,50.0,55.0,55.0,65.0,50.0,50.0,50.0,37.28435,37.28435,37.28435
201415E,2014091209,53.0,55.0,58.0,68.0,53.0,53.0,53.0,43.56573,43.56573,43.56573
201415E,2014091212,55.0,55.0,60.0,70.0,55.0,55.0,55.0,55.893063,55.893063,55.893063
201415E,2014091215,55.0,58.0,63.0,75.0,55.0,55.0,55.0,62.588203,62.588203,62.588203
201415E,2014091218,55.0,60.0,65.0,80.0,55.0,55.0,55.0,54.3738,54.3738,54.3738
201415E,2014091221,58.0,63.0,68.0,88.0,58.0,58.0,58.0,37.899994,37.899994,37.899994
201415E,2014091300,60.0,65.0,70.0,95.0,60.0,60.0,60.0,39.19132,39.19132,39.19132
201415E,2014091303,63.0,68.0,75.0,108.0,63.0,63.0,63.0,57.069466,57.069466,57.069466
201415E,2014091306,65.0,70.0,80.0,120.0,65.0,65.0,65.0,71.13862,71.13862,71.13862
201415E,2014091309,68.0,75.0,88.0,118.0,68.0,68.0,68.0,62.913696,62.913696,62.913696
201415E,2014091312,70.0,80.0,95.0,115.0,70.0,70.0,70.0,46.699356,46.699356,46.699356
201415E,2014091315,75.0,88.0,108.0,113.0,75.0,75.0,75.0,55.87296,55.87296,55.87296
201415E,2014091318,80.0,95.0,120.0,110.0,80.0,80.0,80.0,70.80454,70.80454,70.80454
201415E,2014091321,88.0,108.0,118.0,110.0,88.0,88.0,88.0,70.31662,70.31662,70.31662
201415E,2014091400,95.0,120.0,115.0,110.0,95.0,95.0,95.0,81.28585,81.28585,81.28585
201415E,2014091403,108.0,118.0,113.0,108.0,108.0,108.0,108.0,95.06776,95.06776,95.06776
201415E,2014091406,120.0,115.0,110.0,105.0,120.0,120.0,120.0,118.764656,118.764656,118.764656
201415E,2014091409,118.0,113.0,110.0,98.0,118.0,118.0,118.0,64.18876,64.18876,64.18876
201415E,2014091412,115.0,110.0,110.0,90.0,115.0,115.0,115.0,98.17464,98.17464,98.17464
201415E,2014091415,113.0,110.0,108.0,85.0,113.0,113.0,113.0,103.31574,103.31574,103.31574
201415E,2014091418,110.0,110.0,105.0,80.0,110.0,110.0,110.0,108.4675,108.4675,108.4675
201415E,2014091421,110.0,108.0,98.0,75.0,110.0,110.0,110.0,117.46464,117.46464,117.46464
201415E,2014091500,110.0,105.0,90.0,70.0,110.0,110.0,110.0,103.92265,103.92265,103.92265
201415E,2014091503,108.0,98.0,85.0,65.0,108.0,108.0,108.0,102.40489,102.40489,102.40489
201415E,2014091506,105.0,90.0,80.0,60.0,105.0,105.0,105.0,102.37911,102.37911,102.37911
201415E,2014091509,98.0,85.0,75.0,58.0,98.0,98.0,98.0,95.637924,95.637924,95.637924
201415E,2014091512,90.0,80.0,70.0,55.0,90.0,90.0,90.0,74.610085,74.610085,74.610085
201415E,2014091515,85.0,75.0,65.0,53.0,85.0,85.0,85.0,73.66806,73.66806,73.66806
201415E,2014091518,80.0,70.0,60.0,50.0,80.0,80.0,80.0,59.687904,59.687904,59.687904
201415E,2014091521,75.0,65.0,58.0,48.0,75.0,75.0,75.0,51.045444,51.045444,51.045444
201415E,2014091600,70.0,60.0,55.0,45.0,70.0,70.0,70.0,46.003643,46.003643,46.003643
201415E,2014091603,65.0,58.0,53.0,43.0,65.0,65.0,65.0,52.279583,52.279583,52.279583
201415E,2014091606,60.0,55.0,50.0,40.0,60.0,60.0,60.0,49.323933,49.323933,49.323933
201415E,2014091609,58.0,53.0,48.0,38.0,58.0,58.0,58.0,54.667294,54.667294,54.667294
201415E,2014091612,55.0,50.0,45.0,35.0,55.0,55.0,55.0,50.269276,50.269276,50.269276
201415E,2014091615,53.0,48.0,43.0,33.0,53.0,53.0,53.0,48.14841,48.14841,48.14841
201415E,2014091618,50.0,45.0,40.0,30.0,50.0,50.0,50.0,44.894764,44.894764,44.894764
201415E,2014091621,48.0,43.0,38.0,28.0,48.0,48.0,48.0,52.246777,52.246777,52.246777
201415E,2014091700,45.0,40.0,35.0,25.0,45.0,45.0,45.0,44.832428,44.832428,44.832428
201416E,2014091018,30.0,30.0,30.0,30.0,30.0,30.0,30.0,24.430548,24.430548,24.430548
201416E,2014091021,30.0,30.0,30.0,30.0,30.0,30.0,30.0,30.43353,30.43353,30.43353
201416E,2014091100,30.0,30.0,30.0,30.0,30.0,30.0,30.0,27.098862,27.098862,27.098862
201416E,2014091103,30.0,30.0,30.0,30.0,30.0,30.0,30.0,25.834238,25.834238,25.834238
201416E,2014091106,30.0,30.0,30.0,30.0,30.0,30.0,30.0,25.314829,25.314829,25.314829
201416E,2014091109,30.0,30.0,30.0,30.0,30.0,30.0,30.0,24.91988,24.91988,24.91988
201416E,2014091112,30.0,30.0,30.0,30.0,30.0,30.0,30.0,26.263523,26.263523,26.263523
201416E,2014091115,30.0,30.0,30.0,30.0,30.0,30.0,30.0,32.02659,32.02659,32.02659
201416E,2014091118,30.0,30.0,30.0,30.0,30.0,30.0,30.0,28.072298,28.072298,28.072298
201416E,2014091121,30.0,30.0,30.0,30.0,30.0,30.0,30.0,32.292183,32.292183,32.292183
201416E,2014091200,30.0,30.0,30.0,30.0,30.0,30.0,30.0,32.613636,32.613636,32.613636
201416E,2014091203,30.0,30.0,30.0,30.0,30.0,30.0,30.0,27.634756,27.634756,27.634756
201416E,2014091206,30.0,30.0,30.0,30.0,30.0,30.0,30.0,28.818192,28.818192,28.818192
201416E,2014091209,30.0,30.0,30.0,30.0,30.0,30.0,30.0,26.280537,26.280537,26.280537
201416E,2014091212,30.0,30.0,30.0,30.0,30.0,30.0,30.0,25.742516,25.742516,25.742516
201416E,2014091215,30.0,30.0,30.0,30.0,30.0,30.0,30.0,29.134724,29.134724,29.134724
201416E,2014091218,30.0,30.0,30.0,30.0,30.0,30.0,30.0,24.685719,24.685719,24.685719
201416E,2014091221,30.0,30.0,30.0,30.0,30.0,30.0,30.0,25.041107,25.041107,25.041107
201416E,2014091300,30.0,30.0,30.0,30.0,30.0,30.0,30.0,27.21136,27.21136,27.21136
201416E,2014091303,30.0,30.0,30.0,30.0,30.0,30.0,30.0,28.86757,28.86757,28.86757
201416E,2014091306,30.0,30.0,30.0,30.0,30.0,30.0,30.0,28.89252,28.89252,28.89252
201416E,2014091309,30.0,30.0,30.0,30.0,30.0,30.0,30.0,27.694443,27.694443,27.694443
201416E,2014091312,30.0,30.0,30.0,30.0,30.0,30.0,30.0,25.824205,25.824205,25.824205
201416E,2014091315,30.0,30.0,30.0,30.0,30.0,30.0,30.0,26.803726,26.803726,26.803726
201416E,2014091318,30.0,30.0,30.0,30.0,30.0,30.0,30.0,23.445953,23.445953,23.445953
201416E,2014091321,30.0,30.0,30.0,30.0,30.0,30.0,30.0,27.27629,27.27629,27.27629
201416E,2014091400,30.0,30.0,30.0,30.0,30.0,30.0,30.0,27.015589,27.015589,27.015589
201416E,2014091403,30.0,30.0,30.0,30.0,30.0,30.0,30.0,27.364979,27.364979,27.364979
201416E,2014091406,30.0,30.0,30.0,30.0,30.0,30.0,30.0,25.948719,25.948719,25.948719
201416E,2014091409,30.0,30.0,30.0,30.0,30.0,30.0,30.0,24.71064,24.71064,24.71064
201416E,2014091412,30.0,30.0,30.0,30.0,30.0,30.0,30.0,28.656458,28.656458,28.656458
201416E,2014091415,30.0,30.0,30.0,30.0,30.0,30.0,30.0,41.872253,41.872253,41.872253
201416E,2014091418,30.0,30.0,30.0,30.0,30.0,30.0,30.0,46.561516,46.561516,46.561516
201416E,2014091421,30.0,30.0,30.0,30.0,30.0,30.0,30.0,40.79406,40.79406,40.79406
201416E,2014091500,30.0,30.0,30.0,30.0,30.0,30.0,30.0,48.86431,48.86431,48.86431
201416E,2014091503,30.0,30.0,30.0,28.0,30.0,30.0,30.0,44.269802,44.269802,44.269802
201416E,2014091506,30.0,30.0,30.0,25.0,30.0,30.0,30.0,31.603214,31.603214,31.603214
201416S,2014022700,20.0,20.0,25.0,30.0,20.0,20.0,20.0,26.002483,26.002483,26.002483
201416S,2014022703,20.0,23.0,25.0,30.0,20.0,20.0,20.0,23.9095,23.9095,23.9095
201416S,2014022706,20.0,25.0,25.0,30.0,20.0,20.0,20.0,27.345509,27.345509,27.345509
201416S,2014022709,23.0,25.0,28.0,33.0,23.0,23.0,23.0,26.9095,26.9095,26.9095
201416S,2014022712,25.0,25.0,30.0,35.0,25.0,25.0,25.0,28.421976,28.421976,28.421976
201416S,2014022715,25.0,28.0,30.0,35.0,25.0,25.0,25.0,27.361626,27.361626,27.361626
201416S,2014022718,25.0,30.0,30.0,35.0,25.0,25.0,25.0,30.069279,30.069279,30.069279
201416S,2014022721,28.0,30.0,33.0,38.0,28.0,28.0,28.0,29.5356,29.5356,29.5356
201416S,2014022800,30.0,30.0,35.0,40.0,30.0,30.0,30.0,33.548164,33.548164,33.548164
201416S,2014022803,30.0,33.0,35.0,43.0,30.0,30.0,30.0,41.618694,41.618694,41.618694
201416S,2014022806,30.0,35.0,35.0,45.0,30.0,30.0,30.0,42.110085,42.110085,42.110085
201416S,2014022809,33.0,35.0,38.0,45.0,33.0,33.0,33.0,40.329544,40.329544,40.329544
201416S,2014022812,35.0,35.0,40.0,45.0,35.0,35.0,35.0,30.060146,30.060146,30.060146
201416S,2014022815,35.0,38.0,43.0,45.0,35.0,35.0,35.0,26.407837,26.407837,26.407837
201416S,2014022818,35.0,40.0,45.0,45.0,35.0,35.0,35.0,35.821114,35.821114,35.821114
201416S,2014022821,38.0,43.0,45.0,45.0,38.0,38.0,38.0,31.977367,31.977367,31.977367
201416S,2014030100,40.0,45.0,45.0,45.0,40.0,40.0,40.0,29.030333,29.030333,29.030333
201416S,2014030103,43.0,45.0,45.0,48.0,43.0,43.0,43.0,30.629635,30.629635,30.629635
201416S,2014030106,45.0,45.0,45.0,50.0,45.0,45.0,45.0,31.84937,31.84937,31.84937
201416S,2014030109,45.0,45.0,45.0,50.0,45.0,45.0,45.0,29.197443,29.197443,29.197443
201416S,2014030112,45.0,45.0,45.0,50.0,45.0,45.0,45.0,28.596365,28.596365,28.596365
201416S,2014030115,45.0,45.0,48.0,50.0,45.0,45.0,45.0,30.025873,30.025873,30.025873
201416S,2014030118,45.0,45.0,50.0,50.0,45.0,45.0,45.0,30.407381,30.407381,30.407381
201416S,2014030121,45.0,48.0,50.0,50.0,45.0,45.0,45.0,34.609325,34.609325,34.609325
201416S,2014030200,45.0,50.0,50.0,50.0,45.0,45.0,45.0,33.765564,33.765564,33.765564
201416S,2014030203,48.0,50.0,50.0,50.0,48.0,48.0,48.0,35.80826,35.80826,35.80826
201416S,2014030206,50.0,50.0,50.0,50.0,50.0,50.0,50.0,37.02235,37.02235,37.02235
201416S,2014030209,50.0,50.0,50.0,48.0,50.0,50.0,50.0,39.66081,39.66081,39.66081
201416S,2014030212,50.0,50.0,50.0,45.0,50.0,50.0,50.0,37.41066,37.41066,37.41066
201416S,2014030215,50.0,50.0,50.0,43.0,50.0,50.0,50.0,40.691086,40.691086,40.691086
201416S,2014030218,50.0,50.0,50.0,40.0,50.0,50.0,50.0,44.43343,44.43343,44.43343
201416S,2014030221,50.0,50.0,48.0,35.0,50.0,50.0,50.0,42.60938,42.60938,42.60938
201416S,2014030300,50.0,50.0,45.0,30.0,50.0,50.0,50.0,49.675034,49.675034,49.675034
201416S,2014030303,50.0,48.0,43.0,33.0,50.0,50.0,50.0,54.589344,54.589344,54.589344
201416S,2014030306,50.0,45.0,40.0,35.0,50.0,50.0,50.0,53.97048,53.97048,53.97048
201419W,2014100212,25.0,30.0,35.0,40.0,25.0,25.0,25.0,29.918417,29.918417,29.918417
201419W,2014100215,28.0,33.0,35.0,43.0,28.0,28.0,28.0,30.653881,30.653881,30.653881
201419W,2014100218,30.0,35.0,35.0,45.0,30.0,30.0,30.0,31.352142,31.352142,31.352142
201419W,2014100221,33.0,35.0,38.0,50.0,33.0,33.0,33.0,35.267212,35.267212,35.267212
201419W,2014100300,35.0,35.0,40.0,55.0,35.0,35.0,35.0,42.464542,42.464542,42.464542
201419W,2014100303,35.0,38.0,43.0,58.0,35.0,35.0,35.0,33.611782,33.611782,33.611782
201419W,2014100306,35.0,40.0,45.0,60.0,35.0,35.0,35.0,30.439268,30.439268,30.439268
201419W,2014100309,38.0,43.0,50.0,60.0,38.0,38.0,38.0,42.775826,42.775826,42.775826
201419W,2014100312,40.0,45.0,55.0,60.0,40.0,40.0,40.0,39.786213,39.786213,39.786213
201419W,2014100315,43.0,50.0,58.0,63.0,43.0,43.0,43.0,32.36737,32.36737,32.36737
201419W,2014100318,45.0,55.0,60.0,65.0,45.0,45.0,45.0,32.659912,32.659912,32.659912
201419W,2014100321,50.0,58.0,60.0,70.0,50.0,50.0,50.0,36.75683,36.75683,36.75683
201419W,2014100400,55.0,60.0,60.0,75.0,55.0,55.0,55.0,32.94093,32.94093,32.94093
201419W,2014100403,58.0,60.0,63.0,83.0,58.0,58.0,58.0,31.127712,31.127712,31.127712
201419W,2014100406,60.0,60.0,65.0,90.0,60.0,60.0,60.0,35.782497,35.782497,35.782497
201419W,2014100409,60.0,63.0,70.0,90.0,60.0,60.0,60.0,39.84876,39.84876,39.84876
201419W,2014100412,60.0,65.0,75.0,90.0,60.0,60.0,60.0,42.375854,42.375854,42.375854
201419W,2014100415,63.0,70.0,83.0,90.0,63.0,63.0,63.0,39.438217,39.438217,39.438217
201419W,2014100418,65.0,75.0,90.0,90.0,65.0,65.0,65.0,41.750893,41.750893,41.750893
201419W,2014100421,70.0,83.0,90.0,90.0,70.0,70.0,70.0,48.90124,48.90124,48.90124
201419W,2014100500,75.0,90.0,90.0,90.0,75.0,75.0,75.0,51.310825,51.310825,51.310825
201419W,2014100503,83.0,90.0,90.0,90.0,83.0,83.0,83.0,48.889347,48.889347,48.889347
201419W,2014100506,90.0,90.0,90.0,90.0,90.0,90.0,90.0,43.678257,43.678257,43.678257
201419W,2014100509,90.0,90.0,90.0,90.0,90.0,90.0,90.0,42.290123,42.290123,42.290123
201419W,2014100512,90.0,90.0,90.0,90.0,90.0,90.0,90.0,43.952187,43.952187,43.952187
201419W,2014100515,90.0,90.0,90.0,90.0,90.0,90.0,90.0,48.685757,48.685757,48.685757
201419W,2014100518,90.0,90.0,90.0,90.0,90.0,90.0,90.0,60.526997,60.526997,60.526997
201419W,2014100521,90.0,90.0,90.0,98.0,90.0,90.0,90.0,47.011177,47.011177,47.011177
201419W,2014100600,90.0,90.0,90.0,105.0,90.0,90.0,90.0,45.46494,45.46494,45.46494
201419W,2014100603,90.0,90.0,90.0,115.0,90.0,90.0,90.0,48.937874,48.937874,48.937874
201419W,2014100606,90.0,90.0,90.0,125.0,90.0,90.0,90.0,58.65911,58.65911,58.65911
201419W,2014100609,90.0,90.0,98.0,133.0,90.0,90.0,90.0,46.81266,46.81266,46.81266
201419W,2014100612,90.0,90.0,105.0,140.0,90.0,90.0,90.0,50.614677,50.614677,50.614677
201419W,2014100615,90.0,98.0,115.0,148.0,90.0,90.0,90.0,64.00388,64.00388,64.00388
201419W,2014100618,90.0,105.0,125.0,155.0,90.0,90.0,90.0,57.324512,57.324512,57.324512
201419W,2014100621,98.0,115.0,133.0,155.0,98.0,98.0,98.0,95.34696,95.34696,95.34696
201419W,2014100700,105.0,125.0,140.0,155.0,105.0,105.0,105.0,103.05096,103.05096,103.05096
201419W,2014100703,115.0,133.0,148.0,150.0,115.0,115.0,115.0,121.55939,121.55939,121.55939
201419W,2014100706,125.0,140.0,155.0,145.0,125.0,125.0,125.0,124.841866,124.841866,124.841866
201419W,2014100709,133.0,148.0,155.0,145.0,133.0,133.0,133.0,128.39111,128.39111,128.39111
201419W,2014100712,140.0,155.0,155.0,145.0,140.0,140.0,140.0,135.776,135.776,135.776
201419W,2014100715,148.0,155.0,150.0,145.0,148.0,148.0,148.0,141.04376,141.04376,141.04376
201419W,2014100718,155.0,155.0,145.0,145.0,155.0,155.0,155.0,141.81578,141.81578,141.81578
201419W,2014100721,155.0,150.0,145.0,143.0,155.0,155.0,155.0,142.37752,142.37752,142.37752
201419W,2014100800,155.0,145.0,145.0,140.0,155.0,155.0,155.0,137.59946,137.59946,137.59946
201419W,2014100803,150.0,145.0,145.0,138.0,150.0,150.0,150.0,136.40746,136.40746,136.40746
201419W,2014100806,145.0,145.0,145.0,135.0,145.0,145.0,145.0,129.05515,129.05515,129.05515
201419W,2014100809,145.0,145.0,143.0,135.0,145.0,145.0,145.0,132.86511,132.86511,132.86511
201419W,2014100812,145.0,145.0,140.0,135.0,145.0,145.0,145.0,134.16258,134.16258,134.16258
201419W,2014100815,145.0,143.0,138.0,133.0,145.0,145.0,145.0,139.5193,139.5193,139.5193
201419W,2014100818,145.0,140.0,135.0,130.0,145.0,145.0,145.0,134.94933,134.94933,134.94933
201419W,2014100821,143.0,138.0,135.0,128.0,143.0,143.0,143.0,132.28804,132.28804,132.28804
201419W,2014100900,140.0,135.0,135.0,125.0,140.0,140.0,140.0,130.07037,130.07037,130.07037
201419W,2014100903,138.0,135.0,133.0,123.0,138.0,138.0,138.0,129.10225,129.10225,129.10225
201419W,2014100906,135.0,135.0,130.0,120.0,135.0,135.0,135.0,126.70852,126.70852,126.70852
201419W,2014100909,135.0,133.0,128.0,118.0,135.0,135.0,135.0,116.76994,116.76994,116.76994
201419W,2014100912,135.0,130.0,125.0,115.0,135.0,135.0,135.0,112.09941,112.09941,112.09941
201419W,2014100915,133.0,128.0,123.0,113.0,133.0,133.0,133.0,123.22865,123.22865,123.22865
201419W,2014100918,130.0,125.0,120.0,110.0,130.0,130.0,130.0,120.90304,120.90304,120.90304
201419W,2014100921,128.0,123.0,118.0,105.0,128.0,128.0,128.0,119.21498,119.21498,119.21498
201419W,2014101000,125.0,120.0,115.0,100.0,125.0,125.0,125.0,111.118965,111.118965,111.118965
201419W,2014101003,123.0,118.0,113.0,95.0,123.0,123.0,123.0,108.53908,108.53908,108.53908
201419W,2014101006,120.0,115.0,110.0,90.0,120.0,120.0,120.0,100.71676,100.71676,100.71676
201419W,2014101009,118.0,113.0,105.0,85.0,118.0,118.0,118.0,102.638504,102.638504,102.638504
201419W,2014101012,115.0,110.0,100.0,80.0,115.0,115.0,115.0,107.31946,107.31946,107.31946
201419W,2014101015,113.0,105.0,95.0,75.0,113.0,113.0,113.0,94.68569,94.68569,94.68569
201419W,2014101018,110.0,100.0,90.0,70.0,110.0,110.0,110.0,98.73334,98.73334,98.73334
201419W,2014101021,105.0,95.0,85.0,68.0,105.0,105.0,105.0,102.776535,102.776535,102.776535
201419W,2014101100,100.0,90.0,80.0,65.0,100.0,100.0,100.0,98.04164,98.04164,98.04164
201419W,2014101103,95.0,85.0,75.0,63.0,95.0,95.0,95.0,88.47986,88.47986,88.47986
201419W,2014101106,90.0,80.0,70.0,60.0,90.0,90.0,90.0,84.946815,84.946815,84.946815
201419W,2014101109,85.0,75.0,68.0,58.0,85.0,85.0,85.0,81.4306,81.4306,81.4306
201419W,2014101112,80.0,70.0,65.0,55.0,80.0,80.0,80.0,81.282074,81.282074,81.282074
201419W,2014101115,75.0,68.0,63.0,55.0,75.0,75.0,75.0,74.45246,74.45246,74.45246
201419W,2014101118,70.0,65.0,60.0,55.0,70.0,70.0,70.0,69.7582,69.7582,69.7582
201419W,2014101121,68.0,63.0,58.0,53.0,68.0,68.0,68.0,74.173775,74.173775,74.173775
201419W,2014101200,65.0,60.0,55.0,50.0,65.0,65.0,65.0,69.7664,69.7664,69.7664
201419W,2014101203,63.0,58.0,55.0,48.0,63.0,63.0,63.0,63.170155,63.170155,63.170155
201419W,2014101206,60.0,55.0,55.0,45.0,60.0,60.0,60.0,58.343605,58.343605,58.343605
201419W,2014101209,58.0,55.0,53.0,43.0,58.0,58.0,58.0,72.30318,72.30318,72.30318
201419W,2014101212,55.0,55.0,50.0,40.0,55.0,55.0,55.0,66.956566,66.956566,66.956566
201419W,2014101215,55.0,53.0,48.0,38.0,55.0,55.0,55.0,60.395275,60.395275,60.395275
201419W,2014101218,55.0,50.0,45.0,35.0,55.0,55.0,55.0,55.967873,55.967873,55.967873
201420E,2014101718,35.0,40.0,50.0,30.0,35.0,35.0,35.0,29.69531,29.69531,29.69531
201420E,2014101721,38.0,45.0,48.0,28.0,38.0,38.0,38.0,35.150166,35.150166,35.150166
201420E,2014101800,40.0,50.0,45.0,25.0,40.0,40.0,40.0,37.866646,37.866646,37.866646
201421S,2014032800,30.0,30.0,30.0,40.0,30.0,30.0,30.0,31.44143,31.44143,31.44143
201421S,2014032803,30.0,30.0,33.0,43.0,30.0,30.0,30.0,30.397919,30.397919,30.397919
201421S,2014032806,30.0,30.0,35.0,45.0,30.0,30.0,30.0,29.480583,29.480583,29.480583
201421S,2014032809,30.0,33.0,38.0,50.0,30.0,30.0,30.0,28.158772,28.158772,28.158772
201421S,2014032812,30.0,35.0,40.0,55.0,30.0,30.0,30.0,26.749327,26.749327,26.749327
201421S,2014032815,33.0,38.0,43.0,60.0,33.0,33.0,33.0,27.233942,27.233942,27.233942
201421S,2014032818,35.0,40.0,45.0,65.0,35.0,35.0,35.0,32.57874,32.57874,32.57874
201421S,2014032821,38.0,43.0,50.0,78.0,38.0,38.0,38.0,31.322659,31.322659,31.322659
201421S,2014032900,40.0,45.0,55.0,90.0,40.0,40.0,40.0,27.651615,27.651615,27.651615
201421S,2014032903,43.0,50.0,60.0,103.0,43.0,43.0,43.0,31.311483,31.311483,31.311483
201421S,2014032906,45.0,55.0,65.0,115.0,45.0,45.0,45.0,37.130383,37.130383,37.130383
201421S,2014032909,50.0,60.0,78.0,123.0,50.0,50.0,50.0,42.464657,42.464657,42.464657
201421S,2014032912,55.0,65.0,90.0,130.0,55.0,55.0,55.0,38.773262,38.773262,38.773262
201421S,2014032915,60.0,78.0,103.0,130.0,60.0,60.0,60.0,39.47235,39.47235,39.47235
201421S,2014032918,65.0,90.0,115.0,130.0,65.0,65.0,65.0,47.92038,47.92038,47.92038
201421S,2014032921,78.0,103.0,123.0,128.0,78.0,78.0,78.0,58.030296,58.030296,58.030296
201421S,2014033000,90.0,115.0,130.0,125.0,90.0,90.0,90.0,110.9622,110.9622,110.9622
201421S,2014033003,103.0,123.0,130.0,113.0,103.0,103.0,103.0,112.0091,112.0091,112.0091
201421S,2014033006,115.0,130.0,130.0,100.0,115.0,115.0,115.0,104.891525,104.891525,104.891525
201421S,2014033009,123.0,130.0,128.0,88.0,123.0,123.0,123.0,124.52815,124.52815,124.52815
201421S,2014033012,130.0,130.0,125.0,75.0,130.0,130.0,130.0,112.3997,112.3997,112.3997
201421S,2014033015,130.0,128.0,113.0,68.0,130.0,130.0,130.0,116.798965,116.798965,116.798965
201421S,2014033018,130.0,125.0,100.0,60.0,130.0,130.0,130.0,113.559975,113.559975,113.559975
201421S,2014033021,128.0,113.0,88.0,50.0,128.0,128.0,128.0,58.567806,58.567806,58.567806
201421S,2014033100,125.0,100.0,75.0,40.0,125.0,125.0,125.0,55.756702,55.756702,55.756702
201421S,2014033103,113.0,88.0,68.0,35.0,113.0,113.0,113.0,52.19434,52.19434,52.19434
201421S,2014033106,100.0,75.0,60.0,30.0,100.0,100.0,100.0,53.271553,53.271553,53.271553
201421S,2014033109,88.0,68.0,50.0,28.0,88.0,88.0,88.0,38.95415,38.95415,38.95415
201421S,2014033112,75.0,60.0,40.0,25.0,75.0,75.0,75.0,34.389805,34.389805,34.389805
201501I,2015060700,30.0,40.0,40.0,40.0,30.0,30.0,30.0,39.276848,39.276848,39.276848
201501I,2015060703,35.0,40.0,40.0,43.0,35.0,35.0,35.0,34.96695,34.96695,34.96695
201501I,2015060706,40.0,40.0,40.0,45.0,40.0,40.0,40.0,38.02533,38.02533,38.02533
201501I,2015060709,40.0,40.0,40.0,45.0,40.0,40.0,40.0,31.458134,31.458134,31.458134
201501I,2015060712,40.0,40.0,40.0,45.0,40.0,40.0,40.0,29.826775,29.826775,29.826775
201501I,2015060715,40.0,40.0,43.0,48.0,40.0,40.0,40.0,30.782532,30.782532,30.782532
201501I,2015060718,40.0,40.0,45.0,50.0,40.0,40.0,40.0,33.44089,33.44089,33.44089
201501I,2015060721,40.0,43.0,45.0,50.0,40.0,40.0,40.0,35.151337,35.151337,35.151337
201501I,2015060800,40.0,45.0,45.0,50.0,40.0,40.0,40.0,41.89139,41.89139,41.89139
201501I,2015060803,43.0,45.0,48.0,50.0,43.0,43.0,43.0,41.9453,41.9453,41.9453
201501I,2015060806,45.0,45.0,50.0,50.0,45.0,45.0,45.0,43.658825,43.658825,43.658825
201501I,2015060809,45.0,48.0,50.0,50.0,45.0,45.0,45.0,45.192436,45.192436,45.192436
201501I,2015060812,45.0,50.0,50.0,50.0,45.0,45.0,45.0,42.29177,42.29177,42.29177
201501I,2015060815,48.0,50.0,50.0,53.0,48.0,48.0,48.0,45.15999,45.15999,45.15999
201501I,2015060818,50.0,50.0,50.0,55.0,50.0,50.0,50.0,39.031094,39.031094,39.031094
201501I,2015060821,50.0,50.0,50.0,55.0,50.0,50.0,50.0,45.488018,45.488018,45.488018
201501I,2015060900,50.0,50.0,50.0,55.0,50.0,50.0,50.0,38.81029,38.81029,38.81029
201501I,2015060903,50.0,50.0,53.0,55.0,50.0,50.0,50.0,37.971188,37.971188,37.971188
201501I,2015060906,50.0,50.0,55.0,55.0,50.0,50.0,50.0,42.057415,42.057415,42.057415
201501I,2015060909,50.0,53.0,55.0,53.0,50.0,50.0,50.0,42.833015,42.833015,42.833015
201501I,2015060912,50.0,55.0,55.0,50.0,50.0,50.0,50.0,39.799706,39.799706,39.799706
201501I,2015060915,53.0,55.0,55.0,48.0,53.0,53.0,53.0,43.730392,43.730392,43.730392
201501I,2015060918,55.0,55.0,55.0,45.0,55.0,55.0,55.0,41.62968,41.62968,41.62968
201501I,2015060921,55.0,55.0,53.0,45.0,55.0,55.0,55.0,44.460354,44.460354,44.460354
201501I,2015061000,55.0,55.0,50.0,45.0,55.0,55.0,55.0,39.984356,39.984356,39.984356
201501I,2015061003,55.0,53.0,48.0,45.0,55.0,55.0,55.0,49.917244,49.917244,49.917244
201501I,2015061006,55.0,50.0,45.0,45.0,55.0,55.0,55.0,51.69536,51.69536,51.69536
201501I,2015061009,53.0,48.0,45.0,43.0,53.0,53.0,53.0,45.092865,45.092865,45.092865
201501I,2015061012,50.0,45.0,45.0,40.0,50.0,50.0,50.0,42.393734,42.393734,42.393734
201501I,2015061015,48.0,45.0,45.0,38.0,48.0,48.0,48.0,38.001915,38.001915,38.001915
201501I,2015061018,45.0,45.0,45.0,35.0,45.0,45.0,45.0,29.343164,29.343164,29.343164
201501I,2015061021,45.0,45.0,43.0,35.0,45.0,45.0,45.0,32.810764,32.810764,32.810764
201501I,2015061100,45.0,45.0,40.0,35.0,45.0,45.0,45.0,40.337265,40.337265,40.337265
201501I,2015061103,45.0,43.0,38.0,33.0,45.0,45.0,45.0,33.428078,33.428078,33.428078
201501I,2015061106,45.0,40.0,35.0,30.0,45.0,45.0,45.0,38.617928,38.617928,38.617928
201502L,2015061612,50.0,50.0,40.0,30.0,50.0,50.0,50.0,32.670284,32.670284,32.670284
201502L,2015061615,50.0,45.0,35.0,28.0,50.0,50.0,50.0,36.720913,36.720913,36.720913
201502L,2015061618,50.0,40.0,30.0,25.0,50.0,50.0,50.0,33.945694,33.945694,33.945694
201502L,2015061621,45.0,35.0,30.0,25.0,45.0,45.0,45.0,41.77031,41.77031,41.77031
201502L,2015061700,40.0,30.0,30.0,25.0,40.0,40.0,40.0,36.109325,36.109325,36.109325
201502L,2015061703,35.0,30.0,28.0,25.0,35.0,35.0,35.0,36.432777,36.432777,36.432777
201502L,2015061706,30.0,30.0,25.0,25.0,30.0,30.0,30.0,36.837116,36.837116,36.837116
201502L,2015061709,30.0,28.0,25.0,22.0,30.0,30.0,30.0,38.56222,38.56222,38.56222
201502L,2015061712,30.0,25.0,25.0,20.0,30.0,30.0,30.0,45.46574,45.46574,45.46574
201502L,2015061715,28.0,25.0,25.0,18.0,28.0,28.0,28.0,42.84529,42.84529,42.84529
201502L,2015061718,25.0,25.0,25.0,15.0,25.0,25.0,25.0,40.52111,40.52111,40.52111
201502L,2015061721,25.0,25.0,22.0,15.0,25.0,25.0,25.0,38.510323,38.510323,38.510323
201502L,2015061800,25.0,25.0,20.0,15.0,25.0,25.0,25.0,49.840492,49.840492,49.840492
201502L,2015061803,25.0,22.0,18.0,15.0,25.0,25.0,25.0,48.731274,48.731274,48.731274
201502L,2015061806,25.0,20.0,15.0,15.0,25.0,25.0,25.0,48.424343,48.424343,48.424343
201502L,2015061809,22.0,18.0,15.0,15.0,22.0,22.0,22.0,50.287197,50.287197,50.287197
201502L,2015061812,20.0,15.0,15.0,15.0,20.0,20.0,20.0,39.86627,39.86627,39.86627
201502L,2015061815,18.0,15.0,15.0,18.0,18.0,18.0,18.0,40.780422,40.780422,40.780422
201502L,2015061818,15.0,15.0,15.0,20.0,15.0,15.0,15.0,41.195366,41.195366,41.195366
201502L,2015061821,15.0,15.0,15.0,20.0,15.0,15.0,15.0,38.652412,38.652412,38.652412
201502L,2015061900,15.0,15.0,15.0,20.0,15.0,15.0,15.0,36.2898,36.2898,36.2898
201502L,2015061903,15.0,15.0,18.0,18.0,15.0,15.0,15.0,36.526745,36.526745,36.526745
201502L,2015061906,15.0,15.0,20.0,15.0,15.0,15.0,15.0,31.765263,31.765263,31.765263
201502L,2015061909,15.0,18.0,20.0,15.0,15.0,15.0,15.0,38.60448,38.60448,38.60448
201502L,2015061912,15.0,20.0,20.0,15.0,15.0,15.0,15.0,38.186543,38.186543,38.186543
201502L,2015061915,18.0,20.0,18.0,15.0,18.0,18.0,18.0,43.52549,43.52549,43.52549
201502L,2015061918,20.0,20.0,15.0,15.0,20.0,20.0,20.0,39.13271,39.13271,39.13271
201502L,2015061921,20.0,18.0,15.0,15.0,20.0,20.0,20.0,44.715157,44.715157,44.715157
201502L,2015062000,20.0,15.0,15.0,15.0,20.0,20.0,20.0,48.749187,48.749187,48.749187
201502S,2014112606,30.0,30.0,30.0,30.0,30.0,30.0,30.0,31.75435,31.75435,31.75435
201502S,2014112609,30.0,30.0,30.0,30.0,30.0,30.0,30.0,30.230238,30.230238,30.230238
201502S,2014112612,30.0,30.0,30.0,30.0,30.0,30.0,30.0,36.062943,36.062943,36.062943
201502S,2014112615,30.0,30.0,30.0,30.0,30.0,30.0,30.0,35.780964,35.780964,35.780964
201502S,2014112618,30.0,30.0,30.0,30.0,30.0,30.0,30.0,35.792408,35.792408,35.792408
201502S,2014112621,30.0,30.0,30.0,30.0,30.0,30.0,30.0,38.60122,38.60122,38.60122
201502S,2014112700,30.0,30.0,30.0,30.0,30.0,30.0,30.0,35.773426,35.773426,35.773426
201502S,2014112703,30.0,30.0,30.0,33.0,30.0,30.0,30.0,34.93526,34.93526,34.93526
201502S,2014112706,30.0,30.0,30.0,35.0,30.0,30.0,30.0,33.34524,33.34524,33.34524
201502S,2014112709,30.0,30.0,30.0,35.0,30.0,30.0,30.0,33.568436,33.568436,33.568436
201502S,2014112712,30.0,30.0,30.0,35.0,30.0,30.0,30.0,33.79135,33.79135,33.79135
201502S,2014112715,30.0,30.0,33.0,33.0,30.0,30.0,30.0,35.605198,35.605198,35.605198
201502S,2014112718,30.0,30.0,35.0,30.0,30.0,30.0,30.0,36.177197,36.177197,36.177197
201502S,2014112721,30.0,33.0,35.0,30.0,30.0,30.0,30.0,36.72196,36.72196,36.72196
201502S,2014112800,30.0,35.0,35.0,30.0,30.0,30.0,30.0,38.003323,38.003323,38.003323
201502S,2014112803,33.0,35.0,33.0,30.0,33.0,33.0,33.0,42.972233,42.972233,42.972233
201502S,2014112806,35.0,35.0,30.0,30.0,35.0,35.0,35.0,36.633377,36.633377,36.633377
201502S,2014112809,35.0,33.0,30.0,30.0,35.0,35.0,35.0,39.830723,39.830723,39.830723
201502S,2014112812,35.0,30.0,30.0,30.0,35.0,35.0,35.0,38.66535,38.66535,38.66535
201502S,2014112815,33.0,30.0,30.0,28.0,33.0,33.0,33.0,36.56656,36.56656,36.56656
201502S,2014112818,30.0,30.0,30.0,25.0,30.0,30.0,30.0,38.569637,38.569637,38.569637
201503C,2015081800,20.0,20.0,20.0,20.0,20.0,20.0,20.0,21.063744,21.063744,21.063744
201503C,2015081803,20.0,20.0,20.0,20.0,20.0,20.0,20.0,20.406485,20.406485,20.406485
201503C,2015081806,20.0,20.0,20.0,20.0,20.0,20.0,20.0,22.011696,22.011696,22.011696
201503C,2015081809,20.0,20.0,20.0,20.0,20.0,20.0,20.0,20.731352,20.731352,20.731352
201503C,2015081812,20.0,20.0,20.0,20.0,20.0,20.0,20.0,21.4083,21.4083,21.4083
201503C,2015081815,20.0,20.0,20.0,20.0,20.0,20.0,20.0,22.091173,22.091173,22.091173
201503C,2015081818,20.0,20.0,20.0,20.0,20.0,20.0,20.0,19.104273,19.104273,19.104273
201503C,2015081821,20.0,20.0,20.0,20.0,20.0,20.0,20.0,19.270247,19.270247,19.270247
201503C,2015081900,20.0,20.0,20.0,20.0,20.0,20.0,20.0,20.942781,20.942781,20.942781
201503C,2015081903,20.0,20.0,20.0,23.0,20.0,20.0,20.0,23.09288,23.09288,23.09288
201503C,2015081906,20.0,20.0,20.0,25.0,20.0,20.0,20.0,20.59451,20.59451,20.59451
201503C,2015081909,20.0,20.0,20.0,25.0,20.0,20.0,20.0,24.517921,24.517921,24.517921
201503C,2015081912,20.0,20.0,20.0,25.0,20.0,20.0,20.0,24.105843,24.105843,24.105843
201503C,2015081915,20.0,20.0,23.0,28.0,20.0,20.0,20.0,22.22525,22.22525,22.22525
201503C,2015081918,20.0,20.0,25.0,30.0,20.0,20.0,20.0,22.898857,22.898857,22.898857
201503C,2015081921,20.0,23.0,25.0,30.0,20.0,20.0,20.0,20.24753,20.24753,20.24753
201503C,2015082000,20.0,25.0,25.0,30.0,20.0,20.0,20.0,23.128149,23.128149,23.128149
201503C,2015082003,23.0,25.0,28.0,30.0,23.0,23.0,23.0,22.568274,22.568274,22.568274
201503C,2015082006,25.0,25.0,30.0,30.0,25.0,25.0,25.0,21.780905,21.780905,21.780905
201503C,2015082009,25.0,28.0,30.0,30.0,25.0,25.0,25.0,21.489004,21.489004,21.489004
201503C,2015082012,25.0,30.0,30.0,30.0,25.0,25.0,25.0,22.88285,22.88285,22.88285
201503C,2015082015,28.0,30.0,30.0,30.0,28.0,28.0,28.0,27.077469,27.077469,27.077469
201503C,2015082018,30.0,30.0,30.0,30.0,30.0,30.0,30.0,31.839418,31.839418,31.839418
201503C,2015082021,30.0,30.0,30.0,30.0,30.0,30.0,30.0,34.540184,34.540184,34.540184
201503C,2015082100,30.0,30.0,30.0,30.0,30.0,30.0,30.0,33.35082,33.35082,33.35082
201503C,2015082103,30.0,30.0,30.0,30.0,30.0,30.0,30.0,33.465176,33.465176,33.465176
201503C,2015082106,30.0,30.0,30.0,30.0,30.0,30.0,30.0,27.375515,27.375515,27.375515
201503C,2015082109,30.0,30.0,30.0,28.0,30.0,30.0,30.0,27.95701,27.95701,27.95701
201503C,2015082112,30.0,30.0,30.0,25.0,30.0,30.0,30.0,31.989529,31.989529,31.989529
201503C,2015082115,30.0,30.0,30.0,25.0,30.0,30.0,30.0,33.220272,33.220272,33.220272
201503C,2015082118,30.0,30.0,30.0,25.0,30.0,30.0,30.0,36.733,36.733,36.733
201503C,2015082121,30.0,30.0,28.0,28.0,30.0,30.0,30.0,26.368967,26.368967,26.368967
201503C,2015082200,30.0,30.0,25.0,30.0,30.0,30.0,30.0,30.867609,30.867609,30.867609
201503C,2015082203,30.0,28.0,25.0,30.0,30.0,30.0,30.0,35.153572,35.153572,35.153572
201503C,2015082206,30.0,25.0,25.0,30.0,30.0,30.0,30.0,30.028877,30.028877,30.028877
201503C,2015082209,28.0,25.0,28.0,30.0,28.0,28.0,28.0,29.573465,29.573465,29.573465
201503C,2015082212,25.0,25.0,30.0,30.0,25.0,25.0,25.0,28.359331,28.359331,28.359331
201503C,2015082215,25.0,28.0,30.0,30.0,25.0,25.0,25.0,26.00692,26.00692,26.00692
201503C,2015082218,25.0,30.0,30.0,30.0,25.0,25.0,25.0,31.072334,31.072334,31.072334
201503C,2015082221,28.0,30.0,30.0,30.0,28.0,28.0,28.0,29.853348,29.853348,29.853348
201503C,2015082300,30.0,30.0,30.0,30.0,30.0,30.0,30.0,37.969322,37.969322,37.969322
201503C,2015082303,30.0,30.0,30.0,30.0,30.0,30.0,30.0,35.1551,35.1551,35.1551
201503C,2015082306,30.0,30.0,30.0,30.0,30.0,30.0,30.0,32.319187,32.319187,32.319187
201503C,2015082309,30.0,30.0,30.0,30.0,30.0,30.0,30.0,28.223484,28.223484,28.223484
201503C,2015082312,30.0,30.0,30.0,30.0,30.0,30.0,30.0,26.962622,26.962622,26.962622
201503C,2015082315,30.0,30.0,30.0,30.0,30.0,30.0,30.0,30.003195,30.003195,30.003195
201503C,2015082318,30.0,30.0,30.0,30.0,30.0,30.0,30.0,32.538345,32.538345,32.538345
201503C,2015082321,30.0,30.0,30.0,28.0,30.0,30.0,30.0,27.474594,27.474594,27.474594
201503C,2015082400,30.0,30.0,30.0,25.0,30.0,30.0,30.0,35.55837,35.55837,35.55837
201503C,2015082403,30.0,30.0,30.0,25.0,30.0,30.0,30.0,31.249977,31.249977,31.249977
201503C,2015082406,30.0,30.0,30.0,25.0,30.0,30.0,30.0,29.166996,29.166996,29.166996
201503C,2015082409,30.0,30.0,28.0,25.0,30.0,30.0,30.0,31.740608,31.740608,31.740608
201503C,2015082412,30.0,30.0,25.0,25.0,30.0,30.0,30.0,29.409311,29.409311,29.409311
201503C,2015082415,30.0,28.0,25.0,25.0,30.0,30.0,30.0,26.444992,26.444992,26.444992
201503C,2015082418,30.0,25.0,25.0,25.0,30.0,30.0,30.0,27.385384,27.385384,27.385384
201503C,2015082421,28.0,25.0,25.0,28.0,28.0,28.0,28.0,24.84206,24.84206,24.84206
201503C,2015082500,25.0,25.0,25.0,30.0,25.0,25.0,25.0,24.803453,24.803453,24.803453
201503C,2015082503,25.0,25.0,25.0,30.0,25.0,25.0,25.0,24.55359,24.55359,24.55359
201503C,2015082506,25.0,25.0,25.0,30.0,25.0,25.0,25.0,29.065815,29.065815,29.065815
201503C,2015082509,25.0,25.0,28.0,30.0,25.0,25.0,25.0,25.512695,25.512695,25.512695
201503C,2015082512,25.0,25.0,30.0,30.0,25.0,25.0,25.0,25.981821,25.981821,25.981821
201503C,2015082515,25.0,28.0,30.0,33.0,25.0,25.0,25.0,28.944256,28.944256,28.944256
201503C,2015082518,25.0,30.0,30.0,35.0,25.0,25.0,25.0,33.05472,33.05472,33.05472
201503C,2015082521,28.0,30.0,30.0,40.0,28.0,28.0,28.0,32.077557,32.077557,32.077557
201503C,2015082600,30.0,30.0,30.0,45.0,30.0,30.0,30.0,36.56027,36.56027,36.56027
201503C,2015082603,30.0,30.0,33.0,45.0,30.0,30.0,30.0,38.08669,38.08669,38.08669
201503C,2015082606,30.0,30.0,35.0,45.0,30.0,30.0,30.0,42.257,42.257,42.257
201503C,2015082609,30.0,33.0,40.0,50.0,30.0,30.0,30.0,33.152195,33.152195,33.152195
201503C,2015082612,30.0,35.0,45.0,55.0,30.0,30.0,30.0,31.909378,31.909378,31.909378
201503C,2015082615,33.0,40.0,45.0,58.0,33.0,33.0,33.0,42.078987,42.078987,42.078987
201503C,2015082618,35.0,45.0,45.0,60.0,35.0,35.0,35.0,42.249428,42.249428,42.249428
201503C,2015082621,40.0,45.0,50.0,60.0,40.0,40.0,40.0,51.66293,51.66293,51.66293
201503C,2015082700,45.0,45.0,55.0,60.0,45.0,45.0,45.0,57.711536,57.711536,57.711536
201503C,2015082703,45.0,50.0,58.0,60.0,45.0,45.0,45.0,44.790585,44.790585,44.790585
201503C,2015082706,45.0,55.0,60.0,60.0,45.0,45.0,45.0,52.752945,52.752945,52.752945
201503C,2015082709,50.0,58.0,60.0,60.0,50.0,50.0,50.0,51.304276,51.304276,51.304276
201503C,2015082712,55.0,60.0,60.0,60.0,55.0,55.0,55.0,51.05303,51.05303,51.05303
201503C,2015082715,58.0,60.0,60.0,60.0,58.0,58.0,58.0,49.23439,49.23439,49.23439
201503C,2015082718,60.0,60.0,60.0,60.0,60.0,60.0,60.0,54.398525,54.398525,54.398525
201503C,2015082721,60.0,60.0,60.0,60.0,60.0,60.0,60.0,44.61577,44.61577,44.61577
201503C,2015082800,60.0,60.0,60.0,60.0,60.0,60.0,60.0,47.934345,47.934345,47.934345
201503C,2015082803,60.0,60.0,60.0,63.0,60.0,60.0,60.0,40.671684,40.671684,40.671684
201503C,2015082806,60.0,60.0,60.0,65.0,60.0,60.0,60.0,55.477028,55.477028,55.477028
201503C,2015082809,60.0,60.0,60.0,73.0,60.0,60.0,60.0,47.759857,47.759857,47.759857
201503C,2015082812,60.0,60.0,60.0,80.0,60.0,60.0,60.0,64.04459,64.04459,64.04459
201503C,2015082815,60.0,60.0,63.0,95.0,60.0,60.0,60.0,61.446312,61.446312,61.446312
201503C,2015082818,60.0,60.0,65.0,110.0,60.0,60.0,60.0,62.43098,62.43098,62.43098
201503C,2015082821,60.0,63.0,73.0,113.0,60.0,60.0,60.0,55.4215,55.4215,55.4215
201503C,2015082900,60.0,65.0,80.0,115.0,60.0,60.0,60.0,51.04427,51.04427,51.04427
201503C,2015082903,63.0,73.0,95.0,118.0,63.0,63.0,63.0,51.2866,51.2866,51.2866
201503C,2015082906,65.0,80.0,110.0,120.0,65.0,65.0,65.0,51.62566,51.62566,51.62566
201503C,2015082909,73.0,95.0,113.0,118.0,73.0,73.0,73.0,54.79562,54.79562,54.79562
201503C,2015082912,80.0,110.0,115.0,115.0,80.0,80.0,80.0,86.6801,86.6801,86.6801
201503C,2015082915,95.0,113.0,118.0,113.0,95.0,95.0,95.0,82.9197,82.9197,82.9197
201503C,2015082918,110.0,115.0,120.0,110.0,110.0,110.0,110.0,103.43076,103.43076,103.43076
201503C,2015082921,113.0,118.0,118.0,110.0,113.0,113.0,113.0,107.28415,107.28415,107.28415
201503C,2015083000,115.0,120.0,115.0,110.0,115.0,115.0,115.0,95.40746,95.40746,95.40746
201503C,2015083003,118.0,118.0,113.0,113.0,118.0,118.0,118.0,102.93668,102.93668,102.93668
201503C,2015083006,120.0,115.0,110.0,115.0,120.0,120.0,120.0,93.628685,93.628685,93.628685
201503C,2015083009,118.0,113.0,110.0,115.0,118.0,118.0,118.0,109.990265,109.990265,109.990265
201503C,2015083012,115.0,110.0,110.0,115.0,115.0,115.0,115.0,75.775604,75.775604,75.775604
201503C,2015083015,113.0,110.0,113.0,115.0,113.0,113.0,113.0,90.89306,90.89306,90.89306
201503C,2015083018,110.0,110.0,115.0,115.0,110.0,110.0,110.0,71.402916,71.402916,71.402916
201503C,2015083021,110.0,113.0,115.0,113.0,110.0,110.0,110.0,58.44876,58.44876,58.44876
201503C,2015083100,110.0,115.0,115.0,110.0,110.0,110.0,110.0,106.85292,106.85292,106.85292
201503C,2015083103,113.0,115.0,115.0,108.0,113.0,113.0,113.0,104.76999,104.76999,104.76999
201503C,2015083106,115.0,115.0,115.0,105.0,115.0,115.0,115.0,111.294174,111.294174,111.294174
201503C,2015083109,115.0,115.0,113.0,103.0,115.0,115.0,115.0,90.030045,90.030045,90.030045
201503C,2015083112,115.0,115.0,110.0,100.0,115.0,115.0,115.0,103.16637,103.16637,103.16637
201503C,2015083115,115.0,113.0,108.0,95.0,115.0,115.0,115.0,94.55636,94.55636,94.55636
201503C,2015083118,115.0,110.0,105.0,90.0,115.0,115.0,115.0,98.151665,98.151665,98.151665
201503C,2015083121,113.0,108.0,103.0,88.0,113.0,113.0,113.0,102.13519,102.13519,102.13519
201503C,2015090100,110.0,105.0,100.0,85.0,110.0,110.0,110.0,94.04633,94.04633,94.04633
201503C,2015090103,108.0,103.0,95.0,83.0,108.0,108.0,108.0,83.66521,83.66521,83.66521
201503C,2015090106,105.0,100.0,90.0,80.0,105.0,105.0,105.0,89.799416,89.799416,89.799416
201503C,2015090109,103.0,95.0,88.0,80.0,103.0,103.0,103.0,89.21196,89.21196,89.21196
201503C,2015090112,100.0,90.0,85.0,80.0,100.0,100.0,100.0,62.98406,62.98406,62.98406
201503C,2015090115,95.0,88.0,83.0,80.0,95.0,95.0,95.0,68.331245,68.331245,68.331245
201503C,2015090118,90.0,85.0,80.0,80.0,90.0,90.0,90.0,57.515526,57.515526,57.515526
201503C,2015090121,88.0,83.0,80.0,83.0,88.0,88.0,88.0,56.370888,56.370888,56.370888
201503C,2015090200,85.0,80.0,80.0,85.0,85.0,85.0,85.0,52.54383,52.54383,52.54383
201503C,2015090203,83.0,80.0,80.0,88.0,83.0,83.0,83.0,92.99574,92.99574,92.99574
201503C,2015090206,80.0,80.0,80.0,90.0,80.0,80.0,80.0,66.31949,66.31949,66.31949
201503C,2015090209,80.0,80.0,83.0,88.0,80.0,80.0,80.0,68.13503,68.13503,68.13503
201503C,2015090212,80.0,80.0,85.0,85.0,80.0,80.0,80.0,63.452766,63.452766,63.452766
201503C,2015090215,80.0,83.0,88.0,83.0,80.0,80.0,80.0,63.988056,63.988056,63.988056
201503C,2015090218,80.0,85.0,90.0,80.0,80.0,80.0,80.0,59.156757,59.156757,59.156757
201503C,2015090221,83.0,88.0,88.0,78.0,83.0,83.0,83.0,63.470043,63.470043,63.470043
201503C,2015090300,85.0,90.0,85.0,75.0,85.0,85.0,85.0,65.47084,65.47084,65.47084
201503C,2015090303,88.0,88.0,83.0,73.0,88.0,88.0,88.0,79.991905,79.991905,79.991905
201503C,2015090306,90.0,85.0,80.0,70.0,90.0,90.0,90.0,68.54334,68.54334,68.54334
201503C,2015090309,88.0,83.0,78.0,70.0,88.0,88.0,88.0,63.745068,63.745068,63.745068
201503C,2015090312,85.0,80.0,75.0,70.0,85.0,85.0,85.0,63.35315,63.35315,63.35315
201503C,2015090315,83.0,78.0,73.0,70.0,83.0,83.0,83.0,60.470364,60.470364,60.470364
201503C,2015090318,80.0,75.0,70.0,70.0,80.0,80.0,80.0,58.906776,58.906776,58.906776
201503C,2015090321,78.0,73.0,70.0,73.0,78.0,78.0,78.0,56.9845,56.9845,56.9845
201503C,2015090400,75.0,70.0,70.0,75.0,75.0,75.0,75.0,56.484512,56.484512,56.484512
201503C,2015090403,73.0,70.0,70.0,78.0,73.0,73.0,73.0,56.042755,56.042755,56.042755
201503C,2015090406,70.0,70.0,70.0,80.0,70.0,70.0,70.0,51.903934,51.903934,51.903934
201503C,2015090409,70.0,70.0,73.0,85.0,70.0,70.0,70.0,53.88318,53.88318,53.88318
201503C,2015090412,70.0,70.0,75.0,90.0,70.0,70.0,70.0,54.85744,54.85744,54.85744
201503C,2015090415,70.0,73.0,78.0,93.0,70.0,70.0,70.0,56.887814,56.887814,56.887814
201503C,2015090418,70.0,75.0,80.0,95.0,70.0,70.0,70.0,60.657898,60.657898,60.657898
201503C,2015090421,73.0,78.0,85.0,93.0,73.0,73.0,73.0,60.03903,60.03903,60.03903
201503C,2015090500,75.0,80.0,90.0,90.0,75.0,75.0,75.0,62.733143,62.733143,62.733143
201503C,2015090503,78.0,85.0,93.0,90.0,78.0,78.0,78.0,73.10236,73.10236,73.10236
201503C,2015090506,80.0,90.0,95.0,90.0,80.0,80.0,80.0,62.98648,62.98648,62.98648
201503C,2015090509,85.0,93.0,93.0,88.0,85.0,85.0,85.0,72.54346,72.54346,72.54346
201503C,2015090512,90.0,95.0,90.0,85.0,90.0,90.0,90.0,90.160164,90.160164,90.160164
201503C,2015090515,93.0,93.0,90.0,85.0,93.0,93.0,93.0,88.87107,88.87107,88.87107
201503C,2015090518,95.0,90.0,90.0,85.0,95.0,95.0,95.0,77.48803,77.48803,77.48803
201503C,2015090521,93.0,90.0,88.0,83.0,93.0,93.0,93.0,73.09601,73.09601,73.09601
201503C,2015090600,90.0,90.0,85.0,80.0,90.0,90.0,90.0,71.81464,71.81464,71.81464
201503C,2015090603,90.0,88.0,85.0,78.0,90.0,90.0,90.0,89.23777,89.23777,89.23777
201503C,2015090606,90.0,85.0,85.0,75.0,90.0,90.0,90.0,82.79325,82.79325,82.79325
201503C,2015090609,88.0,85.0,83.0,75.0,88.0,88.0,88.0,95.30331,95.30331,95.30331
201503C,2015090612,85.0,85.0,80.0,75.0,85.0,85.0,85.0,79.058975,79.058975,79.058975
201503C,2015090615,85.0,83.0,78.0,73.0,85.0,85.0,85.0,69.5313,69.5313,69.5313
201503C,2015090618,85.0,80.0,75.0,70.0,85.0,85.0,85.0,66.996346,66.996346,66.996346
201503C,2015090621,83.0,78.0,75.0,70.0,83.0,83.0,83.0,67.94676,67.94676,67.94676
201503C,2015090700,80.0,75.0,75.0,70.0,80.0,80.0,80.0,83.81316,83.81316,83.81316
201503C,2015090703,78.0,75.0,73.0,68.0,78.0,78.0,78.0,65.250084,65.250084,65.250084
201503C,2015090706,75.0,75.0,70.0,65.0,75.0,75.0,75.0,75.61186,75.61186,75.61186
201503C,2015090709,75.0,73.0,70.0,65.0,75.0,75.0,75.0,74.23642,74.23642,74.23642
201503C,2015090712,75.0,70.0,70.0,65.0,75.0,75.0,75.0,76.670105,76.670105,76.670105
201503C,2015090715,73.0,70.0,68.0,65.0,73.0,73.0,73.0,76.37819,76.37819,76.37819
201503C,2015090718,70.0,70.0,65.0,65.0,70.0,70.0,70.0,70.6333,70.6333,70.6333
201503C,2015090721,70.0,68.0,65.0,65.0,70.0,70.0,70.0,69.01727,69.01727,69.01727
201503C,2015090800,70.0,65.0,65.0,65.0,70.0,70.0,70.0,70.93469,70.93469,70.93469
201503C,2015090803,68.0,65.0,65.0,65.0,68.0,68.0,68.0,65.69523,65.69523,65.69523
201503C,2015090806,65.0,65.0,65.0,65.0,65.0,65.0,65.0,70.85216,70.85216,70.85216
201503C,2015090809,65.0,65.0,65.0,63.0,65.0,65.0,65.0,77.11326,77.11326,77.11326
201503C,2015090812,65.0,65.0,65.0,60.0,65.0,65.0,65.0,73.5369,73.5369,73.5369
201503C,2015090815,65.0,65.0,65.0,58.0,65.0,65.0,65.0,74.91271,74.91271,74.91271
201503C,2015090818,65.0,65.0,65.0,55.0,65.0,65.0,65.0,66.65222,66.65222,66.65222
201503C,2015090821,65.0,65.0,63.0,55.0,65.0,65.0,65.0,69.6137,69.6137,69.6137
201503C,2015090900,65.0,65.0,60.0,55.0,65.0,65.0,65.0,70.643295,70.643295,70.643295
201503C,2015090903,65.0,63.0,58.0,55.0,65.0,65.0,65.0,76.22823,76.22823,76.22823
201503C,2015090906,65.0,60.0,55.0,55.0,65.0,65.0,65.0,76.81859,76.81859,76.81859
201503C,2015090909,63.0,58.0,55.0,55.0,63.0,63.0,63.0,87.074844,87.074844,87.074844
201503C,2015090912,60.0,55.0,55.0,55.0,60.0,60.0,60.0,82.36474,82.36474,82.36474
201503C,2015090915,58.0,55.0,55.0,55.0,58.0,58.0,58.0,82.28263,82.28263,82.28263
201503C,2015090918,55.0,55.0,55.0,55.0,55.0,55.0,55.0,61.139027,61.139027,61.139027
201503C,2015090921,55.0,55.0,55.0,55.0,55.0,55.0,55.0,60.11126,60.11126,60.11126
201503C,2015091000,55.0,55.0,55.0,55.0,55.0,55.0,55.0,59.03058,59.03058,59.03058
201503C,2015091003,55.0,55.0,55.0,53.0,55.0,55.0,55.0,59.590427,59.590427,59.590427
201503C,2015091006,55.0,55.0,55.0,50.0,55.0,55.0,55.0,57.475803,57.475803,57.475803
201503C,2015091009,55.0,55.0,55.0,48.0,55.0,55.0,55.0,60.155346,60.155346,60.155346
201503C,2015091012,55.0,55.0,55.0,45.0,55.0,55.0,55.0,55.472893,55.472893,55.472893
201504S,2014122406,30.0,30.0,35.0,35.0,30.0,30.0,30.0,25.297516,25.297516,25.297516
201504S,2014122409,30.0,33.0,35.0,38.0,30.0,30.0,30.0,29.492205,29.492205,29.492205
201504S,2014122412,30.0,35.0,35.0,40.0,30.0,30.0,30.0,29.792788,29.792788,29.792788
201504S,2014122415,33.0,35.0,35.0,43.0,33.0,33.0,33.0,27.423683,27.423683,27.423683
201504S,2014122418,35.0,35.0,35.0,45.0,35.0,35.0,35.0,27.617968,27.617968,27.617968
201504S,2014122421,35.0,35.0,38.0,50.0,35.0,35.0,35.0,27.340714,27.340714,27.340714
201504S,2014122500,35.0,35.0,40.0,55.0,35.0,35.0,35.0,24.440796,24.440796,24.440796
201504S,2014122503,35.0,38.0,43.0,63.0,35.0,35.0,35.0,29.738876,29.738876,29.738876
201504S,2014122506,35.0,40.0,45.0,70.0,35.0,35.0,35.0,29.17299,29.17299,29.17299
201504S,2014122509,38.0,43.0,50.0,80.0,38.0,38.0,38.0,31.758797,31.758797,31.758797
201504S,2014122512,40.0,45.0,55.0,90.0,40.0,40.0,40.0,27.455408,27.455408,27.455408
201504S,2014122515,43.0,50.0,63.0,98.0,43.0,43.0,43.0,27.291235,27.291235,27.291235
201504S,2014122518,45.0,55.0,70.0,105.0,45.0,45.0,45.0,39.64641,39.64641,39.64641
201504S,2014122521,50.0,63.0,80.0,105.0,50.0,50.0,50.0,41.726265,41.726265,41.726265
201504S,2014122600,55.0,70.0,90.0,105.0,55.0,55.0,55.0,43.408295,43.408295,43.408295
201504S,2014122603,63.0,80.0,98.0,105.0,63.0,63.0,63.0,34.432972,34.432972,34.432972
201504S,2014122606,70.0,90.0,105.0,105.0,70.0,70.0,70.0,33.11044,33.11044,33.11044
201504S,2014122609,80.0,98.0,105.0,103.0,80.0,80.0,80.0,39.841377,39.841377,39.841377
201504S,2014122612,90.0,105.0,105.0,100.0,90.0,90.0,90.0,71.81881,71.81881,71.81881
201504S,2014122615,98.0,105.0,105.0,100.0,98.0,98.0,98.0,60.103313,60.103313,60.103313
201504S,2014122618,105.0,105.0,105.0,100.0,105.0,105.0,105.0,37.23247,37.23247,37.23247
201504S,2014122621,105.0,105.0,103.0,98.0,105.0,105.0,105.0,41.17238,41.17238,41.17238
201504S,2014122700,105.0,105.0,100.0,95.0,105.0,105.0,105.0,35.477455,35.477455,35.477455
201504S,2014122703,105.0,103.0,100.0,93.0,105.0,105.0,105.0,34.702496,34.702496,34.702496
201504S,2014122706,105.0,100.0,100.0,90.0,105.0,105.0,105.0,41.04524,41.04524,41.04524
201504S,2014122709,103.0,100.0,98.0,85.0,103.0,103.0,103.0,52.5048,52.5048,52.5048
201504S,2014122712,100.0,100.0,95.0,80.0,100.0,100.0,100.0,40.749367,40.749367,40.749367
201504S,2014122715,100.0,98.0,93.0,75.0,100.0,100.0,100.0,32.96514,32.96514,32.96514
201504S,2014122718,100.0,95.0,90.0,70.0,100.0,100.0,100.0,38.41435,38.41435,38.41435
201504S,2014122721,98.0,93.0,85.0,68.0,98.0,98.0,98.0,34.644333,34.644333,34.644333
201504S,2014122800,95.0,90.0,80.0,65.0,95.0,95.0,95.0,40.771507,40.771507,40.771507
201504S,2014122803,93.0,85.0,75.0,65.0,93.0,93.0,93.0,34.42206,34.42206,34.42206
201504S,2014122806,90.0,80.0,70.0,65.0,90.0,90.0,90.0,41.647293,41.647293,41.647293
201504S,2014122809,85.0,75.0,68.0,65.0,85.0,85.0,85.0,42.199104,42.199104,42.199104
201504S,2014122812,80.0,70.0,65.0,65.0,80.0,80.0,80.0,54.166393,54.166393,54.166393
201504S,2014122815,75.0,68.0,65.0,73.0,75.0,75.0,75.0,40.866238,40.866238,40.866238
201504S,2014122818,70.0,65.0,65.0,80.0,70.0,70.0,70.0,38.99959,38.99959,38.99959
201504S,2014122821,68.0,65.0,65.0,93.0,68.0,68.0,68.0,37.515995,37.515995,37.515995
201504S,2014122900,65.0,65.0,65.0,105.0,65.0,65.0,65.0,37.38244,37.38244,37.38244
201504S,2014122903,65.0,65.0,73.0,105.0,65.0,65.0,65.0,41.34212,41.34212,41.34212
201504S,2014122906,65.0,65.0,80.0,105.0,65.0,65.0,65.0,70.17107,70.17107,70.17107
201504S,2014122909,65.0,73.0,93.0,103.0,65.0,65.0,65.0,59.676277,59.676277,59.676277
201504S,2014122912,65.0,80.0,105.0,100.0,65.0,65.0,65.0,49.535633,49.535633,49.535633
201504S,2014122915,73.0,93.0,105.0,90.0,73.0,73.0,73.0,54.841785,54.841785,54.841785
201504S,2014122918,80.0,105.0,105.0,80.0,80.0,80.0,80.0,70.67893,70.67893,70.67893
201504S,2014122921,93.0,105.0,103.0,73.0,93.0,93.0,93.0,76.29603,76.29603,76.29603
201504S,2014123000,105.0,105.0,100.0,65.0,105.0,105.0,105.0,62.597652,62.597652,62.597652
201504S,2014123003,105.0,103.0,90.0,65.0,105.0,105.0,105.0,71.570404,71.570404,71.570404
201504S,2014123006,105.0,100.0,80.0,65.0,105.0,105.0,105.0,90.731346,90.731346,90.731346
201504S,2014123009,103.0,90.0,73.0,55.0,103.0,103.0,103.0,49.5026,49.5026,49.5026
201504S,2014123012,100.0,80.0,65.0,45.0,100.0,100.0,100.0,40.637238,40.637238,40.637238
201504S,2014123015,90.0,73.0,65.0,40.0,90.0,90.0,90.0,38.199203,38.199203,38.199203
201504S,2014123018,80.0,65.0,65.0,35.0,80.0,80.0,80.0,44.416645,44.416645,44.416645
201504S,2014123021,73.0,65.0,55.0,35.0,73.0,73.0,73.0,46.03379,46.03379,46.03379
201504S,2014123100,65.0,65.0,45.0,35.0,65.0,65.0,65.0,53.41616,53.41616,53.41616
201504S,2014123103,65.0,55.0,40.0,33.0,65.0,65.0,65.0,38.893375,38.893375,38.893375
201504S,2014123106,65.0,45.0,35.0,30.0,65.0,65.0,65.0,34.879948,34.879948,34.879948
201504S,2014123109,55.0,40.0,35.0,30.0,55.0,55.0,55.0,29.02732,29.02732,29.02732
201504S,2014123112,45.0,35.0,35.0,30.0,45.0,45.0,45.0,26.294859,26.294859,26.294859
201504S,2014123115,40.0,35.0,33.0,30.0,40.0,40.0,40.0,27.167881,27.167881,27.167881
201504S,2014123118,35.0,35.0,30.0,30.0,35.0,35.0,35.0,26.106422,26.106422,26.106422
201504S,2014123121,35.0,33.0,30.0,30.0,35.0,35.0,35.0,23.904306,23.904306,23.904306
201504S,2015010100,35.0,30.0,30.0,30.0,35.0,35.0,35.0,28.433918,28.433918,28.433918
201504S,2015010103,33.0,30.0,30.0,28.0,33.0,33.0,33.0,26.041101,26.041101,26.041101
201504S,2015010106,30.0,30.0,30.0,25.0,30.0,30.0,30.0,25.11129,25.11129,25.11129
201504S,2015010109,30.0,30.0,30.0,25.0,30.0,30.0,30.0,23.817194,23.817194,23.817194
201504S,2015010112,30.0,30.0,30.0,25.0,30.0,30.0,30.0,22.285849,22.285849,22.285849
201504S,2015010115,30.0,30.0,28.0,23.0,30.0,30.0,30.0,23.573263,23.573263,23.573263
201504S,2015010118,30.0,30.0,25.0,20.0,30.0,30.0,30.0,25.976212,25.976212,25.976212
201504S,2015010121,30.0,28.0,25.0,20.0,30.0,30.0,30.0,24.060165,24.060165,24.060165
201504S,2015010200,30.0,25.0,25.0,20.0,30.0,30.0,30.0,21.123772,21.123772,21.123772
201506L,2015083012,45.0,55.0,65.0,75.0,45.0,45.0,45.0,32.093872,32.093872,32.093872
201506L,2015083015,50.0,60.0,68.0,72.0,50.0,50.0,50.0,39.698715,39.698715,39.698715
201506L,2015083018,55.0,65.0,70.0,70.0,55.0,55.0,55.0,40.81314,40.81314,40.81314
201506L,2015083021,60.0,68.0,72.0,68.0,60.0,60.0,60.0,44.64883,44.64883,44.64883
201506L,2015083100,65.0,70.0,75.0,65.0,65.0,65.0,65.0,57.44747,57.44747,57.44747
201506L,2015083103,68.0,72.0,72.0,62.0,68.0,68.0,68.0,62.014366,62.014366,62.014366
201506L,2015083106,70.0,75.0,70.0,60.0,70.0,70.0,70.0,46.174763,46.174763,46.174763
201506L,2015083109,72.0,72.0,68.0,55.0,72.0,72.0,72.0,36.995537,36.995537,36.995537
201506L,2015083112,75.0,70.0,65.0,50.0,75.0,75.0,75.0,42.85421,42.85421,42.85421
201506L,2015083115,72.0,68.0,62.0,48.0,72.0,72.0,72.0,49.626827,49.626827,49.626827
201506L,2015083118,70.0,65.0,60.0,45.0,70.0,70.0,70.0,51.202007,51.202007,51.202007
201506L,2015083121,68.0,62.0,55.0,45.0,68.0,68.0,68.0,50.537514,50.537514,50.537514
201506L,2015090100,65.0,60.0,50.0,45.0,65.0,65.0,65.0,45.713585,45.713585,45.713585
201506L,2015090103,62.0,55.0,48.0,42.0,62.0,62.0,62.0,37.395966,37.395966,37.395966
201506L,2015090106,60.0,50.0,45.0,40.0,60.0,60.0,60.0,46.17955,46.17955,46.17955
201506L,2015090109,55.0,48.0,45.0,40.0,55.0,55.0,55.0,47.138264,47.138264,47.138264
201506L,2015090112,50.0,45.0,45.0,40.0,50.0,50.0,50.0,44.46146,44.46146,44.46146
201506L,2015090115,48.0,45.0,42.0,38.0,48.0,48.0,48.0,40.988342,40.988342,40.988342
201506L,2015090118,45.0,45.0,40.0,35.0,45.0,45.0,45.0,35.606895,35.606895,35.606895
201506L,2015090121,45.0,42.0,40.0,35.0,45.0,45.0,45.0,50.083076,50.083076,50.083076
201506L,2015090200,45.0,40.0,40.0,35.0,45.0,45.0,45.0,52.811474,52.811474,52.811474
201506L,2015090203,42.0,40.0,38.0,38.0,42.0,42.0,42.0,54.771175,54.771175,54.771175
201506L,2015090206,40.0,40.0,35.0,40.0,40.0,40.0,40.0,47.20145,47.20145,47.20145
201506L,2015090209,40.0,38.0,35.0,40.0,40.0,40.0,40.0,33.712883,33.712883,33.712883
201506L,2015090212,40.0,35.0,35.0,40.0,40.0,40.0,40.0,37.430393,37.430393,37.430393
201506L,2015090215,38.0,35.0,38.0,38.0,38.0,38.0,38.0,30.26147,30.26147,30.26147
201506L,2015090218,35.0,35.0,40.0,35.0,35.0,35.0,35.0,32.133068,32.133068,32.133068
201506L,2015090221,35.0,38.0,40.0,35.0,35.0,35.0,35.0,51.97845,51.97845,51.97845
201506L,2015090300,35.0,40.0,40.0,35.0,35.0,35.0,35.0,52.955814,52.955814,52.955814
201506L,2015090303,38.0,40.0,38.0,35.0,38.0,38.0,38.0,66.414986,66.414986,66.414986
201506L,2015090306,40.0,40.0,35.0,35.0,40.0,40.0,40.0,54.876476,54.876476,54.876476
201506L,2015090309,40.0,38.0,35.0,32.0,40.0,40.0,40.0,54.667686,54.667686,54.667686
201506L,2015090312,40.0,35.0,35.0,30.0,40.0,40.0,40.0,36.718506,36.718506,36.718506
201506L,2015090315,38.0,35.0,35.0,30.0,38.0,38.0,38.0,38.328583,38.328583,38.328583
201506L,2015090318,35.0,35.0,35.0,30.0,35.0,35.0,35.0,42.551746,42.551746,42.551746
201506L,2015090321,35.0,35.0,32.0,32.0,35.0,35.0,35.0,43.523636,43.523636,43.523636
201506L,2015090400,35.0,35.0,30.0,35.0,35.0,35.0,35.0,35.225044,35.225044,35.225044
201506L,2015090403,35.0,32.0,30.0,35.0,35.0,35.0,35.0,29.718275,29.718275,29.718275
201506L,2015090406,35.0,30.0,30.0,35.0,35.0,35.0,35.0,38.745956,38.745956,38.745956
201506L,2015090409,32.0,30.0,32.0,32.0,32.0,32.0,32.0,40.88942,40.88942,40.88942
201506L,2015090412,30.0,30.0,35.0,30.0,30.0,30.0,30.0,28.641214,28.641214,28.641214
201506L,2015090415,30.0,32.0,35.0,30.0,30.0,30.0,30.0,30.25246,30.25246,30.25246
201506L,2015090418,30.0,35.0,35.0,30.0,30.0,30.0,30.0,30.72741,30.72741,30.72741
201506L,2015090421,32.0,35.0,32.0,30.0,32.0,32.0,32.0,30.039948,30.039948,30.039948
201506L,2015090500,35.0,35.0,30.0,30.0,35.0,35.0,35.0,37.644424,37.644424,37.644424
201506L,2015090503,35.0,32.0,30.0,30.0,35.0,35.0,35.0,41.90634,41.90634,41.90634
201506L,2015090506,35.0,30.0,30.0,30.0,35.0,35.0,35.0,31.887608,31.887608,31.887608
201506L,2015090509,32.0,30.0,30.0,28.0,32.0,32.0,32.0,27.47815,27.47815,27.47815
201506L,2015090512,30.0,30.0,30.0,25.0,30.0,30.0,30.0,30.483498,30.483498,30.483498
201506W,2015050312,30.0,35.0,45.0,45.0,30.0,30.0,30.0,43.8985,43.8985,43.8985
201506W,2015050315,33.0,40.0,45.0,48.0,33.0,33.0,33.0,41.193695,41.193695,41.193695
201506W,2015050318,35.0,45.0,45.0,50.0,35.0,35.0,35.0,39.53179,39.53179,39.53179
201506W,2015050321,40.0,45.0,45.0,53.0,40.0,40.0,40.0,41.843475,41.843475,41.843475
201506W,2015050400,45.0,45.0,45.0,55.0,45.0,45.0,45.0,39.809,39.809,39.809
201506W,2015050403,45.0,45.0,48.0,55.0,45.0,45.0,45.0,48.1946,48.1946,48.1946
201506W,2015050406,45.0,45.0,50.0,55.0,45.0,45.0,45.0,39.86438,39.86438,39.86438
201506W,2015050409,45.0,48.0,53.0,58.0,45.0,45.0,45.0,33.47167,33.47167,33.47167
201506W,2015050412,45.0,50.0,55.0,60.0,45.0,45.0,45.0,48.658894,48.658894,48.658894
201506W,2015050415,48.0,53.0,55.0,63.0,48.0,48.0,48.0,45.13037,45.13037,45.13037
201506W,2015050418,50.0,55.0,55.0,65.0,50.0,50.0,50.0,42.35068,42.35068,42.35068
201506W,2015050421,53.0,55.0,58.0,65.0,53.0,53.0,53.0,39.17529,39.17529,39.17529
201506W,2015050500,55.0,55.0,60.0,65.0,55.0,55.0,55.0,30.073086,30.073086,30.073086
201506W,2015050503,55.0,58.0,63.0,70.0,55.0,55.0,55.0,42.344875,42.344875,42.344875
201506W,2015050506,55.0,60.0,65.0,75.0,55.0,55.0,55.0,39.383987,39.383987,39.383987
201506W,2015050509,58.0,63.0,65.0,78.0,58.0,58.0,58.0,46.46925,46.46925,46.46925
201506W,2015050512,60.0,65.0,65.0,80.0,60.0,60.0,60.0,48.863045,48.863045,48.863045
201506W,2015050515,63.0,65.0,70.0,83.0,63.0,63.0,63.0,49.316494,49.316494,49.316494
201506W,2015050518,65.0,65.0,75.0,85.0,65.0,65.0,65.0,56.002525,56.002525,56.002525
201506W,2015050521,65.0,70.0,78.0,88.0,65.0,65.0,65.0,54.258938,54.258938,54.258938
201506W,2015050600,65.0,75.0,80.0,90.0,65.0,65.0,65.0,47.202488,47.202488,47.202488
201506W,2015050603,70.0,78.0,83.0,93.0,70.0,70.0,70.0,48.37518,48.37518,48.37518
201506W,2015050606,75.0,80.0,85.0,95.0,75.0,75.0,75.0,50.379906,50.379906,50.379906
201506W,2015050609,78.0,83.0,88.0,98.0,78.0,78.0,78.0,46.22018,46.22018,46.22018
201506W,2015050612,80.0,85.0,90.0,100.0,80.0,80.0,80.0,43.9817,43.9817,43.9817
201506W,2015050615,83.0,88.0,93.0,100.0,83.0,83.0,83.0,47.823544,47.823544,47.823544
201506W,2015050618,85.0,90.0,95.0,100.0,85.0,85.0,85.0,54.248333,54.248333,54.248333
201506W,2015050621,88.0,93.0,98.0,100.0,88.0,88.0,88.0,64.614586,64.614586,64.614586
201506W,2015050700,90.0,95.0,100.0,100.0,90.0,90.0,90.0,63.408802,63.408802,63.408802
201506W,2015050703,93.0,98.0,100.0,100.0,93.0,93.0,93.0,106.636795,106.636795,106.636795
201506W,2015050706,95.0,100.0,100.0,100.0,95.0,95.0,95.0,110.74827,110.74827,110.74827
201506W,2015050709,98.0,100.0,100.0,103.0,98.0,98.0,98.0,97.57401,97.57401,97.57401
201506W,2015050712,100.0,100.0,100.0,105.0,100.0,100.0,100.0,91.367256,91.367256,91.367256
201506W,2015050715,100.0,100.0,100.0,105.0,100.0,100.0,100.0,62.17789,62.17789,62.17789
201506W,2015050718,100.0,100.0,100.0,105.0,100.0,100.0,100.0,47.735,47.735,47.735
201506W,2015050721,100.0,100.0,103.0,105.0,100.0,100.0,100.0,46.002476,46.002476,46.002476
201506W,2015050800,100.0,100.0,105.0,105.0,100.0,100.0,100.0,44.072308,44.072308,44.072308
201506W,2015050803,100.0,103.0,105.0,105.0,100.0,100.0,100.0,54.514565,54.514565,54.514565
201506W,2015050806,100.0,105.0,105.0,105.0,100.0,100.0,100.0,102.68547,102.68547,102.68547
201506W,2015050809,103.0,105.0,105.0,113.0,103.0,103.0,103.0,83.73501,83.73501,83.73501
201506W,2015050812,105.0,105.0,105.0,120.0,105.0,105.0,105.0,79.95754,79.95754,79.95754
201506W,2015050815,105.0,105.0,105.0,128.0,105.0,105.0,105.0,44.978683,44.978683,44.978683
201506W,2015050818,105.0,105.0,105.0,135.0,105.0,105.0,105.0,49.31343,49.31343,49.31343
201506W,2015050821,105.0,105.0,113.0,138.0,105.0,105.0,105.0,48.31445,48.31445,48.31445
201506W,2015050900,105.0,105.0,120.0,140.0,105.0,105.0,105.0,55.30218,55.30218,55.30218
201506W,2015050903,105.0,113.0,128.0,140.0,105.0,105.0,105.0,73.735245,73.735245,73.735245
201506W,2015050906,105.0,120.0,135.0,140.0,105.0,105.0,105.0,111.847534,111.847534,111.847534
201506W,2015050909,113.0,128.0,138.0,135.0,113.0,113.0,113.0,114.48183,114.48183,114.48183
201506W,2015050912,120.0,135.0,140.0,130.0,120.0,120.0,120.0,102.46815,102.46815,102.46815
201506W,2015050915,128.0,138.0,140.0,123.0,128.0,128.0,128.0,116.69766,116.69766,116.69766
201506W,2015050918,135.0,140.0,140.0,115.0,135.0,135.0,135.0,124.99215,124.99215,124.99215
201506W,2015050921,138.0,140.0,135.0,110.0,138.0,138.0,138.0,124.472534,124.472534,124.472534
201506W,2015051000,140.0,140.0,130.0,105.0,140.0,140.0,140.0,132.94987,132.94987,132.94987
201506W,2015051003,140.0,135.0,123.0,98.0,140.0,140.0,140.0,131.08607,131.08607,131.08607
201506W,2015051006,140.0,130.0,115.0,90.0,140.0,140.0,140.0,127.550835,127.550835,127.550835
201506W,2015051009,135.0,123.0,110.0,85.0,135.0,135.0,135.0,119.429375,119.429375,119.429375
201506W,2015051012,130.0,115.0,105.0,80.0,130.0,130.0,130.0,67.83182,67.83182,67.83182
201506W,2015051015,123.0,110.0,98.0,75.0,123.0,123.0,123.0,74.132,74.132,74.132
201506W,2015051018,115.0,105.0,90.0,70.0,115.0,115.0,115.0,64.78229,64.78229,64.78229
201506W,2015051021,110.0,98.0,85.0,63.0,110.0,110.0,110.0,80.331436,80.331436,80.331436
201506W,2015051100,105.0,90.0,80.0,55.0,105.0,105.0,105.0,69.3372,69.3372,69.3372
201506W,2015051103,98.0,85.0,75.0,53.0,98.0,98.0,98.0,46.063194,46.063194,46.063194
201506W,2015051106,90.0,80.0,70.0,50.0,90.0,90.0,90.0,53.705658,53.705658,53.705658
201510L,2015091600,25.0,25.0,25.0,25.0,25.0,25.0,25.0,26.210548,26.210548,26.210548
201510L,2015091603,25.0,25.0,25.0,25.0,25.0,25.0,25.0,32.511227,32.511227,32.511227
201510L,2015091606,25.0,25.0,25.0,25.0,25.0,25.0,25.0,30.188457,30.188457,30.188457
201510L,2015091609,25.0,25.0,25.0,25.0,25.0,25.0,25.0,29.063261,29.063261,29.063261
201510L,2015091612,25.0,25.0,25.0,25.0,25.0,25.0,25.0,26.96575,26.96575,26.96575
201510L,2015091615,25.0,25.0,25.0,25.0,25.0,25.0,25.0,27.63316,27.63316,27.63316
201510L,2015091618,25.0,25.0,25.0,25.0,25.0,25.0,25.0,25.170929,25.170929,25.170929
201510L,2015091621,25.0,25.0,25.0,25.0,25.0,25.0,25.0,25.886267,25.886267,25.886267
201510L,2015091700,25.0,25.0,25.0,25.0,25.0,25.0,25.0,25.881466,25.881466,25.881466
201510L,2015091703,25.0,25.0,25.0,25.0,25.0,25.0,25.0,33.98763,33.98763,33.98763
201510L,2015091706,25.0,25.0,25.0,25.0,25.0,25.0,25.0,26.704105,26.704105,26.704105
201510L,2015091709,25.0,25.0,25.0,25.0,25.0,25.0,25.0,24.978168,24.978168,24.978168
201510L,2015091712,25.0,25.0,25.0,25.0,25.0,25.0,25.0,24.815231,24.815231,24.815231
201510L,2015091715,25.0,25.0,25.0,28.0,25.0,25.0,25.0,24.383942,24.383942,24.383942
201510L,2015091718,25.0,25.0,25.0,30.0,25.0,25.0,25.0,23.90158,23.90158,23.90158
201510L,2015091721,25.0,25.0,25.0,32.0,25.0,25.0,25.0,24.949778,24.949778,24.949778
201510L,2015091800,25.0,25.0,25.0,35.0,25.0,25.0,25.0,23.033512,23.033512,23.033512
201510L,2015091803,25.0,25.0,28.0,35.0,25.0,25.0,25.0,26.25503,26.25503,26.25503
201510L,2015091806,25.0,25.0,30.0,35.0,25.0,25.0,25.0,26.74108,26.74108,26.74108
201510L,2015091809,25.0,28.0,32.0,35.0,25.0,25.0,25.0,24.070724,24.070724,24.070724
201510L,2015091812,25.0,30.0,35.0,35.0,25.0,25.0,25.0,24.77445,24.77445,24.77445
201510L,2015091815,28.0,32.0,35.0,35.0,28.0,28.0,28.0,35.025227,35.025227,35.025227
201510L,2015091818,30.0,35.0,35.0,35.0,30.0,30.0,30.0,29.562256,29.562256,29.562256
201510L,2015091821,32.0,35.0,35.0,38.0,32.0,32.0,32.0,28.400623,28.400623,28.400623
201510L,2015091900,35.0,35.0,35.0,40.0,35.0,35.0,35.0,37.01133,37.01133,37.01133
201510L,2015091903,35.0,35.0,35.0,40.0,35.0,35.0,35.0,26.641453,26.641453,26.641453
201510L,2015091906,35.0,35.0,35.0,40.0,35.0,35.0,35.0,27.86995,27.86995,27.86995
201510L,2015091909,35.0,35.0,38.0,40.0,35.0,35.0,35.0,29.11641,29.11641,29.11641
201510L,2015091912,35.0,35.0,40.0,40.0,35.0,35.0,35.0,28.996317,28.996317,28.996317
201510L,2015091915,35.0,38.0,40.0,40.0,35.0,35.0,35.0,30.679884,30.679884,30.679884
201510L,2015091918,35.0,40.0,40.0,40.0,35.0,35.0,35.0,29.232391,29.232391,29.232391
201510L,2015091921,38.0,40.0,40.0,40.0,38.0,38.0,38.0,32.23354,32.23354,32.23354
201510L,2015092000,40.0,40.0,40.0,40.0,40.0,40.0,40.0,37.005886,37.005886,37.005886
201510L,2015092003,40.0,40.0,40.0,42.0,40.0,40.0,40.0,38.158165,38.158165,38.158165
201510L,2015092006,40.0,40.0,40.0,45.0,40.0,40.0,40.0,39.11355,39.11355,39.11355
201510L,2015092009,40.0,40.0,40.0,45.0,40.0,40.0,40.0,33.33801,33.33801,33.33801
201510L,2015092012,40.0,40.0,40.0,45.0,40.0,40.0,40.0,35.78542,35.78542,35.78542
201510L,2015092015,40.0,40.0,42.0,45.0,40.0,40.0,40.0,39.805016,39.805016,39.805016
201510L,2015092018,40.0,40.0,45.0,45.0,40.0,40.0,40.0,38.601727,38.601727,38.601727
201510L,2015092021,40.0,42.0,45.0,42.0,40.0,40.0,40.0,37.441956,37.441956,37.441956
201510L,2015092100,40.0,45.0,45.0,40.0,40.0,40.0,40.0,35.587723,35.587723,35.587723
201510L,2015092103,42.0,45.0,45.0,40.0,42.0,42.0,42.0,40.869022,40.869022,40.869022
201510L,2015092106,45.0,45.0,45.0,40.0,45.0,45.0,45.0,38.310863,38.310863,38.310863
201510L,2015092109,45.0,45.0,42.0,40.0,45.0,45.0,45.0,37.57299,37.57299,37.57299
201510L,2015092112,45.0,45.0,40.0,40.0,45.0,45.0,45.0,40.759155,40.759155,40.759155
201510L,2015092115,45.0,42.0,40.0,40.0,45.0,45.0,45.0,35.030457,35.030457,35.030457
201510L,2015092118,45.0,40.0,40.0,40.0,45.0,45.0,45.0,30.970337,30.970337,30.970337
201510L,2015092121,42.0,40.0,40.0,38.0,42.0,42.0,42.0,31.041454,31.041454,31.041454
201510L,2015092200,40.0,40.0,40.0,35.0,40.0,40.0,40.0,29.30804,29.30804,29.30804
201510L,2015092203,40.0,40.0,40.0,35.0,40.0,40.0,40.0,29.111498,29.111498,29.111498
201510L,2015092206,40.0,40.0,40.0,35.0,40.0,40.0,40.0,27.097904,27.097904,27.097904
201510L,2015092209,40.0,40.0,38.0,35.0,40.0,40.0,40.0,27.416393,27.416393,27.416393
201510L,2015092212,40.0,40.0,35.0,35.0,40.0,40.0,40.0,29.20481,29.20481,29.20481
201510L,2015092215,40.0,38.0,35.0,35.0,40.0,40.0,40.0,34.380203,34.380203,34.380203
201510L,2015092218,40.0,35.0,35.0,35.0,40.0,40.0,40.0,37.215744,37.215744,37.215744
201510L,2015092221,38.0,35.0,35.0,35.0,38.0,38.0,38.0,33.869858,33.869858,33.869858
201510L,2015092300,35.0,35.0,35.0,35.0,35.0,35.0,35.0,41.29768,41.29768,41.29768
201510L,2015092303,35.0,35.0,35.0,32.0,35.0,35.0,35.0,41.020676,41.020676,41.020676
201510L,2015092306,35.0,35.0,35.0,30.0,35.0,35.0,35.0,38.78287,38.78287,38.78287
201510L,2015092309,35.0,35.0,35.0,30.0,35.0,35.0,35.0,35.76125,35.76125,35.76125
201510L,2015092312,35.0,35.0,35.0,30.0,35.0,35.0,35.0,35.408424,35.408424,35.408424
201510L,2015092315,35.0,35.0,32.0,30.0,35.0,35.0,35.0,36.755527,36.755527,36.755527
201510L,2015092318,35.0,35.0,30.0,30.0,35.0,35.0,35.0,31.696007,31.696007,31.696007
201510L,2015092321,35.0,32.0,30.0,30.0,35.0,35.0,35.0,38.000664,38.000664,38.000664
201510L,2015092400,35.0,30.0,30.0,30.0,35.0,35.0,35.0,36.56988,36.56988,36.56988
201510L,2015092403,32.0,30.0,30.0,30.0,32.0,32.0,32.0,34.77566,34.77566,34.77566
201510L,2015092406,30.0,30.0,30.0,30.0,30.0,30.0,30.0,32.975197,32.975197,32.975197
201510L,2015092409,30.0,30.0,30.0,30.0,30.0,30.0,30.0,34.021492,34.021492,34.021492
201510L,2015092412,30.0,30.0,30.0,30.0,30.0,30.0,30.0,37.7249,37.7249,37.7249
201510L,2015092415,30.0,30.0,30.0,30.0,30.0,30.0,30.0,36.129658,36.129658,36.129658
201510L,2015092418,30.0,30.0,30.0,30.0,30.0,30.0,30.0,36.71213,36.71213,36.71213
201510L,2015092421,30.0,30.0,30.0,30.0,30.0,30.0,30.0,37.333538,37.333538,37.333538
201510L,2015092500,30.0,30.0,30.0,30.0,30.0,30.0,30.0,31.898708,31.898708,31.898708
201510L,2015092503,30.0,30.0,30.0,30.0,30.0,30.0,30.0,33.182632,33.182632,33.182632
201510L,2015092506,30.0,30.0,30.0,30.0,30.0,30.0,30.0,32.507782,32.507782,32.507782
201510L,2015092509,30.0,30.0,30.0,30.0,30.0,30.0,30.0,34.06396,34.06396,34.06396
201510L,2015092512,30.0,30.0,30.0,30.0,30.0,30.0,30.0,32.677162,32.677162,32.677162
201510L,2015092515,30.0,30.0,30.0,30.0,30.0,30.0,30.0,32.56745,32.56745,32.56745
201510L,2015092518,30.0,30.0,30.0,30.0,30.0,30.0,30.0,29.626436,29.626436,29.626436
201510L,2015092521,30.0,30.0,30.0,30.0,30.0,30.0,30.0,26.81446,26.81446,26.81446
201510L,2015092600,30.0,30.0,30.0,30.0,30.0,30.0,30.0,27.220604,27.220604,27.220604
201510L,2015092603,30.0,30.0,30.0,28.0,30.0,30.0,30.0,23.906004,23.906004,23.906004
201510L,2015092606,30.0,30.0,30.0,25.0,30.0,30.0,30.0,27.744106,27.744106,27.744106
201510L,2015092609,30.0,30.0,30.0,25.0,30.0,30.0,30.0,26.108175,26.108175,26.108175
201510L,2015092612,30.0,30.0,30.0,25.0,30.0,30.0,30.0,27.31617,27.31617,27.31617
201510L,2015092615,30.0,30.0,28.0,25.0,30.0,30.0,30.0,29.846874,29.846874,29.846874
201510L,2015092618,30.0,30.0,25.0,25.0,30.0,30.0,30.0,26.549051,26.549051,26.549051
201510L,2015092621,30.0,28.0,25.0,22.0,30.0,30.0,30.0,28.415455,28.415455,28.415455
201510L,2015092700,30.0,25.0,25.0,20.0,30.0,30.0,30.0,36.104885,36.104885,36.104885
201514E,2015090106,30.0,30.0,35.0,35.0,30.0,30.0,30.0,34.751457,34.751457,34.751457
201514E,2015090109,30.0,33.0,35.0,35.0,30.0,30.0,30.0,27.18839,27.18839,27.18839
201514E,2015090112,30.0,35.0,35.0,35.0,30.0,30.0,30.0,36.8502,36.8502,36.8502
201514E,2015090115,33.0,35.0,35.0,35.0,33.0,33.0,33.0,29.184233,29.184233,29.184233
201514E,2015090118,35.0,35.0,35.0,35.0,35.0,35.0,35.0,29.58073,29.58073,29.58073
201514E,2015090121,35.0,35.0,35.0,38.0,35.0,35.0,35.0,33.8486,33.8486,33.8486
201514E,2015090200,35.0,35.0,35.0,40.0,35.0,35.0,35.0,36.057804,36.057804,36.057804
201514E,2015090203,35.0,35.0,35.0,43.0,35.0,35.0,35.0,39.116695,39.116695,39.116695
201514E,2015090206,35.0,35.0,35.0,45.0,35.0,35.0,35.0,31.961212,31.961212,31.961212
201514E,2015090209,35.0,35.0,38.0,45.0,35.0,35.0,35.0,37.35646,37.35646,37.35646
201514E,2015090212,35.0,35.0,40.0,45.0,35.0,35.0,35.0,39.17099,39.17099,39.17099
201514E,2015090215,35.0,38.0,43.0,48.0,35.0,35.0,35.0,33.668262,33.668262,33.668262
201514E,2015090218,35.0,40.0,45.0,50.0,35.0,35.0,35.0,36.48778,36.48778,36.48778
201514E,2015090221,38.0,43.0,45.0,48.0,38.0,38.0,38.0,36.12653,36.12653,36.12653
201514E,2015090300,40.0,45.0,45.0,45.0,40.0,40.0,40.0,29.72317,29.72317,29.72317
201514E,2015090303,43.0,45.0,48.0,45.0,43.0,43.0,43.0,33.90458,33.90458,33.90458
201514E,2015090306,45.0,45.0,50.0,45.0,45.0,45.0,45.0,33.133667,33.133667,33.133667
201514E,2015090309,45.0,48.0,48.0,45.0,45.0,45.0,45.0,35.32848,35.32848,35.32848
201514E,2015090312,45.0,50.0,45.0,45.0,45.0,45.0,45.0,40.743706,40.743706,40.743706
201514E,2015090315,48.0,48.0,45.0,43.0,48.0,48.0,48.0,42.35731,42.35731,42.35731
201514E,2015090318,50.0,45.0,45.0,40.0,50.0,50.0,50.0,47.834476,47.834476,47.834476
201514E,2015090321,48.0,45.0,45.0,38.0,48.0,48.0,48.0,51.52498,51.52498,51.52498
201514E,2015090400,45.0,45.0,45.0,35.0,45.0,45.0,45.0,54.019024,54.019024,54.019024
201514E,2015090403,45.0,45.0,43.0,33.0,45.0,45.0,45.0,53.774426,53.774426,53.774426
201514E,2015090406,45.0,45.0,40.0,30.0,45.0,45.0,45.0,57.64278,57.64278,57.64278
201514E,2015090409,45.0,43.0,38.0,28.0,45.0,45.0,45.0,53.73497,53.73497,53.73497
201514E,2015090412,45.0,40.0,35.0,25.0,45.0,45.0,45.0,54.712826,54.712826,54.712826
201514E,2015090415,43.0,38.0,33.0,23.0,43.0,43.0,43.0,47.759735,47.759735,47.759735
201514E,2015090418,40.0,35.0,30.0,20.0,40.0,40.0,40.0,57.684513,57.684513,57.684513
201514E,2015090421,38.0,33.0,28.0,18.0,38.0,38.0,38.0,63.837772,63.837772,63.837772
201514E,2015090500,35.0,30.0,25.0,15.0,35.0,35.0,35.0,52.2125,52.2125,52.2125
201514E,2015090503,33.0,28.0,23.0,15.0,33.0,33.0,33.0,36.086685,36.086685,36.086685
201514E,2015090506,30.0,25.0,20.0,15.0,30.0,30.0,30.0,30.9224,30.9224,30.9224
201516W,2015081412,30.0,35.0,40.0,50.0,30.0,30.0,30.0,28.752895,28.752895,28.752895
201516W,2015081415,33.0,38.0,43.0,53.0,33.0,33.0,33.0,31.203121,31.203121,31.203121
201516W,2015081418,35.0,40.0,45.0,55.0,35.0,35.0,35.0,32.54996,32.54996,32.54996
201516W,2015081421,38.0,43.0,48.0,58.0,38.0,38.0,38.0,32.273033,32.273033,32.273033
201516W,2015081500,40.0,45.0,50.0,60.0,40.0,40.0,40.0,35.409634,35.409634,35.409634
201516W,2015081503,43.0,48.0,53.0,63.0,43.0,43.0,43.0,37.0543,37.0543,37.0543
201516W,2015081506,45.0,50.0,55.0,65.0,45.0,45.0,45.0,38.029125,38.029125,38.029125
201516W,2015081509,48.0,53.0,58.0,68.0,48.0,48.0,48.0,41.140526,41.140526,41.140526
201516W,2015081512,50.0,55.0,60.0,70.0,50.0,50.0,50.0,42.510006,42.510006,42.510006
201516W,2015081515,53.0,58.0,63.0,80.0,53.0,53.0,53.0,39.78733,39.78733,39.78733
201516W,2015081518,55.0,60.0,65.0,90.0,55.0,55.0,55.0,48.964863,48.964863,48.964863
201516W,2015081521,58.0,63.0,68.0,105.0,58.0,58.0,58.0,49.405697,49.405697,49.405697
201516W,2015081600,60.0,65.0,70.0,120.0,60.0,60.0,60.0,49.699738,49.699738,49.699738
201516W,2015081603,63.0,68.0,80.0,118.0,63.0,63.0,63.0,52.768383,52.768383,52.768383
201516W,2015081606,65.0,70.0,90.0,115.0,65.0,65.0,65.0,50.49493,50.49493,50.49493
201516W,2015081609,68.0,80.0,105.0,115.0,68.0,68.0,68.0,44.001247,44.001247,44.001247
201516W,2015081612,70.0,90.0,120.0,115.0,70.0,70.0,70.0,42.312687,42.312687,42.312687
201516W,2015081615,80.0,105.0,118.0,115.0,80.0,80.0,80.0,51.77445,51.77445,51.77445
201516W,2015081618,90.0,120.0,115.0,115.0,90.0,90.0,90.0,60.23345,60.23345,60.23345
201516W,2015081621,105.0,118.0,115.0,110.0,105.0,105.0,105.0,93.0838,93.0838,93.0838
201516W,2015081700,120.0,115.0,115.0,105.0,120.0,120.0,120.0,104.08099,104.08099,104.08099
201516W,2015081703,118.0,115.0,115.0,105.0,118.0,118.0,118.0,101.40852,101.40852,101.40852
201516W,2015081706,115.0,115.0,115.0,105.0,115.0,115.0,115.0,63.97908,63.97908,63.97908
201516W,2015081709,115.0,115.0,110.0,105.0,115.0,115.0,115.0,69.945,69.945,69.945
201516W,2015081712,115.0,115.0,105.0,105.0,115.0,115.0,115.0,72.508575,72.508575,72.508575
201516W,2015081715,115.0,110.0,105.0,103.0,115.0,115.0,115.0,94.11568,94.11568,94.11568
201516W,2015081718,115.0,105.0,105.0,100.0,115.0,115.0,115.0,89.957954,89.957954,89.957954
201516W,2015081721,110.0,105.0,105.0,100.0,110.0,110.0,110.0,96.71192,96.71192,96.71192
201516W,2015081800,105.0,105.0,105.0,100.0,105.0,105.0,105.0,112.35661,112.35661,112.35661
201516W,2015081803,105.0,105.0,103.0,105.0,105.0,105.0,105.0,96.534454,96.534454,96.534454
201516W,2015081806,105.0,105.0,100.0,110.0,105.0,105.0,105.0,98.29049,98.29049,98.29049
201516W,2015081809,105.0,103.0,100.0,115.0,105.0,105.0,105.0,98.584435,98.584435,98.584435
201516W,2015081812,105.0,100.0,100.0,120.0,105.0,105.0,105.0,94.52861,94.52861,94.52861
201516W,2015081815,103.0,100.0,105.0,118.0,103.0,103.0,103.0,109.33519,109.33519,109.33519
201516W,2015081818,100.0,100.0,110.0,115.0,100.0,100.0,100.0,101.865204,101.865204,101.865204
201516W,2015081821,100.0,105.0,115.0,115.0,100.0,100.0,100.0,71.751915,71.751915,71.751915
201516W,2015081900,100.0,110.0,120.0,115.0,100.0,100.0,100.0,77.85397,77.85397,77.85397
201516W,2015081903,105.0,115.0,118.0,113.0,105.0,105.0,105.0,92.07524,92.07524,92.07524
201516W,2015081906,110.0,120.0,115.0,110.0,110.0,110.0,110.0,84.652306,84.652306,84.652306
201516W,2015081909,115.0,118.0,115.0,108.0,115.0,115.0,115.0,101.95089,101.95089,101.95089
201516W,2015081912,120.0,115.0,115.0,105.0,120.0,120.0,120.0,118.05511,118.05511,118.05511
201516W,2015081915,118.0,115.0,113.0,103.0,118.0,118.0,118.0,116.310844,116.310844,116.310844
201516W,2015081918,115.0,115.0,110.0,100.0,115.0,115.0,115.0,119.29719,119.29719,119.29719
201516W,2015081921,115.0,113.0,108.0,98.0,115.0,115.0,115.0,104.201385,104.201385,104.201385
201516W,2015082000,115.0,110.0,105.0,95.0,115.0,115.0,115.0,109.3024,109.3024,109.3024
201516W,2015082003,113.0,108.0,103.0,93.0,113.0,113.0,113.0,106.29118,106.29118,106.29118
201516W,2015082006,110.0,105.0,100.0,90.0,110.0,110.0,110.0,89.21747,89.21747,89.21747
201516W,2015082009,108.0,103.0,98.0,88.0,108.0,108.0,108.0,106.894806,106.894806,106.894806
201516W,2015082012,105.0,100.0,95.0,85.0,105.0,105.0,105.0,89.074745,89.074745,89.074745
201516W,2015082015,103.0,98.0,93.0,83.0,103.0,103.0,103.0,103.05087,103.05087,103.05087
201516W,2015082018,100.0,95.0,90.0,80.0,100.0,100.0,100.0,99.00967,99.00967,99.00967
201516W,2015082021,98.0,93.0,88.0,80.0,98.0,98.0,98.0,71.56751,71.56751,71.56751
201516W,2015082100,95.0,90.0,85.0,80.0,95.0,95.0,95.0,82.40501,82.40501,82.40501
201516W,2015082103,93.0,88.0,83.0,80.0,93.0,93.0,93.0,73.391365,73.391365,73.391365
201516W,2015082106,90.0,85.0,80.0,80.0,90.0,90.0,90.0,97.610245,97.610245,97.610245
201516W,2015082109,88.0,83.0,80.0,78.0,88.0,88.0,88.0,91.41695,91.41695,91.41695
201516W,2015082112,85.0,80.0,80.0,75.0,85.0,85.0,85.0,95.04052,95.04052,95.04052
201516W,2015082115,83.0,80.0,80.0,73.0,83.0,83.0,83.0,75.4832,75.4832,75.4832
201516W,2015082118,80.0,80.0,80.0,70.0,80.0,80.0,80.0,90.461044,90.461044,90.461044
201516W,2015082121,80.0,80.0,78.0,75.0,80.0,80.0,80.0,85.529396,85.529396,85.529396
201516W,2015082200,80.0,80.0,75.0,80.0,80.0,80.0,80.0,85.15197,85.15197,85.15197
201516W,2015082203,80.0,78.0,73.0,85.0,80.0,80.0,80.0,77.64954,77.64954,77.64954
201516W,2015082206,80.0,75.0,70.0,90.0,80.0,80.0,80.0,76.27147,76.27147,76.27147
201516W,2015082209,78.0,73.0,75.0,98.0,78.0,78.0,78.0,77.55198,77.55198,77.55198
201516W,2015082212,75.0,70.0,80.0,105.0,75.0,75.0,75.0,66.373886,66.373886,66.373886
201516W,2015082215,73.0,75.0,85.0,110.0,73.0,73.0,73.0,57.586143,57.586143,57.586143
201516W,2015082218,70.0,80.0,90.0,115.0,70.0,70.0,70.0,57.299164,57.299164,57.299164
201516W,2015082221,75.0,85.0,98.0,115.0,75.0,75.0,75.0,64.30935,64.30935,64.30935
201516W,2015082300,80.0,90.0,105.0,115.0,80.0,80.0,80.0,69.99676,69.99676,69.99676
201516W,2015082303,85.0,98.0,110.0,115.0,85.0,85.0,85.0,86.627464,86.627464,86.627464
201516W,2015082306,90.0,105.0,115.0,115.0,90.0,90.0,90.0,96.091,96.091,96.091
201516W,2015082309,98.0,110.0,115.0,113.0,98.0,98.0,98.0,98.32531,98.32531,98.32531
201516W,2015082312,105.0,115.0,115.0,110.0,105.0,105.0,105.0,109.18137,109.18137,109.18137
201516W,2015082315,110.0,115.0,115.0,110.0,110.0,110.0,110.0,110.58916,110.58916,110.58916
201516W,2015082318,115.0,115.0,115.0,110.0,115.0,115.0,115.0,110.56838,110.56838,110.56838
201516W,2015082321,115.0,115.0,113.0,98.0,115.0,115.0,115.0,95.25985,95.25985,95.25985
201516W,2015082400,115.0,115.0,110.0,85.0,115.0,115.0,115.0,103.896095,103.896095,103.896095
201516W,2015082403,115.0,113.0,110.0,75.0,115.0,115.0,115.0,102.00196,102.00196,102.00196
201516W,2015082406,115.0,110.0,110.0,65.0,115.0,115.0,115.0,97.086174,97.086174,97.086174
201516W,2015082409,113.0,110.0,98.0,58.0,113.0,113.0,113.0,100.72544,100.72544,100.72544
201516W,2015082412,110.0,110.0,85.0,50.0,110.0,110.0,110.0,95.96387,95.96387,95.96387
201516W,2015082415,110.0,98.0,75.0,50.0,110.0,110.0,110.0,103.7698,103.7698,103.7698
201516W,2015082418,110.0,85.0,65.0,50.0,110.0,110.0,110.0,94.74109,94.74109,94.74109
201516W,2015082421,98.0,75.0,58.0,48.0,98.0,98.0,98.0,61.46843,61.46843,61.46843
201516W,2015082500,85.0,65.0,50.0,45.0,85.0,85.0,85.0,66.010216,66.010216,66.010216
201518E,2015100918,30.0,35.0,35.0,45.0,30.0,30.0,30.0,33.852783,33.852783,33.852783
201518E,2015100921,33.0,35.0,38.0,45.0,33.0,33.0,33.0,37.011448,37.011448,37.011448
201518E,2015101000,35.0,35.0,40.0,45.0,35.0,35.0,35.0,31.243141,31.243141,31.243141
201518E,2015101003,35.0,38.0,43.0,48.0,35.0,35.0,35.0,34.505215,34.505215,34.505215
201518E,2015101006,35.0,40.0,45.0,50.0,35.0,35.0,35.0,33.510143,33.510143,33.510143
201518E,2015101009,38.0,43.0,45.0,53.0,38.0,38.0,38.0,35.334057,35.334057,35.334057
201518E,2015101012,40.0,45.0,45.0,55.0,40.0,40.0,40.0,33.483913,33.483913,33.483913
201518E,2015101015,43.0,45.0,48.0,58.0,43.0,43.0,43.0,35.816265,35.816265,35.816265
201518E,2015101018,45.0,45.0,50.0,60.0,45.0,45.0,45.0,39.82481,39.82481,39.82481
201518E,2015101021,45.0,48.0,53.0,60.0,45.0,45.0,45.0,36.898457,36.898457,36.898457
201518E,2015101100,45.0,50.0,55.0,60.0,45.0,45.0,45.0,35.341724,35.341724,35.341724
201518E,2015101103,48.0,53.0,58.0,60.0,48.0,48.0,48.0,35.639004,35.639004,35.639004
201518E,2015101106,50.0,55.0,60.0,60.0,50.0,50.0,50.0,40.05752,40.05752,40.05752
201518E,2015101109,53.0,58.0,60.0,58.0,53.0,53.0,53.0,41.13972,41.13972,41.13972
201518E,2015101112,55.0,60.0,60.0,55.0,55.0,55.0,55.0,33.978436,33.978436,33.978436
201518E,2015101115,58.0,60.0,60.0,53.0,58.0,58.0,58.0,30.644514,30.644514,30.644514
201518E,2015101118,60.0,60.0,60.0,50.0,60.0,60.0,60.0,32.188774,32.188774,32.188774
201518E,2015101121,60.0,60.0,58.0,48.0,60.0,60.0,60.0,35.661953,35.661953,35.661953
201518E,2015101200,60.0,60.0,55.0,45.0,60.0,60.0,60.0,46.098198,46.098198,46.098198
201518E,2015101203,60.0,58.0,53.0,43.0,60.0,60.0,60.0,56.76789,56.76789,56.76789
201518E,2015101206,60.0,55.0,50.0,40.0,60.0,60.0,60.0,46.24791,46.24791,46.24791
201518E,2015101209,58.0,53.0,48.0,40.0,58.0,58.0,58.0,46.200497,46.200497,46.200497
201518E,2015101212,55.0,50.0,45.0,40.0,55.0,55.0,55.0,45.39624,45.39624,45.39624
201518E,2015101215,53.0,48.0,43.0,40.0,53.0,53.0,53.0,35.01907,35.01907,35.01907
201518E,2015101218,50.0,45.0,40.0,40.0,50.0,50.0,50.0,32.357452,32.357452,32.357452
201518E,2015101221,48.0,43.0,40.0,38.0,48.0,48.0,48.0,45.564285,45.564285,45.564285
201518E,2015101300,45.0,40.0,40.0,35.0,45.0,45.0,45.0,38.989403,38.989403,38.989403
201518E,2015101303,43.0,40.0,40.0,33.0,43.0,43.0,43.0,35.90208,35.90208,35.90208
201518E,2015101306,40.0,40.0,40.0,30.0,40.0,40.0,40.0,34.44686,34.44686,34.44686
201518E,2015101309,40.0,40.0,38.0,30.0,40.0,40.0,40.0,29.118122,29.118122,29.118122
201518E,2015101312,40.0,40.0,35.0,30.0,40.0,40.0,40.0,39.657852,39.657852,39.657852
201518E,2015101315,40.0,38.0,33.0,28.0,40.0,40.0,40.0,43.113537,43.113537,43.113537
201518E,2015101318,40.0,35.0,30.0,25.0,40.0,40.0,40.0,48.77669,48.77669,48.77669
201518E,2015101321,38.0,33.0,30.0,25.0,38.0,38.0,38.0,51.127514,51.127514,51.127514
201518E,2015101400,35.0,30.0,30.0,25.0,35.0,35.0,35.0,43.382477,43.382477,43.382477
201518E,2015101403,33.0,30.0,28.0,25.0,33.0,33.0,33.0,38.737465,38.737465,38.737465
201518E,2015101406,30.0,30.0,25.0,25.0,30.0,30.0,30.0,32.238033,32.238033,32.238033
201518E,2015101409,30.0,28.0,25.0,25.0,30.0,30.0,30.0,39.868057,39.868057,39.868057
201518E,2015101412,30.0,25.0,25.0,25.0,30.0,30.0,30.0,35.526333,35.526333,35.526333
201518E,2015101415,28.0,25.0,25.0,25.0,28.0,28.0,28.0,33.228024,33.228024,33.228024
201518E,2015101418,25.0,25.0,25.0,25.0,25.0,25.0,25.0,34.77386,34.77386,34.77386
201520W,2015091418,25.0,30.0,35.0,40.0,25.0,25.0,25.0,32.020584,32.020584,32.020584
201520W,2015091421,28.0,33.0,35.0,43.0,28.0,28.0,28.0,29.076881,29.076881,29.076881
201520W,2015091500,30.0,35.0,35.0,45.0,30.0,30.0,30.0,32.620453,32.620453,32.620453
201520W,2015091503,33.0,35.0,38.0,50.0,33.0,33.0,33.0,31.692743,31.692743,31.692743
201520W,2015091506,35.0,35.0,40.0,55.0,35.0,35.0,35.0,44.187466,44.187466,44.187466
201520W,2015091509,35.0,38.0,43.0,58.0,35.0,35.0,35.0,47.126953,47.126953,47.126953
201520W,2015091512,35.0,40.0,45.0,60.0,35.0,35.0,35.0,50.14361,50.14361,50.14361
201520W,2015091515,38.0,43.0,50.0,65.0,38.0,38.0,38.0,39.288445,39.288445,39.288445
201520W,2015091518,40.0,45.0,55.0,70.0,40.0,40.0,40.0,42.76249,42.76249,42.76249
201520W,2015091521,43.0,50.0,58.0,75.0,43.0,43.0,43.0,33.507153,33.507153,33.507153
201520W,2015091600,45.0,55.0,60.0,80.0,45.0,45.0,45.0,40.046623,40.046623,40.046623
201520W,2015091603,50.0,58.0,65.0,85.0,50.0,50.0,50.0,46.365578,46.365578,46.365578
201520W,2015091606,55.0,60.0,70.0,90.0,55.0,55.0,55.0,50.775505,50.775505,50.775505
201520W,2015091609,58.0,65.0,75.0,95.0,58.0,58.0,58.0,58.879383,58.879383,58.879383
201520W,2015091612,60.0,70.0,80.0,100.0,60.0,60.0,60.0,56.418507,56.418507,56.418507
201520W,2015091615,65.0,75.0,85.0,100.0,65.0,65.0,65.0,56.656643,56.656643,56.656643
201520W,2015091618,70.0,80.0,90.0,100.0,70.0,70.0,70.0,56.472187,56.472187,56.472187
201520W,2015091621,75.0,85.0,95.0,98.0,75.0,75.0,75.0,51.71561,51.71561,51.71561
201520W,2015091700,80.0,90.0,100.0,95.0,80.0,80.0,80.0,65.706726,65.706726,65.706726
201520W,2015091703,85.0,95.0,100.0,93.0,85.0,85.0,85.0,59.838203,59.838203,59.838203
201520W,2015091706,90.0,100.0,100.0,90.0,90.0,90.0,90.0,87.168495,87.168495,87.168495
201520W,2015091709,95.0,100.0,98.0,88.0,95.0,95.0,95.0,97.48097,97.48097,97.48097
201520W,2015091712,100.0,100.0,95.0,85.0,100.0,100.0,100.0,102.773506,102.773506,102.773506
201520W,2015091715,100.0,98.0,93.0,83.0,100.0,100.0,100.0,86.02667,86.02667,86.02667
201520W,2015091718,100.0,95.0,90.0,80.0,100.0,100.0,100.0,86.43431,86.43431,86.43431
201520W,2015091721,98.0,93.0,88.0,78.0,98.0,98.0,98.0,57.535233,57.535233,57.535233
201520W,2015091800,95.0,90.0,85.0,75.0,95.0,95.0,95.0,86.62719,86.62719,86.62719
201520W,2015091803,93.0,88.0,83.0,73.0,93.0,93.0,93.0,67.18584,67.18584,67.18584
201520W,2015091806,90.0,85.0,80.0,70.0,90.0,90.0,90.0,57.44295,57.44295,57.44295
201520W,2015091809,88.0,83.0,78.0,65.0,88.0,88.0,88.0,67.97144,67.97144,67.97144
201520W,2015091812,85.0,80.0,75.0,60.0,85.0,85.0,85.0,49.1033,49.1033,49.1033
201520W,2015091815,83.0,78.0,73.0,58.0,83.0,83.0,83.0,60.888294,60.888294,60.888294
201520W,2015091818,80.0,75.0,70.0,55.0,80.0,80.0,80.0,67.31612,67.31612,67.31612
201520W,2015091821,78.0,73.0,65.0,53.0,78.0,78.0,78.0,59.969067,59.969067,59.969067
201520W,2015091900,75.0,70.0,60.0,50.0,75.0,75.0,75.0,62.465603,62.465603,62.465603
201520W,2015091903,73.0,65.0,58.0,48.0,73.0,73.0,73.0,71.223465,71.223465,71.223465
201520W,2015091906,70.0,60.0,55.0,45.0,70.0,70.0,70.0,87.509155,87.509155,87.509155
201520W,2015091909,65.0,58.0,53.0,43.0,65.0,65.0,65.0,66.979004,66.979004,66.979004
201520W,2015091912,60.0,55.0,50.0,40.0,60.0,60.0,60.0,68.752594,68.752594,68.752594
201520W,2015091915,58.0,53.0,48.0,40.0,58.0,58.0,58.0,54.172585,54.172585,54.172585
201520W,2015091918,55.0,50.0,45.0,40.0,55.0,55.0,55.0,60.681976,60.681976,60.681976
201520W,2015091921,53.0,48.0,43.0,40.0,53.0,53.0,53.0,44.609272,44.609272,44.609272
201520W,2015092000,50.0,45.0,40.0,40.0,50.0,50.0,50.0,44.500385,44.500385,44.500385
201525W,2015101400,30.0,35.0,40.0,45.0,30.0,30.0,30.0,30.502317,30.502317,30.502317
201525W,2015101403,33.0,38.0,40.0,45.0,33.0,33.0,33.0,30.072643,30.072643,30.072643
201525W,2015101406,35.0,40.0,40.0,45.0,35.0,35.0,35.0,37.068638,37.068638,37.068638
201525W,2015101409,38.0,40.0,43.0,45.0,38.0,38.0,38.0,37.295002,37.295002,37.295002
201525W,2015101412,40.0,40.0,45.0,45.0,40.0,40.0,40.0,43.26473,43.26473,43.26473
201525W,2015101415,40.0,43.0,45.0,48.0,40.0,40.0,40.0,37.942616,37.942616,37.942616
201525W,2015101418,40.0,45.0,45.0,50.0,40.0,40.0,40.0,39.196095,39.196095,39.196095
201525W,2015101421,43.0,45.0,45.0,53.0,43.0,43.0,43.0,40.054314,40.054314,40.054314
201525W,2015101500,45.0,45.0,45.0,55.0,45.0,45.0,45.0,35.15026,35.15026,35.15026
201525W,2015101503,45.0,45.0,48.0,55.0,45.0,45.0,45.0,32.495354,32.495354,32.495354
201525W,2015101506,45.0,45.0,50.0,55.0,45.0,45.0,45.0,36.59573,36.59573,36.59573
201525W,2015101509,45.0,48.0,53.0,58.0,45.0,45.0,45.0,36.73864,36.73864,36.73864
201525W,2015101512,45.0,50.0,55.0,60.0,45.0,45.0,45.0,39.441467,39.441467,39.441467
201525W,2015101515,48.0,53.0,55.0,63.0,48.0,48.0,48.0,38.80216,38.80216,38.80216
201525W,2015101518,50.0,55.0,55.0,65.0,50.0,50.0,50.0,47.10034,47.10034,47.10034
201525W,2015101521,53.0,55.0,58.0,70.0,53.0,53.0,53.0,41.691174,41.691174,41.691174
201525W,2015101600,55.0,55.0,60.0,75.0,55.0,55.0,55.0,44.464085,44.464085,44.464085
201525W,2015101603,55.0,58.0,63.0,80.0,55.0,55.0,55.0,48.956135,48.956135,48.956135
201525W,2015101606,55.0,60.0,65.0,85.0,55.0,55.0,55.0,55.05552,55.05552,55.05552
201525W,2015101609,58.0,63.0,70.0,88.0,58.0,58.0,58.0,59.643833,59.643833,59.643833
201525W,2015101612,60.0,65.0,75.0,90.0,60.0,60.0,60.0,57.20689,57.20689,57.20689
201525W,2015101615,63.0,70.0,80.0,90.0,63.0,63.0,63.0,57.512497,57.512497,57.512497
201525W,2015101618,65.0,75.0,85.0,90.0,65.0,65.0,65.0,45.234985,45.234985,45.234985
201525W,2015101621,70.0,80.0,88.0,95.0,70.0,70.0,70.0,56.00272,56.00272,56.00272
201525W,2015101700,75.0,85.0,90.0,100.0,75.0,75.0,75.0,60.11418,60.11418,60.11418
201525W,2015101703,80.0,88.0,90.0,108.0,80.0,80.0,80.0,94.247284,94.247284,94.247284
201525W,2015101706,85.0,90.0,90.0,115.0,85.0,85.0,85.0,68.55599,68.55599,68.55599
201525W,2015101709,88.0,90.0,95.0,120.0,88.0,88.0,88.0,78.741905,78.741905,78.741905
201525W,2015101712,90.0,90.0,100.0,125.0,90.0,90.0,90.0,82.9462,82.9462,82.9462
201525W,2015101715,90.0,95.0,108.0,123.0,90.0,90.0,90.0,79.28262,79.28262,79.28262
201525W,2015101718,90.0,100.0,115.0,120.0,90.0,90.0,90.0,77.20685,77.20685,77.20685
201525W,2015101721,95.0,108.0,120.0,115.0,95.0,95.0,95.0,76.53132,76.53132,76.53132
201525W,2015101800,100.0,115.0,125.0,110.0,100.0,100.0,100.0,98.997025,98.997025,98.997025
201525W,2015101803,108.0,120.0,123.0,108.0,108.0,108.0,108.0,99.49762,99.49762,99.49762
201525W,2015101806,115.0,125.0,120.0,105.0,115.0,115.0,115.0,109.42103,109.42103,109.42103
201525W,2015101809,120.0,123.0,115.0,103.0,120.0,120.0,120.0,117.56113,117.56113,117.56113
201525W,2015101812,125.0,120.0,110.0,100.0,125.0,125.0,125.0,109.24477,109.24477,109.24477
201525W,2015101815,123.0,115.0,108.0,98.0,123.0,123.0,123.0,105.1289,105.1289,105.1289
201525W,2015101818,120.0,110.0,105.0,95.0,120.0,120.0,120.0,104.21896,104.21896,104.21896
201525W,2015101821,115.0,108.0,103.0,93.0,115.0,115.0,115.0,98.005714,98.005714,98.005714
201525W,2015101900,110.0,105.0,100.0,90.0,110.0,110.0,110.0,97.83955,97.83955,97.83955
201525W,2015101903,108.0,103.0,98.0,88.0,108.0,108.0,108.0,98.586334,98.586334,98.586334
201525W,2015101906,105.0,100.0,95.0,85.0,105.0,105.0,105.0,108.79977,108.79977,108.79977
201525W,2015101909,103.0,98.0,93.0,83.0,103.0,103.0,103.0,97.50269,97.50269,97.50269
201525W,2015101912,100.0,95.0,90.0,80.0,100.0,100.0,100.0,90.99058,90.99058,90.99058
201525W,2015101915,98.0,93.0,88.0,78.0,98.0,98.0,98.0,75.63205,75.63205,75.63205
201525W,2015101918,95.0,90.0,85.0,75.0,95.0,95.0,95.0,71.92234,71.92234,71.92234
201525W,2015101921,93.0,88.0,83.0,75.0,93.0,93.0,93.0,68.172424,68.172424,68.172424
201525W,2015102000,90.0,85.0,80.0,75.0,90.0,90.0,90.0,60.615833,60.615833,60.615833
201525W,2015102003,88.0,83.0,78.0,78.0,88.0,88.0,88.0,65.383255,65.383255,65.383255
201525W,2015102006,85.0,80.0,75.0,80.0,85.0,85.0,85.0,72.67506,72.67506,72.67506
201525W,2015102009,83.0,78.0,75.0,83.0,83.0,83.0,83.0,71.242714,71.242714,71.242714
201525W,2015102012,80.0,75.0,75.0,85.0,80.0,80.0,80.0,67.64687,67.64687,67.64687
201525W,2015102015,78.0,75.0,78.0,88.0,78.0,78.0,78.0,77.56118,77.56118,77.56118
201525W,2015102018,75.0,75.0,80.0,90.0,75.0,75.0,75.0,72.17811,72.17811,72.17811
201525W,2015102021,75.0,78.0,83.0,95.0,75.0,75.0,75.0,73.98906,73.98906,73.98906
201525W,2015102100,75.0,80.0,85.0,100.0,75.0,75.0,75.0,91.74849,91.74849,91.74849
201525W,2015102103,78.0,83.0,88.0,103.0,78.0,78.0,78.0,70.11091,70.11091,70.11091
201525W,2015102106,80.0,85.0,90.0,105.0,80.0,80.0,80.0,83.68313,83.68313,83.68313
201525W,2015102109,83.0,88.0,95.0,105.0,83.0,83.0,83.0,88.18781,88.18781,88.18781
201525W,2015102112,85.0,90.0,100.0,105.0,85.0,85.0,85.0,78.02509,78.02509,78.02509
201525W,2015102115,88.0,95.0,103.0,103.0,88.0,88.0,88.0,103.145325,103.145325,103.145325
201525W,2015102118,90.0,100.0,105.0,100.0,90.0,90.0,90.0,96.62304,96.62304,96.62304
201525W,2015102121,95.0,103.0,105.0,98.0,95.0,95.0,95.0,91.63004,91.63004,91.63004
201525W,2015102200,100.0,105.0,105.0,95.0,100.0,100.0,100.0,98.411575,98.411575,98.411575
201525W,2015102203,103.0,105.0,103.0,93.0,103.0,103.0,103.0,102.59988,102.59988,102.59988
201525W,2015102206,105.0,105.0,100.0,90.0,105.0,105.0,105.0,106.71623,106.71623,106.71623
201525W,2015102209,105.0,103.0,98.0,85.0,105.0,105.0,105.0,112.214836,112.214836,112.214836
201525W,2015102212,105.0,100.0,95.0,80.0,105.0,105.0,105.0,102.6555,102.6555,102.6555
201525W,2015102215,103.0,98.0,93.0,78.0,103.0,103.0,103.0,99.64354,99.64354,99.64354
201525W,2015102218,100.0,95.0,90.0,75.0,100.0,100.0,100.0,97.21999,97.21999,97.21999
201525W,2015102221,98.0,93.0,85.0,73.0,98.0,98.0,98.0,93.63725,93.63725,93.63725
201525W,2015102300,95.0,90.0,80.0,70.0,95.0,95.0,95.0,79.22171,79.22171,79.22171
201525W,2015102303,93.0,85.0,78.0,65.0,93.0,93.0,93.0,77.695816,77.695816,77.695816
201525W,2015102306,90.0,80.0,75.0,60.0,90.0,90.0,90.0,82.19222,82.19222,82.19222
201525W,2015102309,85.0,78.0,73.0,60.0,85.0,85.0,85.0,72.44821,72.44821,72.44821
201525W,2015102312,80.0,75.0,70.0,60.0,80.0,80.0,80.0,70.93989,70.93989,70.93989
201525W,2015102315,78.0,73.0,65.0,58.0,78.0,78.0,78.0,60.838646,60.838646,60.838646
201525W,2015102318,75.0,70.0,60.0,55.0,75.0,75.0,75.0,64.159325,64.159325,64.159325
201525W,2015102321,73.0,65.0,60.0,53.0,73.0,73.0,73.0,60.473114,60.473114,60.473114
201525W,2015102400,70.0,60.0,60.0,50.0,70.0,70.0,70.0,52.913548,52.913548,52.913548
201525W,2015102403,65.0,60.0,58.0,50.0,65.0,65.0,65.0,62.246788,62.246788,62.246788
201525W,2015102406,60.0,60.0,55.0,50.0,60.0,60.0,60.0,63.32352,63.32352,63.32352
201601L,2016010712,50.0,55.0,55.0,45.0,50.0,50.0,50.0,39.819286,39.819286,39.819286
201601L,2016010715,52.0,55.0,55.0,45.0,52.0,52.0,52.0,42.869316,42.869316,42.869316
201601L,2016010718,55.0,55.0,55.0,45.0,55.0,55.0,55.0,54.26461,54.26461,54.26461
201601L,2016010721,55.0,55.0,50.0,45.0,55.0,55.0,55.0,60.914043,60.914043,60.914043
201601L,2016010800,55.0,55.0,45.0,45.0,55.0,55.0,55.0,52.883797,52.883797,52.883797
201601L,2016010803,55.0,50.0,45.0,48.0,55.0,55.0,55.0,52.724834,52.724834,52.724834
201601L,2016010806,55.0,45.0,45.0,50.0,55.0,55.0,55.0,48.20763,48.20763,48.20763
201601L,2016010809,50.0,45.0,45.0,52.0,50.0,50.0,50.0,51.421474,51.421474,51.421474
201601L,2016010812,45.0,45.0,45.0,55.0,45.0,45.0,45.0,45.183315,45.183315,45.183315
201601L,2016010815,45.0,45.0,48.0,58.0,45.0,45.0,45.0,40.74768,40.74768,40.74768
201601L,2016010818,45.0,45.0,50.0,60.0,45.0,45.0,45.0,41.10229,41.10229,41.10229
201601L,2016010821,45.0,48.0,52.0,62.0,45.0,45.0,45.0,36.38085,36.38085,36.38085
201601L,2016010900,45.0,50.0,55.0,65.0,45.0,45.0,45.0,37.69485,37.69485,37.69485
201601L,2016010903,48.0,52.0,58.0,65.0,48.0,48.0,48.0,36.529312,36.529312,36.529312
201601L,2016010906,50.0,55.0,60.0,65.0,50.0,50.0,50.0,47.025387,47.025387,47.025387
201601L,2016010909,52.0,58.0,62.0,65.0,52.0,52.0,52.0,47.057056,47.057056,47.057056
201601L,2016010912,55.0,60.0,65.0,65.0,55.0,55.0,55.0,44.82749,44.82749,44.82749
201601L,2016010915,58.0,62.0,65.0,62.0,58.0,58.0,58.0,54.833046,54.833046,54.833046
201601L,2016010918,60.0,65.0,65.0,60.0,60.0,60.0,60.0,44.250805,44.250805,44.250805
201601L,2016010921,62.0,65.0,65.0,58.0,62.0,62.0,62.0,48.127525,48.127525,48.127525
201601L,2016011000,65.0,65.0,65.0,55.0,65.0,65.0,65.0,49.839394,49.839394,49.839394
201601L,2016011003,65.0,65.0,62.0,55.0,65.0,65.0,65.0,43.299606,43.299606,43.299606
201601L,2016011006,65.0,65.0,60.0,55.0,65.0,65.0,65.0,41.175896,41.175896,41.175896
201601L,2016011009,65.0,62.0,58.0,55.0,65.0,65.0,65.0,48.879723,48.879723,48.879723
201601L,2016011012,65.0,60.0,55.0,55.0,65.0,65.0,65.0,51.57345,51.57345,51.57345
201601L,2016011015,62.0,58.0,55.0,52.0,62.0,62.0,62.0,46.666294,46.666294,46.666294
201601L,2016011018,60.0,55.0,55.0,50.0,60.0,60.0,60.0,45.590984,45.590984,45.590984
201601L,2016011021,58.0,55.0,55.0,50.0,58.0,58.0,58.0,52.329548,52.329548,52.329548
201601L,2016011100,55.0,55.0,55.0,50.0,55.0,55.0,55.0,47.88343,47.88343,47.88343
201601L,2016011103,55.0,55.0,52.0,50.0,55.0,55.0,55.0,56.33757,56.33757,56.33757
201601L,2016011106,55.0,55.0,50.0,50.0,55.0,55.0,55.0,38.988766,38.988766,38.988766
201601L,2016011109,55.0,52.0,50.0,50.0,55.0,55.0,55.0,45.366985,45.366985,45.366985
201601L,2016011112,55.0,50.0,50.0,50.0,55.0,55.0,55.0,45.09373,45.09373,45.09373
201601L,2016011115,52.0,50.0,50.0,50.0,52.0,52.0,52.0,47.430714,47.430714,47.430714
201601L,2016011118,50.0,50.0,50.0,50.0,50.0,50.0,50.0,49.922634,49.922634,49.922634
201601L,2016011121,50.0,50.0,50.0,50.0,50.0,50.0,50.0,37.930252,37.930252,37.930252
201601L,2016011200,50.0,50.0,50.0,50.0,50.0,50.0,50.0,35.661674,35.661674,35.661674
201601L,2016011203,50.0,50.0,50.0,48.0,50.0,50.0,50.0,35.28094,35.28094,35.28094
201601L,2016011206,50.0,50.0,50.0,45.0,50.0,50.0,50.0,33.678852,33.678852,33.678852
201601L,2016011209,50.0,50.0,50.0,45.0,50.0,50.0,50.0,35.410824,35.410824,35.410824
201601L,2016011212,50.0,50.0,50.0,45.0,50.0,50.0,50.0,38.280224,38.280224,38.280224
201601L,2016011215,50.0,50.0,48.0,45.0,50.0,50.0,50.0,41.74713,41.74713,41.74713
201601L,2016011218,50.0,50.0,45.0,45.0,50.0,50.0,50.0,36.422916,36.422916,36.422916
201601L,2016011221,50.0,48.0,45.0,50.0,50.0,50.0,50.0,44.465366,44.465366,44.465366
201601L,2016011300,50.0,45.0,45.0,55.0,50.0,50.0,50.0,43.861126,43.861126,43.861126
201601L,2016011303,48.0,45.0,45.0,60.0,48.0,48.0,48.0,45.827183,45.827183,45.827183
201601L,2016011306,45.0,45.0,45.0,65.0,45.0,45.0,45.0,43.927948,43.927948,43.927948
201601L,2016011309,45.0,45.0,50.0,70.0,45.0,45.0,45.0,39.433273,39.433273,39.433273
201601L,2016011312,45.0,45.0,55.0,75.0,45.0,45.0,45.0,42.837692,42.837692,42.837692
201601L,2016011315,45.0,50.0,60.0,75.0,45.0,45.0,45.0,52.346127,52.346127,52.346127
201601L,2016011318,45.0,55.0,65.0,75.0,45.0,45.0,45.0,42.11443,42.11443,42.11443
201601L,2016011321,50.0,60.0,70.0,72.0,50.0,50.0,50.0,39.386253,39.386253,39.386253
201601L,2016011400,55.0,65.0,75.0,70.0,55.0,55.0,55.0,46.703754,46.703754,46.703754
201601L,2016011403,60.0,70.0,75.0,68.0,60.0,60.0,60.0,45.629047,45.629047,45.629047
201601L,2016011406,65.0,75.0,75.0,65.0,65.0,65.0,65.0,42.220875,42.220875,42.220875
201601L,2016011409,70.0,75.0,72.0,60.0,70.0,70.0,70.0,53.123196,53.123196,53.123196
201601L,2016011412,75.0,75.0,70.0,55.0,75.0,75.0,75.0,66.62449,66.62449,66.62449
201601L,2016011415,75.0,72.0,68.0,55.0,75.0,75.0,75.0,83.41347,83.41347,83.41347
201601L,2016011418,75.0,70.0,65.0,55.0,75.0,75.0,75.0,64.67497,64.67497,64.67497
201601L,2016011421,72.0,68.0,60.0,55.0,72.0,72.0,72.0,51.148422,51.148422,51.148422
201601L,2016011500,70.0,65.0,55.0,55.0,70.0,70.0,70.0,40.53195,40.53195,40.53195
201601L,2016011503,68.0,60.0,55.0,55.0,68.0,68.0,68.0,49.48862,49.48862,49.48862
201601L,2016011506,65.0,55.0,55.0,55.0,65.0,65.0,65.0,48.902134,48.902134,48.902134
201601L,2016011509,60.0,55.0,55.0,55.0,60.0,60.0,60.0,42.976887,42.976887,42.976887
201601L,2016011512,55.0,55.0,55.0,55.0,55.0,55.0,55.0,53.256878,53.256878,53.256878
201601L,2016011515,55.0,55.0,55.0,55.0,55.0,55.0,55.0,48.04857,48.04857,48.04857
201601L,2016011518,55.0,55.0,55.0,55.0,55.0,55.0,55.0,43.35506,43.35506,43.35506
201601L,2016011521,55.0,55.0,55.0,62.0,55.0,55.0,55.0,51.46408,51.46408,51.46408
201601L,2016011600,55.0,55.0,55.0,70.0,55.0,55.0,55.0,48.277958,48.277958,48.277958
201603E,2016070306,40.0,50.0,55.0,60.0,40.0,40.0,40.0,25.824192,25.824192,25.824192
201603E,2016070309,45.0,53.0,55.0,63.0,45.0,45.0,45.0,28.966377,28.966377,28.966377
201603E,2016070312,50.0,55.0,55.0,65.0,50.0,50.0,50.0,34.420715,34.420715,34.420715
201603E,2016070315,53.0,55.0,58.0,68.0,53.0,53.0,53.0,31.828098,31.828098,31.828098
201603E,2016070318,55.0,55.0,60.0,70.0,55.0,55.0,55.0,29.169668,29.169668,29.169668
201603E,2016070321,55.0,58.0,63.0,73.0,55.0,55.0,55.0,31.71955,31.71955,31.71955
201603E,2016070400,55.0,60.0,65.0,75.0,55.0,55.0,55.0,36.689976,36.689976,36.689976
201603E,2016070403,58.0,63.0,68.0,80.0,58.0,58.0,58.0,32.819508,32.819508,32.819508
201603E,2016070406,60.0,65.0,70.0,85.0,60.0,60.0,60.0,42.068977,42.068977,42.068977
201603E,2016070409,63.0,68.0,73.0,90.0,63.0,63.0,63.0,41.21717,41.21717,41.21717
201603E,2016070412,65.0,70.0,75.0,95.0,65.0,65.0,65.0,47.015278,47.015278,47.015278
201603E,2016070415,68.0,73.0,80.0,100.0,68.0,68.0,68.0,48.758034,48.758034,48.758034
201603E,2016070418,70.0,75.0,85.0,105.0,70.0,70.0,70.0,44.38089,44.38089,44.38089
201603E,2016070421,73.0,80.0,90.0,113.0,73.0,73.0,73.0,54.962757,54.962757,54.962757
201603E,2016070500,75.0,85.0,95.0,120.0,75.0,75.0,75.0,54.61149,54.61149,54.61149
201603E,2016070503,80.0,90.0,100.0,118.0,80.0,80.0,80.0,54.661907,54.661907,54.661907
201603E,2016070506,85.0,95.0,105.0,115.0,85.0,85.0,85.0,58.265984,58.265984,58.265984
201603E,2016070509,90.0,100.0,113.0,113.0,90.0,90.0,90.0,59.33414,59.33414,59.33414
201603E,2016070512,95.0,105.0,120.0,110.0,95.0,95.0,95.0,75.023056,75.023056,75.023056
201603E,2016070515,100.0,113.0,118.0,110.0,100.0,100.0,100.0,85.7022,85.7022,85.7022
201603E,2016070518,105.0,120.0,115.0,110.0,105.0,105.0,105.0,96.5048,96.5048,96.5048
201603E,2016070521,113.0,118.0,113.0,110.0,113.0,113.0,113.0,106.35363,106.35363,106.35363
201603E,2016070600,120.0,115.0,110.0,110.0,120.0,120.0,120.0,112.63846,112.63846,112.63846
201603E,2016070603,118.0,113.0,110.0,110.0,118.0,118.0,118.0,114.159515,114.159515,114.159515
201603E,2016070606,115.0,110.0,110.0,110.0,115.0,115.0,115.0,106.6578,106.6578,106.6578
201603E,2016070609,113.0,110.0,110.0,108.0,113.0,113.0,113.0,95.32259,95.32259,95.32259
201603E,2016070612,110.0,110.0,110.0,105.0,110.0,110.0,110.0,98.95869,98.95869,98.95869
201603E,2016070615,110.0,110.0,110.0,103.0,110.0,110.0,110.0,105.28793,105.28793,105.28793
201603E,2016070618,110.0,110.0,110.0,100.0,110.0,110.0,110.0,106.27301,106.27301,106.27301
201603E,2016070621,110.0,110.0,108.0,98.0,110.0,110.0,110.0,102.891624,102.891624,102.891624
201603E,2016070700,110.0,110.0,105.0,95.0,110.0,110.0,110.0,101.77151,101.77151,101.77151
201603E,2016070703,110.0,108.0,103.0,93.0,110.0,110.0,110.0,105.272545,105.272545,105.272545
201603E,2016070706,110.0,105.0,100.0,90.0,110.0,110.0,110.0,104.615845,104.615845,104.615845
201603E,2016070709,108.0,103.0,98.0,88.0,108.0,108.0,108.0,91.66237,91.66237,91.66237
201603E,2016070712,105.0,100.0,95.0,85.0,105.0,105.0,105.0,93.77551,93.77551,93.77551
201603E,2016070715,103.0,98.0,93.0,80.0,103.0,103.0,103.0,88.54133,88.54133,88.54133
201603E,2016070718,100.0,95.0,90.0,75.0,100.0,100.0,100.0,80.844246,80.844246,80.844246
201603E,2016070721,98.0,93.0,88.0,73.0,98.0,98.0,98.0,92.26512,92.26512,92.26512
201603E,2016070800,95.0,90.0,85.0,70.0,95.0,95.0,95.0,80.74916,80.74916,80.74916
201603E,2016070803,93.0,88.0,80.0,65.0,93.0,93.0,93.0,72.81221,72.81221,72.81221
201603E,2016070806,90.0,85.0,75.0,60.0,90.0,90.0,90.0,68.732376,68.732376,68.732376
201603E,2016070809,88.0,80.0,73.0,58.0,88.0,88.0,88.0,69.158066,69.158066,69.158066
201603E,2016070812,85.0,75.0,70.0,55.0,85.0,85.0,85.0,61.33076,61.33076,61.33076
201603E,2016070815,80.0,73.0,65.0,50.0,80.0,80.0,80.0,68.07223,68.07223,68.07223
201603E,2016070818,75.0,70.0,60.0,45.0,75.0,75.0,75.0,70.40831,70.40831,70.40831
201603E,2016070821,73.0,65.0,58.0,40.0,73.0,73.0,73.0,66.613815,66.613815,66.613815
201603E,2016070900,70.0,60.0,55.0,35.0,70.0,70.0,70.0,62.79417,62.79417,62.79417
201603E,2016070903,65.0,58.0,50.0,33.0,65.0,65.0,65.0,65.52102,65.52102,65.52102
201603E,2016070906,60.0,55.0,45.0,30.0,60.0,60.0,60.0,59.264168,59.264168,59.264168
201603E,2016070909,58.0,50.0,40.0,30.0,58.0,58.0,58.0,53.67949,53.67949,53.67949
201603E,2016070912,55.0,45.0,35.0,30.0,55.0,55.0,55.0,53.21077,53.21077,53.21077
201603E,2016070915,50.0,40.0,33.0,30.0,50.0,50.0,50.0,50.109905,50.109905,50.109905
201603E,2016070918,45.0,35.0,30.0,30.0,45.0,45.0,45.0,53.64956,53.64956,53.64956
201603E,2016070921,40.0,33.0,30.0,30.0,40.0,40.0,40.0,39.940434,39.940434,39.940434
201603E,2016071000,35.0,30.0,30.0,30.0,35.0,35.0,35.0,38.29227,38.29227,38.29227
201603E,2016071003,33.0,30.0,30.0,30.0,33.0,33.0,33.0,46.548077,46.548077,46.548077
201603E,2016071006,30.0,30.0,30.0,30.0,30.0,30.0,30.0,40.954826,40.954826,40.954826
201603E,2016071009,30.0,30.0,30.0,28.0,30.0,30.0,30.0,32.69174,32.69174,32.69174
201603E,2016071012,30.0,30.0,30.0,25.0,30.0,30.0,30.0,27.728825,27.728825,27.728825
201603E,2016071015,30.0,30.0,30.0,25.0,30.0,30.0,30.0,25.56505,25.56505,25.56505
201603E,2016071018,30.0,30.0,30.0,25.0,30.0,30.0,30.0,23.318375,23.318375,23.318375
201606E,2016071512,25.0,30.0,35.0,45.0,25.0,25.0,25.0,26.274803,26.274803,26.274803
201606E,2016071515,28.0,33.0,38.0,45.0,28.0,28.0,28.0,29.134815,29.134815,29.134815
201606E,2016071518,30.0,35.0,40.0,45.0,30.0,30.0,30.0,30.226002,30.226002,30.226002
201606E,2016071521,33.0,38.0,43.0,45.0,33.0,33.0,33.0,32.968903,32.968903,32.968903
201606E,2016071600,35.0,40.0,45.0,45.0,35.0,35.0,35.0,33.37412,33.37412,33.37412
201606E,2016071603,38.0,43.0,45.0,48.0,38.0,38.0,38.0,36.49096,36.49096,36.49096
201606E,2016071606,40.0,45.0,45.0,50.0,40.0,40.0,40.0,35.033092,35.033092,35.033092
201606E,2016071609,43.0,45.0,45.0,53.0,43.0,43.0,43.0,38.014267,38.014267,38.014267
201606E,2016071612,45.0,45.0,45.0,55.0,45.0,45.0,45.0,39.804207,39.804207,39.804207
201606E,2016071615,45.0,45.0,48.0,58.0,45.0,45.0,45.0,35.9351,35.9351,35.9351
201606E,2016071618,45.0,45.0,50.0,60.0,45.0,45.0,45.0,40.589012,40.589012,40.589012
201606E,2016071621,45.0,48.0,53.0,60.0,45.0,45.0,45.0,38.007557,38.007557,38.007557
201606E,2016071700,45.0,50.0,55.0,60.0,45.0,45.0,45.0,43.29285,43.29285,43.29285
201606E,2016071703,48.0,53.0,58.0,60.0,48.0,48.0,48.0,44.303204,44.303204,44.303204
201606E,2016071706,50.0,55.0,60.0,60.0,50.0,50.0,50.0,50.83421,50.83421,50.83421
201606E,2016071709,53.0,58.0,60.0,58.0,53.0,53.0,53.0,49.489826,49.489826,49.489826
201606E,2016071712,55.0,60.0,60.0,55.0,55.0,55.0,55.0,50.351814,50.351814,50.351814
201606E,2016071715,58.0,60.0,60.0,55.0,58.0,58.0,58.0,60.974735,60.974735,60.974735
201606E,2016071718,60.0,60.0,60.0,55.0,60.0,60.0,60.0,57.499264,57.499264,57.499264
201606E,2016071721,60.0,60.0,58.0,55.0,60.0,60.0,60.0,62.312317,62.312317,62.312317
201606E,2016071800,60.0,60.0,55.0,55.0,60.0,60.0,60.0,65.50658,65.50658,65.50658
201606E,2016071803,60.0,58.0,55.0,55.0,60.0,60.0,60.0,55.545185,55.545185,55.545185
201606E,2016071806,60.0,55.0,55.0,55.0,60.0,60.0,60.0,63.619526,63.619526,63.619526
201606E,2016071809,58.0,55.0,55.0,58.0,58.0,58.0,58.0,68.43165,68.43165,68.43165
201606E,2016071812,55.0,55.0,55.0,60.0,55.0,55.0,55.0,59.08519,59.08519,59.08519
201606E,2016071815,55.0,55.0,55.0,60.0,55.0,55.0,55.0,47.925922,47.925922,47.925922
201606E,2016071818,55.0,55.0,55.0,60.0,55.0,55.0,55.0,52.495037,52.495037,52.495037
201606E,2016071821,55.0,55.0,58.0,60.0,55.0,55.0,55.0,46.69813,46.69813,46.69813
201606E,2016071900,55.0,55.0,60.0,60.0,55.0,55.0,55.0,56.403225,56.403225,56.403225
201606E,2016071903,55.0,58.0,60.0,60.0,55.0,55.0,55.0,56.119488,56.119488,56.119488
201606E,2016071906,55.0,60.0,60.0,60.0,55.0,55.0,55.0,51.387085,51.387085,51.387085
201606E,2016071909,58.0,60.0,60.0,60.0,58.0,58.0,58.0,47.185223,47.185223,47.185223
201606E,2016071912,60.0,60.0,60.0,60.0,60.0,60.0,60.0,59.105263,59.105263,59.105263
201606E,2016071915,60.0,60.0,60.0,58.0,60.0,60.0,60.0,66.48522,66.48522,66.48522
201606E,2016071918,60.0,60.0,60.0,55.0,60.0,60.0,60.0,58.432602,58.432602,58.432602
201606E,2016071921,60.0,60.0,60.0,55.0,60.0,60.0,60.0,52.117832,52.117832,52.117832
201606E,2016072000,60.0,60.0,60.0,55.0,60.0,60.0,60.0,64.88718,64.88718,64.88718
201606E,2016072003,60.0,60.0,58.0,55.0,60.0,60.0,60.0,71.28486,71.28486,71.28486
201606E,2016072006,60.0,60.0,55.0,55.0,60.0,60.0,60.0,68.35569,68.35569,68.35569
201606E,2016072009,60.0,58.0,55.0,53.0,60.0,60.0,60.0,60.596302,60.596302,60.596302
201606E,2016072012,60.0,55.0,55.0,50.0,60.0,60.0,60.0,58.436794,58.436794,58.436794
201606E,2016072015,58.0,55.0,55.0,48.0,58.0,58.0,58.0,53.127804,53.127804,53.127804
201606E,2016072018,55.0,55.0,55.0,45.0,55.0,55.0,55.0,52.32838,52.32838,52.32838
201606E,2016072021,55.0,55.0,53.0,43.0,55.0,55.0,55.0,62.0475,62.0475,62.0475
201606E,2016072100,55.0,55.0,50.0,40.0,55.0,55.0,55.0,65.11788,65.11788,65.11788
201606E,2016072103,55.0,53.0,48.0,38.0,55.0,55.0,55.0,69.32675,69.32675,69.32675
201606E,2016072106,55.0,50.0,45.0,35.0,55.0,55.0,55.0,54.27604,54.27604,54.27604
201606E,2016072109,53.0,48.0,43.0,35.0,53.0,53.0,53.0,49.08723,49.08723,49.08723
201606E,2016072112,50.0,45.0,40.0,35.0,50.0,50.0,50.0,46.017273,46.017273,46.017273
201606E,2016072115,48.0,43.0,38.0,33.0,48.0,48.0,48.0,40.91897,40.91897,40.91897
201606E,2016072118,45.0,40.0,35.0,30.0,45.0,45.0,45.0,43.877033,43.877033,43.877033
201606E,2016072121,43.0,38.0,35.0,30.0,43.0,43.0,43.0,48.624683,48.624683,48.624683
201606E,2016072200,40.0,35.0,35.0,30.0,40.0,40.0,40.0,43.953472,43.953472,43.953472
201606E,2016072203,38.0,35.0,33.0,30.0,38.0,38.0,38.0,38.895767,38.895767,38.895767
201606E,2016072206,35.0,35.0,30.0,30.0,35.0,35.0,35.0,37.886375,37.886375,37.886375
201606E,2016072209,35.0,33.0,30.0,30.0,35.0,35.0,35.0,27.920517,27.920517,27.920517
201606E,2016072212,35.0,30.0,30.0,30.0,35.0,35.0,35.0,24.898348,24.898348,24.898348
201606E,2016072215,33.0,30.0,30.0,28.0,33.0,33.0,33.0,25.028543,25.028543,25.028543
201606E,2016072218,30.0,30.0,30.0,25.0,30.0,30.0,30.0,23.866852,23.866852,23.866852
201606E,2016072221,30.0,30.0,30.0,25.0,30.0,30.0,30.0,26.157913,26.157913,26.157913
201606E,2016072300,30.0,30.0,30.0,25.0,30.0,30.0,30.0,24.35215,24.35215,24.35215
201606E,2016072303,30.0,30.0,28.0,25.0,30.0,30.0,30.0,26.21307,26.21307,26.21307
201606E,2016072306,30.0,30.0,25.0,25.0,30.0,30.0,30.0,25.652397,25.652397,25.652397
201606L,2016081706,30.0,35.0,35.0,40.0,30.0,30.0,30.0,31.74347,31.74347,31.74347
201606L,2016081709,32.0,35.0,35.0,40.0,32.0,32.0,32.0,28.512716,28.512716,28.512716
201606L,2016081712,35.0,35.0,35.0,40.0,35.0,35.0,35.0,33.74834,33.74834,33.74834
201606L,2016081715,35.0,35.0,38.0,40.0,35.0,35.0,35.0,38.340183,38.340183,38.340183
201606L,2016081718,35.0,35.0,40.0,40.0,35.0,35.0,35.0,48.623615,48.623615,48.623615
201606L,2016081721,35.0,38.0,40.0,42.0,35.0,35.0,35.0,39.216766,39.216766,39.216766
201606L,2016081800,35.0,40.0,40.0,45.0,35.0,35.0,35.0,41.30338,41.30338,41.30338
201606L,2016081803,38.0,40.0,40.0,45.0,38.0,38.0,38.0,39.370827,39.370827,39.370827
201606L,2016081806,40.0,40.0,40.0,45.0,40.0,40.0,40.0,32.700905,32.700905,32.700905
201606L,2016081809,40.0,40.0,42.0,42.0,40.0,40.0,40.0,38.336563,38.336563,38.336563
201606L,2016081812,40.0,40.0,45.0,40.0,40.0,40.0,40.0,41.163723,41.163723,41.163723
201606L,2016081815,40.0,42.0,45.0,40.0,40.0,40.0,40.0,37.130596,37.130596,37.130596
201606L,2016081818,40.0,45.0,45.0,40.0,40.0,40.0,40.0,45.339123,45.339123,45.339123
201606L,2016081821,42.0,45.0,42.0,40.0,42.0,42.0,42.0,39.007614,39.007614,39.007614
201606L,2016081900,45.0,45.0,40.0,40.0,45.0,45.0,45.0,33.33003,33.33003,33.33003
201606L,2016081903,45.0,42.0,40.0,40.0,45.0,45.0,45.0,37.139343,37.139343,37.139343
201606L,2016081906,45.0,40.0,40.0,40.0,45.0,45.0,45.0,41.641174,41.641174,41.641174
201606L,2016081909,42.0,40.0,40.0,42.0,42.0,42.0,42.0,41.336468,41.336468,41.336468
201606L,2016081912,40.0,40.0,40.0,45.0,40.0,40.0,40.0,36.894802,36.894802,36.894802
201606L,2016081915,40.0,40.0,40.0,45.0,40.0,40.0,40.0,38.997837,38.997837,38.997837
201606L,2016081918,40.0,40.0,40.0,45.0,40.0,40.0,40.0,38.36059,38.36059,38.36059
201606L,2016081921,40.0,40.0,42.0,45.0,40.0,40.0,40.0,46.71712,46.71712,46.71712
201606L,2016082000,40.0,40.0,45.0,45.0,40.0,40.0,40.0,46.96785,46.96785,46.96785
201606L,2016082003,40.0,42.0,45.0,42.0,40.0,40.0,40.0,41.522816,41.522816,41.522816
201606L,2016082006,40.0,45.0,45.0,40.0,40.0,40.0,40.0,43.01392,43.01392,43.01392
201606L,2016082009,42.0,45.0,45.0,38.0,42.0,42.0,42.0,44.402367,44.402367,44.402367
201606L,2016082012,45.0,45.0,45.0,35.0,45.0,45.0,45.0,39.991344,39.991344,39.991344
201606L,2016082015,45.0,45.0,42.0,35.0,45.0,45.0,45.0,43.228405,43.228405,43.228405
201606L,2016082018,45.0,45.0,40.0,35.0,45.0,45.0,45.0,42.19666,42.19666,42.19666
201606L,2016082021,45.0,42.0,38.0,35.0,45.0,45.0,45.0,45.49675,45.49675,45.49675
201606L,2016082100,45.0,40.0,35.0,35.0,45.0,45.0,45.0,44.883457,44.883457,44.883457
201606L,2016082103,42.0,38.0,35.0,32.0,42.0,42.0,42.0,40.507442,40.507442,40.507442
201606L,2016082106,40.0,35.0,35.0,30.0,40.0,40.0,40.0,30.440641,30.440641,30.440641
201606L,2016082109,38.0,35.0,35.0,30.0,38.0,38.0,38.0,26.216413,26.216413,26.216413
201606L,2016082112,35.0,35.0,35.0,30.0,35.0,35.0,35.0,28.512222,28.512222,28.512222
201606L,2016082115,35.0,35.0,32.0,30.0,35.0,35.0,35.0,26.937588,26.937588,26.937588
201606L,2016082118,35.0,35.0,30.0,30.0,35.0,35.0,35.0,30.35242,30.35242,30.35242
201606L,2016082121,35.0,32.0,30.0,30.0,35.0,35.0,35.0,31.376183,31.376183,31.376183
201606L,2016082200,35.0,30.0,30.0,30.0,35.0,35.0,35.0,29.585878,29.585878,29.585878
201606L,2016082203,32.0,30.0,30.0,28.0,32.0,32.0,32.0,33.138256,33.138256,33.138256
201606L,2016082206,30.0,30.0,30.0,25.0,30.0,30.0,30.0,34.84251,34.84251,34.84251
201606L,2016082209,30.0,30.0,30.0,22.0,30.0,30.0,30.0,32.332382,32.332382,32.332382
201606L,2016082212,30.0,30.0,30.0,20.0,30.0,30.0,30.0,26.84201,26.84201,26.84201
201606L,2016082215,30.0,30.0,28.0,20.0,30.0,30.0,30.0,26.990725,26.990725,26.990725
201606L,2016082218,30.0,30.0,25.0,20.0,30.0,30.0,30.0,27.023346,27.023346,27.023346
201606L,2016082221,30.0,28.0,22.0,20.0,30.0,30.0,30.0,28.26948,28.26948,28.26948
201606L,2016082300,30.0,25.0,20.0,20.0,30.0,30.0,30.0,23.338793,23.338793,23.338793
201606L,2016082303,28.0,22.0,20.0,20.0,28.0,28.0,28.0,22.215982,22.215982,22.215982
201606L,2016082306,25.0,20.0,20.0,20.0,25.0,25.0,25.0,25.23723,25.23723,25.23723
201610S,2016020900,25.0,25.0,30.0,30.0,25.0,25.0,25.0,31.249231,31.249231,31.249231
201610S,2016020903,25.0,28.0,30.0,33.0,25.0,25.0,25.0,27.390345,27.390345,27.390345
201610S,2016020906,25.0,30.0,30.0,35.0,25.0,25.0,25.0,25.722828,25.722828,25.722828
201610S,2016020909,28.0,30.0,30.0,35.0,28.0,28.0,28.0,23.261131,23.261131,23.261131
201610S,2016020912,30.0,30.0,30.0,35.0,30.0,30.0,30.0,25.125227,25.125227,25.125227
201610S,2016020915,30.0,30.0,33.0,35.0,30.0,30.0,30.0,22.393686,22.393686,22.393686
201610S,2016020918,30.0,30.0,35.0,35.0,30.0,30.0,30.0,22.275465,22.275465,22.275465
201610S,2016020921,30.0,33.0,35.0,38.0,30.0,30.0,30.0,25.442207,25.442207,25.442207
201610S,2016021000,30.0,35.0,35.0,40.0,30.0,30.0,30.0,28.316782,28.316782,28.316782
201610S,2016021003,33.0,35.0,35.0,43.0,33.0,33.0,33.0,31.346066,31.346066,31.346066
201610S,2016021006,35.0,35.0,35.0,45.0,35.0,35.0,35.0,38.697765,38.697765,38.697765
201610S,2016021009,35.0,35.0,38.0,48.0,35.0,35.0,35.0,44.823757,44.823757,44.823757
201610S,2016021012,35.0,35.0,40.0,50.0,35.0,35.0,35.0,39.909664,39.909664,39.909664
201610S,2016021015,35.0,38.0,43.0,48.0,35.0,35.0,35.0,30.057919,30.057919,30.057919
201610S,2016021018,35.0,40.0,45.0,45.0,35.0,35.0,35.0,36.333218,36.333218,36.333218
201610S,2016021021,38.0,43.0,48.0,43.0,38.0,38.0,38.0,36.60143,36.60143,36.60143
201610S,2016021100,40.0,45.0,50.0,40.0,40.0,40.0,40.0,38.52239,38.52239,38.52239
201610S,2016021103,43.0,48.0,48.0,38.0,43.0,43.0,43.0,35.47928,35.47928,35.47928
201610S,2016021106,45.0,50.0,45.0,35.0,45.0,45.0,45.0,37.54333,37.54333,37.54333
201610S,2016021109,48.0,48.0,43.0,33.0,48.0,48.0,48.0,36.080288,36.080288,36.080288
201610S,2016021112,50.0,45.0,40.0,30.0,50.0,50.0,50.0,35.26782,35.26782,35.26782
201610W,2016081712,30.0,30.0,30.0,35.0,30.0,30.0,30.0,27.630177,27.630177,27.630177
201610W,2016081715,30.0,30.0,33.0,35.0,30.0,30.0,30.0,27.74089,27.74089,27.74089
201610W,2016081718,30.0,30.0,35.0,35.0,30.0,30.0,30.0,29.365995,29.365995,29.365995
201610W,2016081721,30.0,33.0,35.0,38.0,30.0,30.0,30.0,26.89973,26.89973,26.89973
201610W,2016081800,30.0,35.0,35.0,40.0,30.0,30.0,30.0,26.808744,26.808744,26.808744
201610W,2016081803,33.0,35.0,35.0,43.0,33.0,33.0,33.0,24.173862,24.173862,24.173862
201610W,2016081806,35.0,35.0,35.0,45.0,35.0,35.0,35.0,28.648266,28.648266,28.648266
201610W,2016081809,35.0,35.0,38.0,45.0,35.0,35.0,35.0,26.211605,26.211605,26.211605
201610W,2016081812,35.0,35.0,40.0,45.0,35.0,35.0,35.0,29.384521,29.384521,29.384521
201610W,2016081815,35.0,38.0,43.0,48.0,35.0,35.0,35.0,27.700962,27.700962,27.700962
201610W,2016081818,35.0,40.0,45.0,50.0,35.0,35.0,35.0,28.345854,28.345854,28.345854
201610W,2016081821,38.0,43.0,45.0,53.0,38.0,38.0,38.0,28.022982,28.022982,28.022982
201610W,2016081900,40.0,45.0,45.0,55.0,40.0,40.0,40.0,29.951626,29.951626,29.951626
201610W,2016081903,43.0,45.0,48.0,55.0,43.0,43.0,43.0,26.155901,26.155901,26.155901
201610W,2016081906,45.0,45.0,50.0,55.0,45.0,45.0,45.0,29.565441,29.565441,29.565441
201610W,2016081909,45.0,48.0,53.0,55.0,45.0,45.0,45.0,36.271843,36.271843,36.271843
201610W,2016081912,45.0,50.0,55.0,55.0,45.0,45.0,45.0,28.597698,28.597698,28.597698
201610W,2016081915,48.0,53.0,55.0,58.0,48.0,48.0,48.0,33.799725,33.799725,33.799725
201610W,2016081918,50.0,55.0,55.0,60.0,50.0,50.0,50.0,43.95196,43.95196,43.95196
201610W,2016081921,53.0,55.0,55.0,58.0,53.0,53.0,53.0,46.493153,46.493153,46.493153
201610W,2016082000,55.0,55.0,55.0,55.0,55.0,55.0,55.0,44.99066,44.99066,44.99066
201610W,2016082003,55.0,55.0,58.0,58.0,55.0,55.0,55.0,36.76797,36.76797,36.76797
201610W,2016082006,55.0,55.0,60.0,60.0,55.0,55.0,55.0,35.185097,35.185097,35.185097
201610W,2016082009,55.0,58.0,58.0,58.0,55.0,55.0,55.0,40.21631,40.21631,40.21631
201610W,2016082012,55.0,60.0,55.0,55.0,55.0,55.0,55.0,44.77426,44.77426,44.77426
201610W,2016082015,58.0,58.0,58.0,58.0,58.0,58.0,58.0,40.320484,40.320484,40.320484
201610W,2016082018,60.0,55.0,60.0,60.0,60.0,60.0,60.0,51.29012,51.29012,51.29012
201610W,2016082021,58.0,58.0,58.0,63.0,58.0,58.0,58.0,48.690834,48.690834,48.690834
201610W,2016082100,55.0,60.0,55.0,65.0,55.0,55.0,55.0,35.62307,35.62307,35.62307
201610W,2016082103,58.0,58.0,58.0,63.0,58.0,58.0,58.0,41.046757,41.046757,41.046757
201610W,2016082106,60.0,55.0,60.0,60.0,60.0,60.0,60.0,38.876247,38.876247,38.876247
201610W,2016082109,58.0,58.0,63.0,55.0,58.0,58.0,58.0,45.563736,45.563736,45.563736
201610W,2016082112,55.0,60.0,65.0,50.0,55.0,55.0,55.0,43.996986,43.996986,43.996986
201610W,2016082115,58.0,63.0,63.0,45.0,58.0,58.0,58.0,53.47699,53.47699,53.47699
201610W,2016082118,60.0,65.0,60.0,40.0,60.0,60.0,60.0,58.307243,58.307243,58.307243
201610W,2016082121,63.0,63.0,55.0,40.0,63.0,63.0,63.0,61.263817,61.263817,61.263817
201610W,2016082200,65.0,60.0,50.0,40.0,65.0,65.0,65.0,61.339317,61.339317,61.339317
201610W,2016082203,63.0,55.0,45.0,40.0,63.0,63.0,63.0,57.535637,57.535637,57.535637
201610W,2016082206,60.0,50.0,40.0,40.0,60.0,60.0,60.0,46.857548,46.857548,46.857548
201612W,2016081712,35.0,35.0,35.0,35.0,35.0,35.0,35.0,36.317707,36.317707,36.317707
201612W,2016081715,35.0,35.0,35.0,35.0,35.0,35.0,35.0,37.446148,37.446148,37.446148
201612W,2016081718,35.0,35.0,35.0,35.0,35.0,35.0,35.0,48.38549,48.38549,48.38549
201612W,2016081721,35.0,35.0,35.0,35.0,35.0,35.0,35.0,35.899456,35.899456,35.899456
201612W,2016081800,35.0,35.0,35.0,35.0,35.0,35.0,35.0,37.61009,37.61009,37.61009
201612W,2016081803,35.0,35.0,35.0,35.0,35.0,35.0,35.0,32.9389,32.9389,32.9389
201612W,2016081806,35.0,35.0,35.0,35.0,35.0,35.0,35.0,38.23237,38.23237,38.23237
201612W,2016081809,35.0,35.0,35.0,35.0,35.0,35.0,35.0,42.9886,42.9886,42.9886
201612W,2016081812,35.0,35.0,35.0,35.0,35.0,35.0,35.0,37.113483,37.113483,37.113483
201612W,2016081815,35.0,35.0,35.0,35.0,35.0,35.0,35.0,36.146763,36.146763,36.146763
201612W,2016081818,35.0,35.0,35.0,35.0,35.0,35.0,35.0,35.53305,35.53305,35.53305
201612W,2016081821,35.0,35.0,35.0,35.0,35.0,35.0,35.0,25.880901,25.880901,25.880901
201612W,2016081900,35.0,35.0,35.0,35.0,35.0,35.0,35.0,29.084644,29.084644,29.084644
201612W,2016081903,35.0,35.0,35.0,35.0,35.0,35.0,35.0,29.601511,29.601511,29.601511
201612W,2016081906,35.0,35.0,35.0,35.0,35.0,35.0,35.0,31.511295,31.511295,31.511295
201612W,2016081909,35.0,35.0,35.0,38.0,35.0,35.0,35.0,29.901096,29.901096,29.901096
201612W,2016081912,35.0,35.0,35.0,40.0,35.0,35.0,35.0,25.564281,25.564281,25.564281
201612W,2016081915,35.0,35.0,35.0,40.0,35.0,35.0,35.0,31.746553,31.746553,31.746553
201612W,2016081918,35.0,35.0,35.0,40.0,35.0,35.0,35.0,35.430298,35.430298,35.430298
201612W,2016081921,35.0,35.0,38.0,40.0,35.0,35.0,35.0,30.75364,30.75364,30.75364
201612W,2016082000,35.0,35.0,40.0,40.0,35.0,35.0,35.0,32.32344,32.32344,32.32344
201612W,2016082003,35.0,38.0,40.0,40.0,35.0,35.0,35.0,29.167404,29.167404,29.167404
201612W,2016082006,35.0,40.0,40.0,40.0,35.0,35.0,35.0,34.510006,34.510006,34.510006
201612W,2016082009,38.0,40.0,40.0,40.0,38.0,38.0,38.0,35.52656,35.52656,35.52656
201612W,2016082012,40.0,40.0,40.0,40.0,40.0,40.0,40.0,39.10517,39.10517,39.10517
201612W,2016082015,40.0,40.0,40.0,43.0,40.0,40.0,40.0,35.32442,35.32442,35.32442
201612W,2016082018,40.0,40.0,40.0,45.0,40.0,40.0,40.0,28.597927,28.597927,28.597927
201612W,2016082021,40.0,40.0,40.0,45.0,40.0,40.0,40.0,38.99467,38.99467,38.99467
201612W,2016082100,40.0,40.0,40.0,45.0,40.0,40.0,40.0,35.385925,35.385925,35.385925
201612W,2016082103,40.0,40.0,43.0,48.0,40.0,40.0,40.0,33.903675,33.903675,33.903675
201612W,2016082106,40.0,40.0,45.0,50.0,40.0,40.0,40.0,37.04793,37.04793,37.04793
201612W,2016082109,40.0,43.0,45.0,50.0,40.0,40.0,40.0,34.691307,34.691307,34.691307
201612W,2016082112,40.0,45.0,45.0,50.0,40.0,40.0,40.0,32.54878,32.54878,32.54878
201612W,2016082115,43.0,45.0,48.0,50.0,43.0,43.0,43.0,36.70717,36.70717,36.70717
201612W,2016082118,45.0,45.0,50.0,50.0,45.0,45.0,45.0,41.740505,41.740505,41.740505
201612W,2016082121,45.0,48.0,50.0,53.0,45.0,45.0,45.0,42.487156,42.487156,42.487156
201612W,2016082200,45.0,50.0,50.0,55.0,45.0,45.0,45.0,37.515533,37.515533,37.515533
201612W,2016082203,48.0,50.0,50.0,55.0,48.0,48.0,48.0,39.76257,39.76257,39.76257
201612W,2016082206,50.0,50.0,50.0,55.0,50.0,50.0,50.0,39.99807,39.99807,39.99807
201612W,2016082209,50.0,50.0,53.0,58.0,50.0,50.0,50.0,35.529232,35.529232,35.529232
201612W,2016082212,50.0,50.0,55.0,60.0,50.0,50.0,50.0,38.2348,38.2348,38.2348
201612W,2016082215,50.0,53.0,55.0,65.0,50.0,50.0,50.0,43.512836,43.512836,43.512836
201612W,2016082218,50.0,55.0,55.0,70.0,50.0,50.0,50.0,49.18139,49.18139,49.18139
201612W,2016082221,53.0,55.0,58.0,75.0,53.0,53.0,53.0,43.327534,43.327534,43.327534
201612W,2016082300,55.0,55.0,60.0,80.0,55.0,55.0,55.0,42.83688,42.83688,42.83688
201612W,2016082303,55.0,58.0,65.0,88.0,55.0,55.0,55.0,45.297848,45.297848,45.297848
201612W,2016082306,55.0,60.0,70.0,95.0,55.0,55.0,55.0,42.932964,42.932964,42.932964
201612W,2016082309,58.0,65.0,75.0,98.0,58.0,58.0,58.0,42.93986,42.93986,42.93986
201612W,2016082312,60.0,70.0,80.0,100.0,60.0,60.0,60.0,49.089226,49.089226,49.089226
201612W,2016082315,65.0,75.0,88.0,105.0,65.0,65.0,65.0,53.084908,53.084908,53.084908
201612W,2016082318,70.0,80.0,95.0,110.0,70.0,70.0,70.0,49.19314,49.19314,49.19314
201612W,2016082321,75.0,88.0,98.0,108.0,75.0,75.0,75.0,44.006123,44.006123,44.006123
201612W,2016082400,80.0,95.0,100.0,105.0,80.0,80.0,80.0,41.15224,41.15224,41.15224
201612W,2016082403,88.0,98.0,105.0,103.0,88.0,88.0,88.0,41.86588,41.86588,41.86588
201612W,2016082406,95.0,100.0,110.0,100.0,95.0,95.0,95.0,46.307423,46.307423,46.307423
201612W,2016082409,98.0,105.0,108.0,98.0,98.0,98.0,98.0,51.8973,51.8973,51.8973
201612W,2016082412,100.0,110.0,105.0,95.0,100.0,100.0,100.0,47.41646,47.41646,47.41646
201612W,2016082415,105.0,108.0,103.0,95.0,105.0,105.0,105.0,96.81755,96.81755,96.81755
201612W,2016082418,110.0,105.0,100.0,95.0,110.0,110.0,110.0,72.714806,72.714806,72.714806
201612W,2016082421,108.0,103.0,98.0,95.0,108.0,108.0,108.0,67.713844,67.713844,67.713844
201612W,2016082500,105.0,100.0,95.0,95.0,105.0,105.0,105.0,35.115192,35.115192,35.115192
201612W,2016082503,103.0,98.0,95.0,95.0,103.0,103.0,103.0,70.89239,70.89239,70.89239
201612W,2016082506,100.0,95.0,95.0,95.0,100.0,100.0,100.0,40.306374,40.306374,40.306374
201612W,2016082509,98.0,95.0,95.0,93.0,98.0,98.0,98.0,41.413486,41.413486,41.413486
201612W,2016082512,95.0,95.0,95.0,90.0,95.0,95.0,95.0,49.02371,49.02371,49.02371
201612W,2016082515,95.0,95.0,95.0,90.0,95.0,95.0,95.0,44.29323,44.29323,44.29323
201612W,2016082518,95.0,95.0,95.0,90.0,95.0,95.0,95.0,40.201977,40.201977,40.201977
201612W,2016082521,95.0,95.0,93.0,95.0,95.0,95.0,95.0,47.112953,47.112953,47.112953
201612W,2016082600,95.0,95.0,90.0,100.0,95.0,95.0,95.0,53.923275,53.923275,53.923275
201612W,2016082603,95.0,93.0,90.0,103.0,95.0,95.0,95.0,52.9392,52.9392,52.9392
201612W,2016082606,95.0,90.0,90.0,105.0,95.0,95.0,95.0,53.215595,53.215595,53.215595
201612W,2016082609,93.0,90.0,95.0,108.0,93.0,93.0,93.0,59.31912,59.31912,59.31912
201612W,2016082612,90.0,90.0,100.0,110.0,90.0,90.0,90.0,65.36053,65.36053,65.36053
201612W,2016082615,90.0,95.0,103.0,113.0,90.0,90.0,90.0,69.47818,69.47818,69.47818
201612W,2016082618,90.0,100.0,105.0,115.0,90.0,90.0,90.0,65.104225,65.104225,65.104225
201612W,2016082621,95.0,103.0,108.0,118.0,95.0,95.0,95.0,71.15809,71.15809,71.15809
201612W,2016082700,100.0,105.0,110.0,120.0,100.0,100.0,100.0,73.26364,73.26364,73.26364
201612W,2016082703,103.0,108.0,113.0,120.0,103.0,103.0,103.0,81.62356,81.62356,81.62356
201612W,2016082706,105.0,110.0,115.0,120.0,105.0,105.0,105.0,95.12212,95.12212,95.12212
201612W,2016082709,108.0,113.0,118.0,118.0,108.0,108.0,108.0,75.27764,75.27764,75.27764
201612W,2016082712,110.0,115.0,120.0,115.0,110.0,110.0,110.0,80.18685,80.18685,80.18685
201612W,2016082715,113.0,118.0,120.0,108.0,113.0,113.0,113.0,93.0646,93.0646,93.0646
201612W,2016082718,115.0,120.0,120.0,100.0,115.0,115.0,115.0,83.93809,83.93809,83.93809
201612W,2016082721,118.0,120.0,118.0,93.0,118.0,118.0,118.0,91.30771,91.30771,91.30771
201612W,2016082800,120.0,120.0,115.0,85.0,120.0,120.0,120.0,100.94325,100.94325,100.94325
201612W,2016082803,120.0,118.0,108.0,78.0,120.0,120.0,120.0,106.95277,106.95277,106.95277
201612W,2016082806,120.0,115.0,100.0,70.0,120.0,120.0,120.0,112.44512,112.44512,112.44512
201612W,2016082809,118.0,108.0,93.0,68.0,118.0,118.0,118.0,105.656906,105.656906,105.656906
201612W,2016082812,115.0,100.0,85.0,65.0,115.0,115.0,115.0,109.65979,109.65979,109.65979
201612W,2016082815,108.0,93.0,78.0,65.0,108.0,108.0,108.0,84.75656,84.75656,84.75656
201612W,2016082818,100.0,85.0,70.0,65.0,100.0,100.0,100.0,76.79865,76.79865,76.79865
201612W,2016082821,93.0,78.0,68.0,65.0,93.0,93.0,93.0,74.17066,74.17066,74.17066
201612W,2016082900,85.0,70.0,65.0,65.0,85.0,85.0,85.0,58.63884,58.63884,58.63884
201612W,2016082903,78.0,68.0,65.0,63.0,78.0,78.0,78.0,63.172432,63.172432,63.172432
201612W,2016082906,70.0,65.0,65.0,60.0,70.0,70.0,70.0,51.917244,51.917244,51.917244
201612W,2016082909,68.0,65.0,65.0,53.0,68.0,68.0,68.0,57.67242,57.67242,57.67242
201612W,2016082912,65.0,65.0,65.0,45.0,65.0,65.0,65.0,54.0691,54.0691,54.0691
201613S,2016021112,30.0,30.0,30.0,30.0,30.0,30.0,30.0,23.44114,23.44114,23.44114
201613S,2016021115,30.0,30.0,30.0,30.0,30.0,30.0,30.0,24.803343,24.803343,24.803343
201613S,2016021118,30.0,30.0,30.0,30.0,30.0,30.0,30.0,25.003233,25.003233,25.003233
201613S,2016021121,30.0,30.0,30.0,30.0,30.0,30.0,30.0,23.578087,23.578087,23.578087
201613S,2016021200,30.0,30.0,30.0,30.0,30.0,30.0,30.0,24.812021,24.812021,24.812021
201613S,2016021203,30.0,30.0,30.0,30.0,30.0,30.0,30.0,26.546177,26.546177,26.546177
201613S,2016021206,30.0,30.0,30.0,30.0,30.0,30.0,30.0,26.766998,26.766998,26.766998
201613S,2016021209,30.0,30.0,30.0,35.0,30.0,30.0,30.0,24.160933,24.160933,24.160933
201613S,2016021212,30.0,30.0,30.0,40.0,30.0,30.0,30.0,24.711954,24.711954,24.711954
201613S,2016021215,30.0,30.0,30.0,40.0,30.0,30.0,30.0,22.178478,22.178478,22.178478
201613S,2016021218,30.0,30.0,30.0,40.0,30.0,30.0,30.0,27.63996,27.63996,27.63996
201613S,2016021221,30.0,30.0,35.0,43.0,30.0,30.0,30.0,33.04333,33.04333,33.04333
201613S,2016021300,30.0,30.0,40.0,45.0,30.0,30.0,30.0,30.346474,30.346474,30.346474
201613S,2016021303,30.0,35.0,40.0,45.0,30.0,30.0,30.0,30.924221,30.924221,30.924221
201613S,2016021306,30.0,40.0,40.0,45.0,30.0,30.0,30.0,37.88056,37.88056,37.88056
201613S,2016021309,35.0,40.0,43.0,48.0,35.0,35.0,35.0,41.447456,41.447456,41.447456
201613S,2016021312,40.0,40.0,45.0,50.0,40.0,40.0,40.0,45.952995,45.952995,45.952995
201613S,2016021315,40.0,43.0,45.0,50.0,40.0,40.0,40.0,44.528637,44.528637,44.528637
201613S,2016021318,40.0,45.0,45.0,50.0,40.0,40.0,40.0,51.044273,51.044273,51.044273
201613S,2016021321,43.0,45.0,48.0,53.0,43.0,43.0,43.0,51.885376,51.885376,51.885376
201613S,2016021400,45.0,45.0,50.0,55.0,45.0,45.0,45.0,45.18961,45.18961,45.18961
201613S,2016021403,45.0,48.0,50.0,55.0,45.0,45.0,45.0,48.277214,48.277214,48.277214
201613S,2016021406,45.0,50.0,50.0,55.0,45.0,45.0,45.0,43.77434,43.77434,43.77434
201613S,2016021409,48.0,50.0,53.0,55.0,48.0,48.0,48.0,49.98297,49.98297,49.98297
201613S,2016021412,50.0,50.0,55.0,55.0,50.0,50.0,50.0,48.424877,48.424877,48.424877
201613S,2016021415,50.0,53.0,55.0,55.0,50.0,50.0,50.0,50.585163,50.585163,50.585163
201613S,2016021418,50.0,55.0,55.0,55.0,50.0,50.0,50.0,46.32368,46.32368,46.32368
201613S,2016021421,53.0,55.0,55.0,58.0,53.0,53.0,53.0,48.38771,48.38771,48.38771
201613S,2016021500,55.0,55.0,55.0,60.0,55.0,55.0,55.0,48.661343,48.661343,48.661343
201613S,2016021503,55.0,55.0,55.0,63.0,55.0,55.0,55.0,46.243427,46.243427,46.243427
201613S,2016021506,55.0,55.0,55.0,65.0,55.0,55.0,55.0,44.664154,44.664154,44.664154
201613S,2016021509,55.0,55.0,58.0,70.0,55.0,55.0,55.0,42.106934,42.106934,42.106934
201613S,2016021512,55.0,55.0,60.0,75.0,55.0,55.0,55.0,52.9832,52.9832,52.9832
201613S,2016021515,55.0,58.0,63.0,80.0,55.0,55.0,55.0,43.964424,43.964424,43.964424
201613S,2016021518,55.0,60.0,65.0,85.0,55.0,55.0,55.0,43.14651,43.14651,43.14651
201613S,2016021521,58.0,63.0,70.0,95.0,58.0,58.0,58.0,57.974926,57.974926,57.974926
201613S,2016021600,60.0,65.0,75.0,105.0,60.0,60.0,60.0,60.550713,60.550713,60.550713
201613S,2016021603,63.0,70.0,80.0,108.0,63.0,63.0,63.0,49.604004,49.604004,49.604004
201613S,2016021606,65.0,75.0,85.0,110.0,65.0,65.0,65.0,51.209126,51.209126,51.209126
201613S,2016021609,70.0,80.0,95.0,115.0,70.0,70.0,70.0,72.68589,72.68589,72.68589
201613S,2016021612,75.0,85.0,105.0,120.0,75.0,75.0,75.0,58.91016,58.91016,58.91016
201613S,2016021615,80.0,95.0,108.0,125.0,80.0,80.0,80.0,55.964066,55.964066,55.964066
201613S,2016021618,85.0,105.0,110.0,130.0,85.0,85.0,85.0,52.013012,52.013012,52.013012
201613S,2016021621,95.0,108.0,115.0,123.0,95.0,95.0,95.0,58.571903,58.571903,58.571903
201613S,2016021700,105.0,110.0,120.0,115.0,105.0,105.0,105.0,80.15404,80.15404,80.15404
201613S,2016021703,108.0,115.0,125.0,110.0,108.0,108.0,108.0,102.42419,102.42419,102.42419
201613S,2016021706,110.0,120.0,130.0,105.0,110.0,110.0,110.0,99.524055,99.524055,99.524055
201613S,2016021709,115.0,125.0,123.0,98.0,115.0,115.0,115.0,100.96815,100.96815,100.96815
201613S,2016021712,120.0,130.0,115.0,90.0,120.0,120.0,120.0,104.41566,104.41566,104.41566
201613S,2016021715,125.0,123.0,110.0,83.0,125.0,125.0,125.0,110.02442,110.02442,110.02442
201613S,2016021718,130.0,115.0,105.0,75.0,130.0,130.0,130.0,108.46545,108.46545,108.46545
201613S,2016021721,123.0,110.0,98.0,70.0,123.0,123.0,123.0,102.66482,102.66482,102.66482
201613S,2016021800,115.0,105.0,90.0,65.0,115.0,115.0,115.0,101.11536,101.11536,101.11536
201613S,2016021803,110.0,98.0,83.0,60.0,110.0,110.0,110.0,72.700874,72.700874,72.700874
201613S,2016021806,105.0,90.0,75.0,55.0,105.0,105.0,105.0,82.43965,82.43965,82.43965
201613S,2016021809,98.0,83.0,70.0,53.0,98.0,98.0,98.0,61.256783,61.256783,61.256783
201613S,2016021812,90.0,75.0,65.0,50.0,90.0,90.0,90.0,56.65804,56.65804,56.65804
201613S,2016021815,83.0,70.0,60.0,48.0,83.0,83.0,83.0,46.681404,46.681404,46.681404
201613S,2016021818,75.0,65.0,55.0,45.0,75.0,75.0,75.0,47.979702,47.979702,47.979702
201613S,2016021821,70.0,60.0,53.0,43.0,70.0,70.0,70.0,40.89374,40.89374,40.89374
201613S,2016021900,65.0,55.0,50.0,40.0,65.0,65.0,65.0,48.73535,48.73535,48.73535
201613S,2016021903,60.0,53.0,48.0,38.0,60.0,60.0,60.0,44.285065,44.285065,44.285065
201613S,2016021906,55.0,50.0,45.0,35.0,55.0,55.0,55.0,36.59239,36.59239,36.59239
201613S,2016021909,53.0,48.0,43.0,33.0,53.0,53.0,53.0,42.760204,42.760204,42.760204
201613S,2016021912,50.0,45.0,40.0,30.0,50.0,50.0,50.0,44.337578,44.337578,44.337578
201613S,2016021915,48.0,43.0,38.0,28.0,48.0,48.0,48.0,44.177586,44.177586,44.177586
201613S,2016021918,45.0,40.0,35.0,25.0,45.0,45.0,45.0,36.084297,36.084297,36.084297
201614L,2016092900,55.0,55.0,60.0,70.0,55.0,55.0,55.0,35.72999,35.72999,35.72999
201614L,2016092903,55.0,58.0,62.0,78.0,55.0,55.0,55.0,37.07196,37.07196,37.07196
201614L,2016092906,55.0,60.0,65.0,85.0,55.0,55.0,55.0,31.316011,31.316011,31.316011
201614L,2016092909,58.0,62.0,68.0,92.0,58.0,58.0,58.0,35.55164,35.55164,35.55164
201614L,2016092912,60.0,65.0,70.0,100.0,60.0,60.0,60.0,32.900753,32.900753,32.900753
201614L,2016092915,62.0,68.0,78.0,110.0,62.0,62.0,62.0,42.63457,42.63457,42.63457
201614L,2016092918,65.0,70.0,85.0,120.0,65.0,65.0,65.0,38.927254,38.927254,38.927254
201614L,2016092921,68.0,78.0,92.0,132.0,68.0,68.0,68.0,36.532314,36.532314,36.532314
201614L,2016093000,70.0,85.0,100.0,145.0,70.0,70.0,70.0,44.366703,44.366703,44.366703
201614L,2016093003,78.0,92.0,110.0,142.0,78.0,78.0,78.0,45.55124,45.55124,45.55124
201614L,2016093006,85.0,100.0,120.0,140.0,85.0,85.0,85.0,50.330822,50.330822,50.330822
201614L,2016093009,92.0,110.0,132.0,138.0,92.0,92.0,92.0,60.342754,60.342754,60.342754
201614L,2016093012,100.0,120.0,145.0,135.0,100.0,100.0,100.0,48.710484,48.710484,48.710484
201614L,2016093015,110.0,132.0,142.0,132.0,110.0,110.0,110.0,56.180336,56.180336,56.180336
201614L,2016093018,120.0,145.0,140.0,130.0,120.0,120.0,120.0,52.212288,52.212288,52.212288
201614L,2016093021,132.0,142.0,138.0,130.0,132.0,132.0,132.0,81.56467,81.56467,81.56467
201614L,2016100100,145.0,140.0,135.0,130.0,145.0,145.0,145.0,73.83592,73.83592,73.83592
201614L,2016100103,142.0,138.0,132.0,128.0,142.0,142.0,142.0,58.668312,58.668312,58.668312
201614L,2016100106,140.0,135.0,130.0,125.0,140.0,140.0,140.0,64.14212,64.14212,64.14212
201614L,2016100109,138.0,132.0,130.0,128.0,138.0,138.0,138.0,66.53634,66.53634,66.53634
201614L,2016100112,135.0,130.0,130.0,130.0,135.0,135.0,135.0,49.388084,49.388084,49.388084
201614L,2016100115,132.0,130.0,128.0,132.0,132.0,132.0,132.0,60.55189,60.55189,60.55189
201614L,2016100118,130.0,130.0,125.0,135.0,130.0,130.0,130.0,71.11408,71.11408,71.11408
201614L,2016100121,130.0,128.0,128.0,132.0,130.0,130.0,130.0,78.88481,78.88481,78.88481
201614L,2016100200,130.0,125.0,130.0,130.0,130.0,130.0,130.0,63.26268,63.26268,63.26268
201614L,2016100203,128.0,128.0,132.0,128.0,128.0,128.0,128.0,102.860756,102.860756,102.860756
201614L,2016100206,125.0,130.0,135.0,125.0,125.0,125.0,125.0,76.775154,76.775154,76.775154
201614L,2016100209,128.0,132.0,132.0,125.0,128.0,128.0,128.0,62.86892,62.86892,62.86892
201614L,2016100212,130.0,135.0,130.0,125.0,130.0,130.0,130.0,80.97222,80.97222,80.97222
201614L,2016100215,132.0,132.0,128.0,125.0,132.0,132.0,132.0,67.27381,67.27381,67.27381
201614L,2016100218,135.0,130.0,125.0,125.0,135.0,135.0,135.0,88.58994,88.58994,88.58994
201614L,2016100221,132.0,128.0,125.0,128.0,132.0,132.0,132.0,97.834564,97.834564,97.834564
201614L,2016100300,130.0,125.0,125.0,130.0,130.0,130.0,130.0,96.34293,96.34293,96.34293
201614L,2016100303,128.0,125.0,125.0,130.0,128.0,128.0,128.0,80.41216,80.41216,80.41216
201614L,2016100306,125.0,125.0,125.0,130.0,125.0,125.0,125.0,66.90824,66.90824,66.90824
201614L,2016100309,125.0,125.0,128.0,128.0,125.0,125.0,125.0,75.73834,75.73834,75.73834
201614L,2016100312,125.0,125.0,130.0,125.0,125.0,125.0,125.0,52.523838,52.523838,52.523838
201614L,2016100315,125.0,128.0,130.0,122.0,125.0,125.0,125.0,78.64039,78.64039,78.64039
201614L,2016100318,125.0,130.0,130.0,120.0,125.0,125.0,125.0,96.732704,96.732704,96.732704
201614L,2016100321,128.0,130.0,128.0,118.0,128.0,128.0,128.0,98.85226,98.85226,98.85226
201614L,2016100400,130.0,130.0,125.0,115.0,130.0,130.0,130.0,102.56939,102.56939,102.56939
201614L,2016100403,130.0,128.0,122.0,112.0,130.0,130.0,130.0,56.01689,56.01689,56.01689
201614L,2016100406,130.0,125.0,120.0,110.0,130.0,130.0,130.0,92.5722,92.5722,92.5722
201614L,2016100409,128.0,122.0,118.0,108.0,128.0,128.0,128.0,113.92224,113.92224,113.92224
201614L,2016100412,125.0,120.0,115.0,105.0,125.0,125.0,125.0,102.03,102.03,102.03
201614L,2016100415,122.0,118.0,112.0,105.0,122.0,122.0,122.0,93.01966,93.01966,93.01966
201614L,2016100418,120.0,115.0,110.0,105.0,120.0,120.0,120.0,69.45544,69.45544,69.45544
201614L,2016100421,118.0,112.0,108.0,105.0,118.0,118.0,118.0,79.29628,79.29628,79.29628
201614L,2016100500,115.0,110.0,105.0,105.0,115.0,115.0,115.0,70.6581,70.6581,70.6581
201614L,2016100503,112.0,108.0,105.0,108.0,112.0,112.0,112.0,53.06971,53.06971,53.06971
201614L,2016100506,110.0,105.0,105.0,110.0,110.0,110.0,110.0,63.23276,63.23276,63.23276
201614L,2016100509,108.0,105.0,105.0,115.0,108.0,108.0,108.0,52.097935,52.097935,52.097935
201614L,2016100512,105.0,105.0,105.0,120.0,105.0,105.0,105.0,53.661053,53.661053,53.661053
201614L,2016100515,105.0,105.0,108.0,120.0,105.0,105.0,105.0,71.173325,71.173325,71.173325
201614L,2016100518,105.0,105.0,110.0,120.0,105.0,105.0,105.0,46.40622,46.40622,46.40622
201614L,2016100521,105.0,108.0,115.0,118.0,105.0,105.0,105.0,50.912254,50.912254,50.912254
201614L,2016100600,105.0,110.0,120.0,115.0,105.0,105.0,105.0,50.373623,50.373623,50.373623
201614L,2016100603,108.0,115.0,120.0,112.0,108.0,108.0,108.0,93.67732,93.67732,93.67732
201614L,2016100606,110.0,120.0,120.0,110.0,110.0,110.0,110.0,81.33483,81.33483,81.33483
201614L,2016100609,115.0,120.0,118.0,108.0,115.0,115.0,115.0,101.873215,101.873215,101.873215
201614L,2016100612,120.0,120.0,115.0,105.0,120.0,120.0,120.0,107.05064,107.05064,107.05064
201614L,2016100615,120.0,118.0,112.0,102.0,120.0,120.0,120.0,95.73836,95.73836,95.73836
201614L,2016100618,120.0,115.0,110.0,100.0,120.0,120.0,120.0,89.72692,89.72692,89.72692
201614L,2016100621,118.0,112.0,108.0,98.0,118.0,118.0,118.0,101.21303,101.21303,101.21303
201614L,2016100700,115.0,110.0,105.0,95.0,115.0,115.0,115.0,104.22216,104.22216,104.22216
201614L,2016100703,112.0,108.0,102.0,90.0,112.0,112.0,112.0,99.437645,99.437645,99.437645
201614L,2016100706,110.0,105.0,100.0,85.0,110.0,110.0,110.0,81.32787,81.32787,81.32787
201614L,2016100709,108.0,102.0,98.0,82.0,108.0,108.0,108.0,88.941795,88.941795,88.941795
201614L,2016100712,105.0,100.0,95.0,80.0,105.0,105.0,105.0,97.52843,97.52843,97.52843
201614L,2016100715,102.0,98.0,90.0,75.0,102.0,102.0,102.0,84.775566,84.775566,84.775566
201614L,2016100718,100.0,95.0,85.0,70.0,100.0,100.0,100.0,77.12345,77.12345,77.12345
201614L,2016100721,98.0,90.0,82.0,70.0,98.0,98.0,98.0,77.36288,77.36288,77.36288
201614L,2016100800,95.0,85.0,80.0,70.0,95.0,95.0,95.0,75.80909,75.80909,75.80909
201614L,2016100803,90.0,82.0,75.0,70.0,90.0,90.0,90.0,68.8215,68.8215,68.8215
201614L,2016100806,85.0,80.0,70.0,70.0,85.0,85.0,85.0,67.70237,67.70237,67.70237
201614L,2016100809,82.0,75.0,70.0,68.0,82.0,82.0,82.0,72.45221,72.45221,72.45221
201614L,2016100812,80.0,70.0,70.0,65.0,80.0,80.0,80.0,70.64322,70.64322,70.64322
201614L,2016100815,75.0,70.0,70.0,62.0,75.0,75.0,75.0,58.70406,58.70406,58.70406
201614L,2016100818,70.0,70.0,70.0,60.0,70.0,70.0,70.0,58.83072,58.83072,58.83072
201614L,2016100821,70.0,70.0,68.0,58.0,70.0,70.0,70.0,70.12651,70.12651,70.12651
201614L,2016100900,70.0,70.0,65.0,55.0,70.0,70.0,70.0,52.309177,52.309177,52.309177
201615S,2016031600,55.0,65.0,75.0,105.0,55.0,55.0,55.0,33.570374,33.570374,33.570374
201615S,2016031603,60.0,70.0,83.0,115.0,60.0,60.0,60.0,34.535355,34.535355,34.535355
201615S,2016031606,65.0,75.0,90.0,125.0,65.0,65.0,65.0,30.136833,30.136833,30.136833
201615S,2016031609,70.0,83.0,98.0,120.0,70.0,70.0,70.0,26.672722,26.672722,26.672722
201615S,2016031612,75.0,90.0,105.0,115.0,75.0,75.0,75.0,26.122223,26.122223,26.122223
201615S,2016031615,83.0,98.0,115.0,110.0,83.0,83.0,83.0,28.00324,28.00324,28.00324
201615S,2016031618,90.0,105.0,125.0,105.0,90.0,90.0,90.0,30.394253,30.394253,30.394253
201615S,2016031621,98.0,115.0,120.0,98.0,98.0,98.0,98.0,28.13885,28.13885,28.13885
201615S,2016031700,105.0,125.0,115.0,90.0,105.0,105.0,105.0,26.367071,26.367071,26.367071
201615S,2016031703,115.0,120.0,110.0,85.0,115.0,115.0,115.0,97.38031,97.38031,97.38031
201615S,2016031706,125.0,115.0,105.0,80.0,125.0,125.0,125.0,103.25138,103.25138,103.25138
201615S,2016031709,120.0,110.0,98.0,73.0,120.0,120.0,120.0,94.75458,94.75458,94.75458
201615S,2016031712,115.0,105.0,90.0,65.0,115.0,115.0,115.0,86.777176,86.777176,86.777176
201615S,2016031715,110.0,98.0,85.0,63.0,110.0,110.0,110.0,58.531918,58.531918,58.531918
201615S,2016031718,105.0,90.0,80.0,60.0,105.0,105.0,105.0,46.10076,46.10076,46.10076
201615S,2016031721,98.0,85.0,73.0,63.0,98.0,98.0,98.0,40.71969,40.71969,40.71969
201615S,2016031800,90.0,80.0,65.0,65.0,90.0,90.0,90.0,32.436954,32.436954,32.436954
201615S,2016031803,85.0,73.0,63.0,68.0,85.0,85.0,85.0,26.524126,26.524126,26.524126
201615S,2016031806,80.0,65.0,60.0,70.0,80.0,80.0,80.0,25.571358,25.571358,25.571358
201615S,2016031809,73.0,63.0,63.0,73.0,73.0,73.0,73.0,24.688988,24.688988,24.688988
201615S,2016031812,65.0,60.0,65.0,75.0,65.0,65.0,65.0,31.641094,31.641094,31.641094
201615S,2016031815,63.0,63.0,68.0,75.0,63.0,63.0,63.0,25.152,25.152,25.152
201615S,2016031818,60.0,65.0,70.0,75.0,60.0,60.0,60.0,32.594994,32.594994,32.594994
201615S,2016031821,63.0,68.0,73.0,70.0,63.0,63.0,63.0,32.765465,32.765465,32.765465
201615S,2016031900,65.0,70.0,75.0,65.0,65.0,65.0,65.0,38.62501,38.62501,38.62501
201615S,2016031903,68.0,73.0,75.0,60.0,68.0,68.0,68.0,37.12771,37.12771,37.12771
201615S,2016031906,70.0,75.0,75.0,55.0,70.0,70.0,70.0,50.765385,50.765385,50.765385
201615S,2016031909,73.0,75.0,70.0,53.0,73.0,73.0,73.0,36.914406,36.914406,36.914406
201615S,2016031912,75.0,75.0,65.0,50.0,75.0,75.0,75.0,41.971832,41.971832,41.971832
201615S,2016031915,75.0,70.0,60.0,48.0,75.0,75.0,75.0,31.741259,31.741259,31.741259
201615S,2016031918,75.0,65.0,55.0,45.0,75.0,75.0,75.0,44.36774,44.36774,44.36774
201615S,2016031921,70.0,60.0,53.0,43.0,70.0,70.0,70.0,30.75029,30.75029,30.75029
201615S,2016032000,65.0,55.0,50.0,40.0,65.0,65.0,65.0,34.12875,34.12875,34.12875
201615S,2016032003,60.0,53.0,48.0,38.0,60.0,60.0,60.0,30.400877,30.400877,30.400877
201615S,2016032006,55.0,50.0,45.0,35.0,55.0,55.0,55.0,30.63932,30.63932,30.63932
201615S,2016032009,53.0,48.0,43.0,30.0,53.0,53.0,53.0,27.922884,27.922884,27.922884
201615S,2016032012,50.0,45.0,40.0,25.0,50.0,50.0,50.0,29.808573,29.808573,29.808573
201616E,2016091100,30.0,35.0,40.0,55.0,30.0,30.0,30.0,35.769722,35.769722,35.769722
201616E,2016091103,33.0,38.0,43.0,60.0,33.0,33.0,33.0,33.35758,33.35758,33.35758
201616E,2016091106,35.0,40.0,45.0,65.0,35.0,35.0,35.0,41.981407,41.981407,41.981407
201616E,2016091109,38.0,43.0,50.0,73.0,38.0,38.0,38.0,41.433754,41.433754,41.433754
201616E,2016091112,40.0,45.0,55.0,80.0,40.0,40.0,40.0,42.70214,42.70214,42.70214
201616E,2016091115,43.0,50.0,60.0,88.0,43.0,43.0,43.0,45.02035,45.02035,45.02035
201616E,2016091118,45.0,55.0,65.0,95.0,45.0,45.0,45.0,42.50434,42.50434,42.50434
201616E,2016091121,50.0,60.0,73.0,95.0,50.0,50.0,50.0,48.438828,48.438828,48.438828
201616E,2016091200,55.0,65.0,80.0,95.0,55.0,55.0,55.0,62.482903,62.482903,62.482903
201616E,2016091203,60.0,73.0,88.0,93.0,60.0,60.0,60.0,54.308617,54.308617,54.308617
201616E,2016091206,65.0,80.0,95.0,90.0,65.0,65.0,65.0,68.18371,68.18371,68.18371
201616E,2016091209,73.0,88.0,95.0,88.0,73.0,73.0,73.0,53.673237,53.673237,53.673237
201616E,2016091212,80.0,95.0,95.0,85.0,80.0,80.0,80.0,58.669106,58.669106,58.669106
201616E,2016091215,88.0,95.0,93.0,83.0,88.0,88.0,88.0,59.27414,59.27414,59.27414
201616E,2016091218,95.0,95.0,90.0,80.0,95.0,95.0,95.0,79.238,79.238,79.238
201616E,2016091221,95.0,93.0,88.0,78.0,95.0,95.0,95.0,72.9477,72.9477,72.9477
201616E,2016091300,95.0,90.0,85.0,75.0,95.0,95.0,95.0,62.215195,62.215195,62.215195
201616E,2016091303,93.0,88.0,83.0,73.0,93.0,93.0,93.0,73.10075,73.10075,73.10075
201616E,2016091306,90.0,85.0,80.0,70.0,90.0,90.0,90.0,71.27116,71.27116,71.27116
201616E,2016091309,88.0,83.0,78.0,70.0,88.0,88.0,88.0,63.064564,63.064564,63.064564
201616E,2016091312,85.0,80.0,75.0,70.0,85.0,85.0,85.0,66.84396,66.84396,66.84396
201616E,2016091315,83.0,78.0,73.0,68.0,83.0,83.0,83.0,63.593616,63.593616,63.593616
201616E,2016091318,80.0,75.0,70.0,65.0,80.0,80.0,80.0,51.640495,51.640495,51.640495
201616E,2016091321,78.0,73.0,70.0,63.0,78.0,78.0,78.0,61.119995,61.119995,61.119995
201616E,2016091400,75.0,70.0,70.0,60.0,75.0,75.0,75.0,58.73879,58.73879,58.73879
201616E,2016091403,73.0,70.0,68.0,60.0,73.0,73.0,73.0,51.39557,51.39557,51.39557
201616E,2016091406,70.0,70.0,65.0,60.0,70.0,70.0,70.0,44.178413,44.178413,44.178413
201616E,2016091409,70.0,68.0,63.0,65.0,70.0,70.0,70.0,41.783455,41.783455,41.783455
201616E,2016091412,70.0,65.0,60.0,70.0,70.0,70.0,70.0,43.82465,43.82465,43.82465
201616E,2016091415,68.0,63.0,60.0,68.0,68.0,68.0,68.0,38.29221,38.29221,38.29221
201616E,2016091418,65.0,60.0,60.0,65.0,65.0,65.0,65.0,44.727566,44.727566,44.727566
201616E,2016091421,63.0,60.0,65.0,60.0,63.0,63.0,63.0,48.888733,48.888733,48.888733
201616E,2016091500,60.0,60.0,70.0,55.0,60.0,60.0,60.0,52.57894,52.57894,52.57894
201616E,2016091503,60.0,65.0,68.0,50.0,60.0,60.0,60.0,50.237434,50.237434,50.237434
201616E,2016091506,60.0,70.0,65.0,45.0,60.0,60.0,60.0,44.463688,44.463688,44.463688
201616E,2016091509,65.0,68.0,60.0,43.0,65.0,65.0,65.0,47.398426,47.398426,47.398426
201616E,2016091512,70.0,65.0,55.0,40.0,70.0,70.0,70.0,39.35087,39.35087,39.35087
201616E,2016091515,68.0,60.0,50.0,38.0,68.0,68.0,68.0,40.392677,40.392677,40.392677
201616E,2016091518,65.0,55.0,45.0,35.0,65.0,65.0,65.0,40.494545,40.494545,40.494545
201616E,2016091521,60.0,50.0,43.0,33.0,60.0,60.0,60.0,33.78619,33.78619,33.78619
201616E,2016091600,55.0,45.0,40.0,30.0,55.0,55.0,55.0,33.277092,33.277092,33.277092
201616E,2016091603,50.0,43.0,38.0,30.0,50.0,50.0,50.0,36.174877,36.174877,36.174877
201616E,2016091606,45.0,40.0,35.0,30.0,45.0,45.0,45.0,38.223343,38.223343,38.223343
201617W,2016091000,20.0,25.0,25.0,35.0,20.0,20.0,20.0,43.992123,43.992123,43.992123
201617W,2016091003,23.0,25.0,28.0,35.0,23.0,23.0,23.0,30.900717,30.900717,30.900717
201617W,2016091006,25.0,25.0,30.0,35.0,25.0,25.0,25.0,37.089806,37.089806,37.089806
201617W,2016091009,25.0,28.0,33.0,33.0,25.0,25.0,25.0,33.72957,33.72957,33.72957
201617W,2016091012,25.0,30.0,35.0,30.0,25.0,25.0,25.0,37.103294,37.103294,37.103294
201617W,2016091015,28.0,33.0,35.0,30.0,28.0,28.0,28.0,35.91788,35.91788,35.91788
201617W,2016091018,30.0,35.0,35.0,30.0,30.0,30.0,30.0,40.28189,40.28189,40.28189
201617W,2016091021,33.0,35.0,33.0,30.0,33.0,33.0,33.0,42.220158,42.220158,42.220158
201617W,2016091100,35.0,35.0,30.0,30.0,35.0,35.0,35.0,45.097775,45.097775,45.097775
201617W,2016091103,35.0,33.0,30.0,30.0,35.0,35.0,35.0,35.69043,35.69043,35.69043
201617W,2016091106,35.0,30.0,30.0,30.0,35.0,35.0,35.0,36.31979,36.31979,36.31979
201621E,2016111318,35.0,35.0,30.0,30.0,35.0,35.0,35.0,30.587008,30.587008,30.587008
201621E,2016111321,35.0,33.0,30.0,28.0,35.0,35.0,35.0,44.336304,44.336304,44.336304
201621E,2016111400,35.0,30.0,30.0,25.0,35.0,35.0,35.0,35.001385,35.001385,35.001385
201621E,2016111403,33.0,30.0,30.0,25.0,33.0,33.0,33.0,37.133068,37.133068,37.133068
201621E,2016111406,30.0,30.0,30.0,25.0,30.0,30.0,30.0,32.654003,32.654003,32.654003
201621E,2016111409,30.0,30.0,28.0,25.0,30.0,30.0,30.0,29.387829,29.387829,29.387829
201621E,2016111412,30.0,30.0,25.0,25.0,30.0,30.0,30.0,31.943844,31.943844,31.943844
201621E,2016111415,30.0,28.0,25.0,25.0,30.0,30.0,30.0,27.937265,27.937265,27.937265
201621E,2016111418,30.0,25.0,25.0,25.0,30.0,30.0,30.0,24.364922,24.364922,24.364922
201621E,2016111421,28.0,25.0,25.0,23.0,28.0,28.0,28.0,27.299486,27.299486,27.299486
201621E,2016111500,25.0,25.0,25.0,20.0,25.0,25.0,25.0,29.700378,29.700378,29.700378
201621E,2016111503,25.0,25.0,25.0,20.0,25.0,25.0,25.0,26.59618,26.59618,26.59618
201621E,2016111506,25.0,25.0,25.0,20.0,25.0,25.0,25.0,25.662651,25.662651,25.662651
201621E,2016111509,25.0,25.0,23.0,20.0,25.0,25.0,25.0,24.558193,24.558193,24.558193
201621E,2016111512,25.0,25.0,20.0,20.0,25.0,25.0,25.0,25.72062,25.72062,25.72062
201621E,2016111515,25.0,23.0,20.0,20.0,25.0,25.0,25.0,26.815262,26.815262,26.815262
201621E,2016111518,25.0,20.0,20.0,20.0,25.0,25.0,25.0,22.566736,22.566736,22.566736
201621E,2016111521,23.0,20.0,20.0,20.0,23.0,23.0,23.0,22.84627,22.84627,22.84627
201621E,2016111600,20.0,20.0,20.0,20.0,20.0,20.0,20.0,25.969593,25.969593,25.969593
201621E,2016111603,20.0,20.0,20.0,20.0,20.0,20.0,20.0,25.459387,25.459387,25.459387
201621E,2016111606,20.0,20.0,20.0,20.0,20.0,20.0,20.0,29.339325,29.339325,29.339325
201621E,2016111609,20.0,20.0,20.0,20.0,20.0,20.0,20.0,27.387112,27.387112,27.387112
201621E,2016111612,20.0,20.0,20.0,20.0,20.0,20.0,20.0,27.45453,27.45453,27.45453
201621E,2016111615,20.0,20.0,20.0,18.0,20.0,20.0,20.0,29.303783,29.303783,29.303783
201621E,2016111618,20.0,20.0,20.0,15.0,20.0,20.0,20.0,32.328915,32.328915,32.328915
201621E,2016111621,20.0,20.0,20.0,15.0,20.0,20.0,20.0,25.682716,25.682716,25.682716
201621E,2016111700,20.0,20.0,20.0,15.0,20.0,20.0,20.0,24.82834,24.82834,24.82834
201621E,2016111703,20.0,20.0,18.0,15.0,20.0,20.0,20.0,31.51955,31.51955,31.51955
201621E,2016111706,20.0,20.0,15.0,15.0,20.0,20.0,20.0,32.233353,32.233353,32.233353
201621E,2016111709,20.0,18.0,15.0,15.0,20.0,20.0,20.0,35.054523,35.054523,35.054523
201621E,2016111712,20.0,15.0,15.0,15.0,20.0,20.0,20.0,26.434122,26.434122,26.434122
201623W,2016100418,20.0,20.0,20.0,15.0,20.0,20.0,20.0,34.784298,34.784298,34.784298
201623W,2016100421,20.0,20.0,18.0,15.0,20.0,20.0,20.0,34.89511,34.89511,34.89511
201623W,2016100500,20.0,20.0,15.0,15.0,20.0,20.0,20.0,32.01537,32.01537,32.01537
201623W,2016100503,20.0,18.0,15.0,18.0,20.0,20.0,20.0,29.012093,29.012093,29.012093
201623W,2016100506,20.0,15.0,15.0,20.0,20.0,20.0,20.0,33.99732,33.99732,33.99732
201623W,2016100509,18.0,15.0,15.0,20.0,18.0,18.0,18.0,28.190521,28.190521,28.190521
201623W,2016100512,15.0,15.0,15.0,20.0,15.0,15.0,15.0,27.623552,27.623552,27.623552
201623W,2016100515,15.0,15.0,18.0,20.0,15.0,15.0,15.0,23.803139,23.803139,23.803139
201623W,2016100518,15.0,15.0,20.0,20.0,15.0,15.0,15.0,26.132423,26.132423,26.132423
201623W,2016100521,15.0,18.0,20.0,23.0,15.0,15.0,15.0,24.15363,24.15363,24.15363
201623W,2016100600,15.0,20.0,20.0,25.0,15.0,15.0,15.0,21.81596,21.81596,21.81596
201623W,2016100603,18.0,20.0,20.0,25.0,18.0,18.0,18.0,26.243876,26.243876,26.243876
201623W,2016100606,20.0,20.0,20.0,25.0,20.0,20.0,20.0,29.704258,29.704258,29.704258
201623W,2016100609,20.0,20.0,23.0,25.0,20.0,20.0,20.0,29.949001,29.949001,29.949001
201623W,2016100612,20.0,20.0,25.0,25.0,20.0,20.0,20.0,24.511738,24.511738,24.511738
201623W,2016100615,20.0,23.0,25.0,25.0,20.0,20.0,20.0,28.917582,28.917582,28.917582
201623W,2016100618,20.0,25.0,25.0,25.0,20.0,20.0,20.0,25.740131,25.740131,25.740131
201623W,2016100621,23.0,25.0,25.0,25.0,23.0,23.0,23.0,26.395245,26.395245,26.395245
201623W,2016100700,25.0,25.0,25.0,25.0,25.0,25.0,25.0,27.718945,27.718945,27.718945
201623W,2016100703,25.0,25.0,25.0,28.0,25.0,25.0,25.0,25.960516,25.960516,25.960516
201623W,2016100706,25.0,25.0,25.0,30.0,25.0,25.0,25.0,29.516878,29.516878,29.516878
201623W,2016100709,25.0,25.0,25.0,30.0,25.0,25.0,25.0,26.379576,26.379576,26.379576
201623W,2016100712,25.0,25.0,25.0,30.0,25.0,25.0,25.0,25.583937,25.583937,25.583937
201623W,2016100715,25.0,25.0,28.0,35.0,25.0,25.0,25.0,29.107527,29.107527,29.107527
201623W,2016100718,25.0,25.0,30.0,40.0,25.0,25.0,25.0,31.899384,31.899384,31.899384
201623W,2016100721,25.0,28.0,30.0,43.0,25.0,25.0,25.0,27.282019,27.282019,27.282019
201623W,2016100800,25.0,30.0,30.0,45.0,25.0,25.0,25.0,29.149176,29.149176,29.149176
201623W,2016100803,28.0,30.0,35.0,48.0,28.0,28.0,28.0,32.602516,32.602516,32.602516
201623W,2016100806,30.0,30.0,40.0,50.0,30.0,30.0,30.0,42.744987,42.744987,42.744987
201623W,2016100809,30.0,35.0,43.0,53.0,30.0,30.0,30.0,38.107635,38.107635,38.107635
201623W,2016100812,30.0,40.0,45.0,55.0,30.0,30.0,30.0,36.675053,36.675053,36.675053
201623W,2016100815,35.0,43.0,48.0,58.0,35.0,35.0,35.0,33.471664,33.471664,33.471664
201623W,2016100818,40.0,45.0,50.0,60.0,40.0,40.0,40.0,42.18242,42.18242,42.18242
201623W,2016100821,43.0,48.0,53.0,65.0,43.0,43.0,43.0,34.326824,34.326824,34.326824
201623W,2016100900,45.0,50.0,55.0,70.0,45.0,45.0,45.0,35.596874,35.596874,35.596874
201623W,2016100903,48.0,53.0,58.0,83.0,48.0,48.0,48.0,34.901974,34.901974,34.901974
201623W,2016100906,50.0,55.0,60.0,95.0,50.0,50.0,50.0,41.384895,41.384895,41.384895
201623W,2016100909,53.0,58.0,65.0,103.0,53.0,53.0,53.0,45.460567,45.460567,45.460567
201623W,2016100912,55.0,60.0,70.0,110.0,55.0,55.0,55.0,35.13499,35.13499,35.13499
201623W,2016100915,58.0,65.0,83.0,113.0,58.0,58.0,58.0,49.618893,49.618893,49.618893
201623W,2016100918,60.0,70.0,95.0,115.0,60.0,60.0,60.0,43.17419,43.17419,43.17419
201623W,2016100921,65.0,83.0,103.0,110.0,65.0,65.0,65.0,47.77072,47.77072,47.77072
201623W,2016101000,70.0,95.0,110.0,105.0,70.0,70.0,70.0,47.668655,47.668655,47.668655
201623W,2016101003,83.0,103.0,113.0,103.0,83.0,83.0,83.0,78.50732,78.50732,78.50732
201623W,2016101006,95.0,110.0,115.0,100.0,95.0,95.0,95.0,96.35495,96.35495,96.35495
201623W,2016101009,103.0,113.0,110.0,108.0,103.0,103.0,103.0,95.805565,95.805565,95.805565
201623W,2016101012,110.0,115.0,105.0,115.0,110.0,110.0,110.0,91.30839,91.30839,91.30839
201623W,2016101015,113.0,110.0,103.0,123.0,113.0,113.0,113.0,67.29078,67.29078,67.29078
201623W,2016101018,115.0,105.0,100.0,130.0,115.0,115.0,115.0,90.01377,90.01377,90.01377
201623W,2016101021,110.0,103.0,108.0,128.0,110.0,110.0,110.0,55.73614,55.73614,55.73614
201623W,2016101100,105.0,100.0,115.0,125.0,105.0,105.0,105.0,53.355576,53.355576,53.355576
201623W,2016101103,103.0,108.0,123.0,123.0,103.0,103.0,103.0,61.36127,61.36127,61.36127
201623W,2016101106,100.0,115.0,130.0,120.0,100.0,100.0,100.0,92.464485,92.464485,92.464485
201623W,2016101109,108.0,123.0,128.0,110.0,108.0,108.0,108.0,106.59831,106.59831,106.59831
201623W,2016101112,115.0,130.0,125.0,100.0,115.0,115.0,115.0,107.87969,107.87969,107.87969
201623W,2016101115,123.0,128.0,123.0,93.0,123.0,123.0,123.0,107.217804,107.217804,107.217804
201623W,2016101118,130.0,125.0,120.0,85.0,130.0,130.0,130.0,111.05726,111.05726,111.05726
201623W,2016101121,128.0,123.0,110.0,75.0,128.0,128.0,128.0,105.28961,105.28961,105.28961
201623W,2016101200,125.0,120.0,100.0,65.0,125.0,125.0,125.0,102.70391,102.70391,102.70391
201623W,2016101203,123.0,110.0,93.0,60.0,123.0,123.0,123.0,96.61365,96.61365,96.61365
201623W,2016101206,120.0,100.0,85.0,55.0,120.0,120.0,120.0,100.03493,100.03493,100.03493
201628W,2016111012,20.0,25.0,25.0,20.0,20.0,20.0,20.0,25.874298,25.874298,25.874298
201628W,2016111015,23.0,25.0,23.0,20.0,23.0,23.0,23.0,27.871614,27.871614,27.871614
201628W,2016111018,25.0,25.0,20.0,20.0,25.0,25.0,25.0,25.760761,25.760761,25.760761
